date,realised_temp,issue_date,forecast_temp,HDD,forecast_error,abs_forecast_error,gasInStorage,workingGasVolume,full,trend,issue_date_price,log_vol_lag1,log_vol_lag5,log_vol_lag22,future_log_vol_5d,daily_rv,log_daily_rv,month_2,month_3,month_4,month_5,month_6,month_7,month_8,month_9,month_10,month_11,month_12,actual_date_price,GPRD
2022-02-07,6.075,2022-02-04,5.53125,1.1829365620076187,0.5821562237711072,0.5437500000000002,402.0459,1116.6739,-1.6834028636531424,-0.34,82.6520004272461,0.40187035268043414,0.8682463069712609,0.9944375235925756,-6.837862088397115,0.0008897558833757,-7.024563420080022,1.0,0.0,0.0,0.0,0.0,0.0,0.0,0.0,0.0,0.0,0.0,79.59500122070312,-0.6025207958072796
2022-02-08,8.299999999999999,2022-02-05,7.300000000000001,0.7509883478498863,1.228568236166865,0.9999999999999982,399.3311,1116.6739,-1.695401386072343,-0.24,82.6520004272461,0.40187035268043414,0.8682463069712609,0.9944375235925756,-6.837862088397115,0.0008897558833757,-7.024563420080022,1.0,0.0,0.0,0.0,0.0,0.0,0.0,0.0,0.0,0.0,0.0,77.30000305175781,-1.335781079020176
2022-02-09,8.525,2022-02-06,7.887499999999999,0.7073081913620258,0.7149806098798265,0.6375000000000011,396.8214,1116.6739,-1.7064000316232764,-0.22,82.6520004272461,0.40187035268043414,0.8682463069712609,0.9944375235925756,-6.837862088397115,0.0008897558833757,-7.024563420080022,1.0,0.0,0.0,0.0,0.0,0.0,0.0,0.0,0.0,0.0,0.0,74.41699981689453,-0.8358942435797131
2022-02-10,6.65,2022-02-07,6.015625,1.0713094954275304,0.7105531303428682,0.6343750000000004,392.4174,1116.6749,-1.7263975689886102,-0.39,79.59500122070312,0.2598847298003813,0.9038473866208928,0.9171479284395724,-6.771390325376466,0.001420365401619,-6.556841114683529,1.0,0.0,0.0,0.0,0.0,0.0,0.0,0.0,0.0,0.0,0.0,74.35299682617188,1.0685680112953455
2022-02-11,5.1,2022-02-08,4.35625,1.372217240121681,0.8655149141363712,0.7437499999999995,388.3226,1116.6749,-1.7448952910515438,-0.37,77.30000305175781,0.4253684599431375,0.6471819949035081,0.9214419539184064,-5.435501937141539,0.0008559894318861,-7.063252526657879,1.0,0.0,0.0,0.0,0.0,0.0,0.0,0.0,0.0,0.0,0.0,77.4260025024414,0.46964889747561406
2022-02-14,8.75,2022-02-11,8.314583333333333,0.6636280348741654,0.42867026648992196,0.4354166666666668,375.1295,1116.6749,-1.8038880262792787,-0.42,77.4260025024414,-2.2491757006872803,-0.31880284176289675,0.8214392816916726,-5.330237315361621,0.0016401442738304,-6.412971068557784,1.0,0.0,0.0,0.0,0.0,0.0,0.0,0.0,0.0,0.0,0.0,80.77100372314453,0.8099735542095193
2022-02-15,7.5,2022-02-12,6.8125,0.9062955709178351,0.7858202824711411,0.6875,371.3088,1116.6749,-1.8208859330398126,-0.34,77.4260025024414,-2.2491757006872803,-0.31880284176289675,0.8214392816916726,-5.330237315361621,0.0016401442738304,-6.412971068557784,1.0,0.0,0.0,0.0,0.0,0.0,0.0,0.0,0.0,0.0,0.0,70.91899871826172,0.039559830023060655
2022-02-16,10.775,2022-02-13,10.008333333333333,0.2705066264834204,0.897983097407393,0.7666666666666675,368.3807,1116.6749,-1.8338843323272795,-0.26,77.4260025024414,-2.2491757006872803,-0.31880284176289675,0.8214392816916726,-5.330237315361621,0.0016401442738304,-6.412971068557784,1.0,0.0,0.0,0.0,0.0,0.0,0.0,0.0,0.0,0.0,0.0,69.79499816894531,-0.18823429069574102
2022-02-17,10.475,2022-02-14,9.16875,0.3287468351339013,1.66246123078868,1.3062500000000004,364.4237,1116.6725,-1.85188211595608,-0.35,80.77100372314453,0.4762707829968054,-0.19590451099573664,0.7846921619198773,-5.163977233095225,0.0017888976878149,-6.326155665126735,1.0,0.0,0.0,0.0,0.0,0.0,0.0,0.0,0.0,0.0,0.0,74.91400146484375,1.0153821306080115
2022-02-18,9.3,2022-02-15,8.529166666666667,0.5568543190149506,0.903886403456669,0.7708333333333339,360.3072,1116.6725,-1.8698798995848804,-0.37,70.91899871826172,0.5069867369461035,-0.14171749107905232,0.7806466592124908,-5.36688442502232,0.0169207215017247,-4.079216283708195,1.0,0.0,0.0,0.0,0.0,0.0,0.0,0.0,0.0,0.0,0.0,73.76200103759766,1.6209891285441596
2022-02-22,7.75,2022-02-19,7.731249999999999,0.8577620637091011,-0.1616603384377124,0.0187500000000007,349.2588,1116.6725,-1.9193738045640818,-0.22,73.76200103759766,0.8713217799879716,1.0789125217074995,0.7191865854664039,-2.766845004421275,0.0002401601264817,-8.3342046592591,1.0,0.0,0.0,0.0,0.0,0.0,0.0,0.0,0.0,0.0,0.0,79.78900146484375,0.17270102585835437
2022-02-23,8.25,2022-02-20,7.373958333333332,0.7606950492916332,1.0529448812008972,0.8760416666666675,347.3623,1116.6725,-1.9278727579443489,-0.17,73.76200103759766,0.8713217799879716,1.0789125217074995,0.7191865854664039,-2.766845004421275,0.0002401601264817,-8.3342046592591,1.0,0.0,0.0,0.0,0.0,0.0,0.0,0.0,0.0,0.0,0.0,88.89099884033203,-0.7539952558958383
2022-02-24,7.375,2022-02-21,6.705208333333333,0.9305623245222021,0.7607312317617169,0.6697916666666668,343.7363,1116.6725,-1.9443707262707493,-0.32,73.76200103759766,0.8713217799879716,1.0789125217074995,0.7191865854664039,-2.766845004421275,0.0002401601264817,-8.3342046592591,1.0,0.0,0.0,0.0,0.0,0.0,0.0,0.0,0.0,0.0,0.0,134.3159942626953,0.37156017901810023
2022-02-25,5.45,2022-02-22,4.7125,1.3042703300294536,0.8566599550624571,0.7374999999999998,340.0494,1116.6725,-1.9608686945971494,-0.33,79.78900146484375,-0.20347636054662682,1.033093937232319,0.7074871776414896,-2.6525177885788978,0.0061688396042246,-5.088244529218321,1.0,0.0,0.0,0.0,0.0,0.0,0.0,0.0,0.0,0.0,0.0,94.4219970703125,2.4416373043325295
2022-02-28,5.625,2022-02-25,5.677083333333333,1.2702968749833397,-0.2620165412754109,0.052083333333333,331.4167,1116.6725,-1.9993639540254173,-0.25,94.4219970703125,2.1191096999461134,2.7272291154007613,1.7174995866598877,-3.357243898962723,0.1242006487548793,-2.085856886019112,1.0,0.0,0.0,0.0,0.0,0.0,0.0,0.0,0.0,0.0,0.0,98.59500122070312,6.293798895405305
2022-03-01,5.875,2022-02-26,5.919791666666667,1.2217633677746058,-0.25168575568917784,0.0447916666666667,329.5142,1116.6725,-2.0078629074056837,-0.17,94.4219970703125,2.1191096999461134,2.7272291154007613,1.7174995866598877,-3.357243898962723,0.1242006487548793,-2.085856886019112,1.0,0.0,0.0,0.0,0.0,0.0,0.0,0.0,0.0,0.0,0.0,121.67400360107422,4.382846877274698
2022-03-02,7.15,2022-02-27,6.332291666666666,0.9742424810100625,0.9702985965110267,0.817708333333333,327.7781,1116.6725,-2.0158619223518177,-0.16,94.4219970703125,2.1191096999461134,2.7272291154007613,1.7174995866598877,-3.357243898962723,0.1242006487548793,-2.085856886019112,1.0,0.0,0.0,0.0,0.0,0.0,0.0,0.0,0.0,0.0,0.0,165.54299926757812,1.1816567410282388
2022-03-03,7.25,2022-02-28,6.538541666666667,0.954829078126569,0.8197642922544794,0.7114583333333329,323.9264,1116.671,-2.0328598291123514,-0.34,98.59500122070312,2.0072368870681196,3.118503059916741,2.103006302134476,-3.2205334960675374,0.0018702594980524,-6.281678088196493,1.0,0.0,0.0,0.0,0.0,0.0,0.0,0.0,0.0,0.0,0.0,160.822998046875,5.262999174554259
2022-03-04,6.55,2022-03-01,5.398958333333334,1.090722898311024,1.4425630804531344,1.151041666666666,320.018,1116.671,-2.0503576743070187,-0.35,121.67400360107422,0.5227232439572208,3.122741990708052,2.1068443349656607,-3.4500988782178874,0.0442365231364292,-3.118204515782589,0.0,1.0,0.0,0.0,0.0,0.0,0.0,0.0,0.0,0.0,0.0,192.5500030517578,6.700030681327051
2022-03-07,3.0,2022-03-04,4.127083333333333,1.7798987006750462,-1.78506950198871,1.1270833333333332,309.9788,1116.671,-2.0953521333790195,-0.27,192.5500030517578,0.2381526130250533,2.9865353882336785,2.393007117847963,-3.334936051439157,0.0324185451414332,-3.4290246389920456,0.0,1.0,0.0,0.0,0.0,0.0,0.0,0.0,0.0,0.0,0.0,227.2010040283203,3.5924251833899734
2022-03-08,5.125,2022-03-05,5.051041666666666,1.3673638894008076,-0.08344153328480151,0.0739583333333335,307.9094,1116.671,-2.104850963627553,-0.19,192.5500030517578,0.2381526130250533,2.9865353882336785,2.393007117847963,-3.334936051439157,0.0324185451414332,-3.4290246389920456,0.0,1.0,0.0,0.0,0.0,0.0,0.0,0.0,0.0,0.0,0.0,214.5540008544922,3.1410099091937576
2022-03-09,7.7,2022-03-06,7.305208333333333,0.8674687651508481,0.37111303250947825,0.3947916666666673,305.5945,1116.671,-2.11484973231022,-0.21,192.5500030517578,0.2381526130250533,2.9865353882336785,2.393007117847963,-3.334936051439157,0.0324185451414332,-3.4290246389920456,0.0,1.0,0.0,0.0,0.0,0.0,0.0,0.0,0.0,0.0,0.0,155.8800048828125,1.1088643526129043
2022-03-10,9.7,2022-03-07,9.38125,0.47920070748097654,0.26337769711018333,0.3187499999999996,301.3755,1116.671,-2.133847392807288,-0.38,227.2010040283203,1.532013859633064,2.6414555736866223,2.4314742680534125,-3.3858452067458757,0.0273833755170038,-3.597819182644583,0.0,1.0,0.0,0.0,0.0,0.0,0.0,0.0,0.0,0.0,0.0,126.39900207519533,3.7918108359014355
2022-03-11,9.825,2022-03-08,9.351041666666667,0.45493395387660956,0.48327584744572627,0.4739583333333321,297.842,1116.671,-2.1498454226995545,-0.32,214.5540008544922,1.4722930586597447,2.7529003283894293,2.4784662617889377,-3.40503409838725,0.0032802706471841,-5.71982934529996,0.0,1.0,0.0,0.0,0.0,0.0,0.0,0.0,0.0,0.0,0.0,131.22900390625,3.625527027900465
2022-03-14,9.675,2022-03-11,8.920833333333334,0.48405405820184966,0.8802731792595624,0.7541666666666664,292.9763,1116.671,-2.1713427753672887,-0.1,131.22900390625,1.639686562116051,2.7905103555702735,2.696358583332969,-5.020080812427804,0.0014062748798723,-6.566810999103303,0.0,1.0,0.0,0.0,0.0,0.0,0.0,0.0,0.0,0.0,0.0,114.52200317382812,4.574093416578469
2022-03-15,9.025,2022-03-12,8.600000000000001,0.610241176944558,0.4139120013667293,0.4249999999999989,292.9924,1116.671,-2.1713427753672887,0.0,131.22900390625,1.639686562116051,2.7905103555702735,2.696358583332969,-5.020080812427804,0.0014062748798723,-6.566810999103303,0.0,1.0,0.0,0.0,0.0,0.0,0.0,0.0,0.0,0.0,0.0,115.43900299072266,2.755586033911648
2022-03-16,10.775,2022-03-13,11.35,0.2705066264834204,-1.002881450459595,0.5750000000000011,292.9607,1116.671,-2.1713427753672887,-0.0,131.22900390625,1.639686562116051,2.7905103555702735,2.696358583332969,-5.020080812427804,0.0014062748798723,-6.566810999103303,0.0,1.0,0.0,0.0,0.0,0.0,0.0,0.0,0.0,0.0,0.0,102.6230010986328,0.8382660583245193
2022-03-17,9.2,2022-03-14,9.326041666666669,0.5762677218984444,-0.3668002236500678,0.1260416666666675,290.9945,1116.67,-2.1803416671816884,-0.18,114.52200317382812,0.4218410385568991,2.6596406754971813,2.6970913644712535,-5.424982807806083,0.0185441607437725,-3.98760032413216,0.0,1.0,0.0,0.0,0.0,0.0,0.0,0.0,0.0,0.0,0.0,105.08799743652344,3.5930048795600404
2022-03-18,9.2,2022-03-15,8.31875,0.5762677218984444,1.060324013762491,0.8812499999999996,289.226,1116.6785,-2.1883406821278224,-0.16,115.43900299072266,1.3343855086274956,2.6181401151511317,2.719575886760375,-5.399654617723604,6.360550319863491e-05,-9.66281054735922,0.0,1.0,0.0,0.0,0.0,0.0,0.0,0.0,0.0,0.0,0.0,105.04399871826172,2.9702506081199367
2022-03-21,10.825,2022-03-18,10.417708333333334,0.2607999250416738,0.38882295065730504,0.4072916666666657,286.4804,1116.6785,-2.200839142981156,-0.06,105.04399871826172,0.09820770872553511,1.3199246232849084,2.733813922097415,-4.633012892684399,1.753701534573483e-07,-15.55636123200824,0.0,1.0,0.0,0.0,0.0,0.0,0.0,0.0,0.0,0.0,0.0,96.302001953125,2.5374562090126496
2022-03-22,12.775,2022-03-19,11.635416666666666,-0.11776143118645113,1.426328988817627,1.1395833333333345,285.4293,1116.6785,-2.205338588888356,-0.09,105.04399871826172,0.09820770872553511,1.3199246232849084,2.733813922097415,-4.633012892684399,1.753701534573483e-07,-15.55636123200824,0.0,1.0,0.0,0.0,0.0,0.0,0.0,0.0,0.0,0.0,0.0,98.74700164794922,0.7547562510943174
2022-03-23,13.0,2022-03-20,11.75,-0.1614415876743116,1.5827665991234487,1.25,287.6582,1116.6785,-2.195339820205689,0.2,105.04399871826172,0.09820770872553511,1.3199246232849084,2.733813922097415,-4.633012892684399,1.753701534573483e-07,-15.55636123200824,0.0,1.0,0.0,0.0,0.0,0.0,0.0,0.0,0.0,0.0,0.0,117.0009994506836,0.019547882992581787
2022-03-24,13.175,2022-03-21,12.0,-0.1954150427204255,1.4765070902364754,1.1750000000000007,287.0232,1116.6766,-2.198339450810489,-0.06,96.302001953125,-2.758730611934981,1.2859299662171826,2.7119128131386163,-4.797931328969421,0.0075499052046166,-4.886220271347493,0.0,1.0,0.0,0.0,0.0,0.0,0.0,0.0,0.0,0.0,0.0,111.60800170898438,1.5994603264408895
2022-03-25,12.225,2022-03-22,11.830208333333331,-0.010987715327236325,0.3711130325094769,0.3947916666666664,287.0366,1116.6766,-2.198339450810489,0.0,98.74700164794922,1.016446896057331,0.9558584969069389,2.721418598870231,-4.740552792409228,0.0006286018223441,-7.372012532962021,0.0,1.0,0.0,0.0,0.0,0.0,0.0,0.0,0.0,0.0,0.0,101.2689971923828,1.8780868658015237
2022-03-28,13.25,2022-03-25,13.458333333333334,-0.20997509488304555,-0.4833905181232753,0.2083333333333339,290.2077,1116.6766,-2.1838412362206223,0.12,101.2689971923828,0.584469787176389,1.4253085184438066,2.7472512480886033,-5.167037749486044,0.0094502569936379,-4.661713342646485,0.0,1.0,0.0,0.0,0.0,0.0,0.0,0.0,0.0,0.0,0.0,102.54499816894533,3.603328045319279
2022-03-29,11.65,2022-03-26,12.189583333333331,0.1006393512528516,-0.9527033490407438,0.5395833333333329,292.6377,1115.6069,-2.171842713801422,0.22,101.2689971923828,0.584469787176389,1.4253085184438066,2.7472512480886033,-5.167037749486044,0.0094502569936379,-4.661713342646485,0.0,1.0,0.0,0.0,0.0,0.0,0.0,0.0,0.0,0.0,0.0,108.38099670410156,2.3708969707559184
2022-03-30,8.825,2022-03-27,6.634375,0.6490679827115453,2.915437939747583,2.190624999999999,295.2473,1116.6766,-2.1613440066846215,0.23,101.2689971923828,0.584469787176389,1.4253085184438066,2.7472512480886033,-5.167037749486044,0.0094502569936379,-4.661713342646485,0.0,1.0,0.0,0.0,0.0,0.0,0.0,0.0,0.0,0.0,0.0,118.97000122070312,0.973074502106914
2022-03-31,5.025,2022-03-28,5.129166666666666,1.3867772922843011,-0.3358078668913649,0.104166666666666,296.4385,1116.6859,-2.1558446839091547,0.11,102.54499816894533,1.0958791651103157,1.6014633013226458,2.7444495715164705,-5.152929673625945,0.0001567853024735,-8.760633182287828,0.0,1.0,0.0,0.0,0.0,0.0,0.0,0.0,0.0,0.0,0.0,125.90599822998048,2.4821414612582253
2022-04-01,2.25,2022-03-29,1.3979166666666667,1.9254992223012481,1.019000871417557,0.8520833333333333,297.5422,1116.6859,-2.150845299567821,0.1,108.38099670410156,-0.3543500345533425,1.4670236808656283,2.499291848300685,-5.261954446653969,0.0030637395896299,-5.788119020718928,0.0,1.0,0.0,0.0,0.0,0.0,0.0,0.0,0.0,0.0,0.0,112.1500015258789,1.6910257229023058
2022-04-04,5.725,2022-04-01,6.225,1.250883472099846,-0.8966219415726191,0.5,293.897,1107.3653,-2.1563446223432883,0.01,112.1500015258789,0.7139397173026644,1.0450153807737144,2.1989203642190684,-8.182689596503113,0.0133860985099536,-4.313538535078292,0.0,0.0,1.0,0.0,0.0,0.0,0.0,0.0,0.0,0.0,0.0,109.52300262451172,0.9546365842997904
2022-04-05,9.225,2022-04-02,9.370833333333334,0.571414371177571,-0.39484092738413007,0.1458333333333339,293.4023,1107.1829,-2.1583443760798215,-0.04,112.1500015258789,0.7139397173026644,1.0450153807737144,2.1989203642190684,-8.182689596503113,0.0133860985099536,-4.313538535078292,0.0,0.0,1.0,0.0,0.0,0.0,0.0,0.0,0.0,0.0,0.0,108.56400299072266,0.9546365842997904
2022-04-06,10.325,2022-04-03,9.817708333333332,0.3578669394591417,0.5305022958399395,0.5072916666666671,292.7519,1106.8083,-2.160844068250488,-0.06,112.1500015258789,0.7139397173026644,1.0450153807737144,2.1989203642190684,-8.182689596503113,0.0133860985099536,-4.313538535078292,0.0,0.0,1.0,0.0,0.0,0.0,0.0,0.0,0.0,0.0,0.0,106.79100036621094,1.7956820111767884
2022-04-07,10.25,2022-04-04,8.559375,0.37242699162176174,2.2070412138344238,1.6906250000000007,291.7666,1106.8083,-2.1653435141576884,-0.09,109.52300262451172,1.2190660758762628,1.1661323542176927,1.9910187903236694,-7.73625265850471,0.0005618169323615,-7.484334502485412,0.0,0.0,1.0,0.0,0.0,0.0,0.0,0.0,0.0,0.0,0.0,104.56400299072266,0.5451138045549241
2022-04-08,6.0,2022-04-05,5.609375,1.1974966141702388,0.365209726460201,0.390625,291.2176,1106.8083,-2.167843206328355,-0.05,108.56400299072266,0.09721420318583655,1.177633096079765,1.9902307678693552,-7.589113935564382,7.734689664390333e-05,-9.46721008977924,0.0,0.0,1.0,0.0,0.0,0.0,0.0,0.0,0.0,0.0,0.0,103.88200378417967,1.3498581203224755
2022-04-11,10.875,2022-04-08,8.967708333333333,0.2510932235999269,2.5140131283967944,1.9072916666666675,295.9217,1105.7691,-2.1453459767923544,0.15,103.88200378417967,0.014045666300347839,0.6284707453574412,1.7916740968371903,-6.031453308670571,4.281970491164914e-05,-10.05851214284012,0.0,0.0,1.0,0.0,0.0,0.0,0.0,0.0,0.0,0.0,0.0,100.13700103759766,1.4648582067670521
2022-04-12,14.5,2022-04-09,13.476041666666667,-0.45264263092671525,1.2625122459502058,1.0239583333333329,297.9926,1105.7691,-2.1358471465438207,0.19,103.88200378417967,0.014045666300347839,0.6284707453574412,1.7916740968371903,-6.031453308670571,4.281970491164914e-05,-10.05851214284012,0.0,0.0,1.0,0.0,0.0,0.0,0.0,0.0,0.0,0.0,0.0,102.21900177001952,0.8000071054331481
2022-04-13,14.45,2022-04-10,15.004166666666666,-0.4429359294849687,-0.9733649202132099,0.5541666666666654,300.3703,1105.7691,-2.125348439427021,0.22,103.88200378417967,0.014045666300347839,0.6284707453574412,1.7916740968371903,-6.031453308670571,4.281970491164914e-05,-10.05851214284012,0.0,0.0,1.0,0.0,0.0,0.0,0.0,0.0,0.0,0.0,0.0,105.3239974975586,0.3163508305673247
2022-04-14,14.3,2022-04-11,14.334375,-0.41381582515972826,-0.23692749056598536,0.0343749999999989,301.6242,1105.7681,-2.1193491782174205,0.11,100.13700103759766,-0.8135495407302545,-1.292192493362131,1.3303050068521856,-6.115266143427629,0.0013480952967766,-6.609062573310815,0.0,0.0,1.0,0.0,0.0,0.0,0.0,0.0,0.0,0.0,0.0,95.62000274658205,1.069807944612796
2022-04-18,13.625,2022-04-15,12.082291666666666,-0.2827753556961465,1.9974738490851127,1.5427083333333336,315.2153,1106.3905,-2.0588566276872857,0.43,95.62000274658205,0.2621330373547027,-0.6285084720079609,0.8746344844333725,-6.593993071574877,0.0093430121023308,-4.673126583728419,0.0,0.0,1.0,0.0,0.0,0.0,0.0,0.0,0.0,0.0,0.0,95.62000274658205,0.6333397334568719
2022-04-19,13.2,2022-04-16,12.90625,-0.20026839344129863,0.2279578608145248,0.2937499999999993,319.9148,1106.3905,-2.0373592750195515,0.42,95.62000274658205,0.2621330373547027,-0.6285084720079609,0.8746344844333725,-6.593993071574877,0.0093430121023308,-4.673126583728419,0.0,0.0,1.0,0.0,0.0,0.0,0.0,0.0,0.0,0.0,0.0,93.76799774169922,0.60457641264114
2022-04-20,12.55,2022-04-17,11.467708333333334,-0.07408127469859066,1.345158530640075,1.0822916666666664,324.7294,1106.3905,-2.0158619223518177,0.44,95.62000274658205,0.2621330373547027,-0.6285084720079609,0.8746344844333725,-6.593993071574877,0.0093430121023308,-4.673126583728419,0.0,0.0,1.0,0.0,0.0,0.0,0.0,0.0,0.0,0.0,0.0,94.2310028076172,0.35632550514214467
2022-04-21,12.825,2022-04-18,10.995833333333334,-0.12746813262819773,2.40332613997286,1.8291666666666655,329.2962,1106.39,-1.9953644465523503,0.41,95.62000274658205,1.091841073094037,0.46437194325831493,0.9598992291577354,-6.5273533629640506,0.0,-27.631021115928547,0.0,0.0,1.0,0.0,0.0,0.0,0.0,0.0,0.0,0.0,0.0,100.06099700927734,1.4510551239045681
2022-04-22,13.2,2022-04-19,11.50625,-0.20026839344129863,2.2114686933713794,1.6937499999999996,332.4172,1106.39,-1.9808662319624837,0.28,93.76799774169922,-7.030837660801018,0.461470690478264,0.829560008520697,-5.618694593275296,0.0003825313854916,-7.868699851876796,0.0,0.0,1.0,0.0,0.0,0.0,0.0,0.0,0.0,0.0,0.0,94.875,1.3677712788607261
2022-04-25,10.525,2022-04-22,9.84375,0.31904013369215467,0.7769653233972246,0.6812499999999986,341.8817,1107.537,-1.939871280363549,0.32,94.875,0.7547788138256442,0.547911765673762,0.7871149188350244,-5.611873823171913,0.0028323401305568,-5.86665200741157,0.0,0.0,1.0,0.0,0.0,0.0,0.0,0.0,0.0,0.0,0.0,92.83699798583984,1.9099408223301386
2022-04-26,9.775,2022-04-23,10.364583333333334,0.4646406553183562,-1.0235430216320611,0.5895833333333336,346.3989,1107.537,-1.9193738045640818,0.41,94.875,0.7547788138256442,0.547911765673762,0.7871149188350244,-5.611873823171913,0.0028323401305568,-5.86665200741157,0.0,0.0,1.0,0.0,0.0,0.0,0.0,0.0,0.0,0.0,0.0,103.20800018310548,0.07923521034884087
2022-04-27,11.175,2022-04-24,11.229166666666668,0.192853014949446,-0.26496819430005014,0.0541666666666671,351.0869,1107.537,-1.8983763903304811,0.42,94.875,0.7547788138256442,0.547911765673762,0.7871149188350244,-5.611873823171913,0.0028323401305568,-5.86665200741157,0.0,0.0,1.0,0.0,0.0,0.0,0.0,0.0,0.0,0.0,0.0,107.427001953125,-1.2888606773390587
2022-04-28,12.6,2022-04-25,13.088541666666666,-0.08378797614033724,-0.8803878499371088,0.4885416666666664,354.0308,1107.5477,-1.884878052608881,0.27,92.83699798583984,0.6695626466592088,0.0028947184982030913,0.8101552209114763,-5.6050712365039495,0.0004715407987443,-7.659504927833053,0.0,0.0,1.0,0.0,0.0,0.0,0.0,0.0,0.0,0.0,0.0,100.14199829101562,1.9116058330278698
2022-04-29,12.525,2022-04-26,12.066666666666666,-0.0692279239777172,0.46113844976094254,0.4583333333333339,356.3135,1107.5477,-1.874879283926214,0.21,103.20800018310548,0.035237566487598376,0.0572186457365274,0.4586536971121381,-6.467531601674468,0.0112150484174117,-4.4904987937288965,0.0,0.0,1.0,0.0,0.0,0.0,0.0,0.0,0.0,0.0,0.0,99.4499969482422,0.5047836559135536
2022-05-02,12.925,2022-04-29,11.859375,-0.14688153551169156,1.3215453064429712,1.0656250000000007,364.7967,1103.0415,-1.8298848248542128,0.3,99.4499969482422,0.8657405861577692,0.9191290303375006,0.5440604797612996,-6.753977678479002,4.808295021451016e-05,-9.942582888287673,0.0,0.0,1.0,0.0,0.0,0.0,0.0,0.0,0.0,0.0,0.0,97.0510025024414,0.3156868646709915
2022-05-03,12.95,2022-04-30,12.298958333333331,-0.15173488623256468,0.7341663545399723,0.6510416666666661,368.7328,1101.606,-1.8098872874888792,0.36,99.4499969482422,0.8657405861577692,0.9191290303375006,0.5440604797612996,-6.753977678479002,4.808295021451016e-05,-9.942582888287673,0.0,0.0,1.0,0.0,0.0,0.0,0.0,0.0,0.0,0.0,0.0,99.4260025024414,0.6333397334568719
2022-05-04,12.9,2022-05-01,12.841666666666663,-0.1420281847908181,-0.10557893096958529,0.0583333333333353,373.7964,1103.838,-1.7903896885576787,0.46,99.4499969482422,0.8657405861577692,0.9191290303375006,0.5440604797612996,-6.753977678479002,4.808295021451016e-05,-9.942582888287673,0.0,0.0,1.0,0.0,0.0,0.0,0.0,0.0,0.0,0.0,0.0,103.8209991455078,-1.0204578704323342
2022-05-05,13.4,2022-05-02,13.910416666666666,-0.23909519920828598,-0.9113802066958092,0.5104166666666661,378.1233,1103.8585,-1.770892089626478,0.39,97.0510025024414,-0.7725328835072355,0.8035070816340866,0.5015258369996689,-6.048346699868269,0.0005962550988163,-7.4248419626472115,0.0,0.0,0.0,1.0,0.0,0.0,0.0,0.0,0.0,0.0,0.0,106.50800323486328,-0.5358009236400079
2022-05-06,15.275,2022-05-03,15.2625,-0.6030965032737905,-0.17051529751162653,0.012500000000001,382.5679,1103.8585,-1.750394613827011,0.4,99.4260025024414,0.11826311895166941,0.8090524723761284,0.3765916115904576,-5.882662665008276,0.0005845290083755,-7.444704147187801,0.0,0.0,0.0,1.0,0.0,0.0,0.0,0.0,0.0,0.0,0.0,101.70800018310548,0.45475378833735636
2022-05-09,17.325,2022-05-06,16.435416666666665,-1.0010712623854088,1.0721306258610455,0.8895833333333343,396.1074,1103.8585,-1.6894021248627424,0.42,101.70800018310548,0.15037218050299078,-0.4868038046413602,0.1089230343121571,-4.9034153862290255,0.0021265162668284,-6.153270193251211,0.0,0.0,0.0,1.0,0.0,0.0,0.0,0.0,0.0,0.0,0.0,93.78700256347656,0.7250982791138895
2022-05-10,19.35,2022-05-07,17.835416666666667,-1.1321117318489904,1.9576265332524987,1.5145833333333345,401.8442,1103.8585,-1.6634053262878086,0.52,101.70800018310548,0.15037218050299078,-0.4868038046413602,0.1089230343121571,-4.9034153862290255,0.0021265162668284,-6.153270193251211,0.0,0.0,0.0,1.0,0.0,0.0,0.0,0.0,0.0,0.0,0.0,98.8010025024414,-0.5187670041041272
2022-05-11,18.775,2022-05-08,17.476041666666667,-1.1321117318489904,1.652130445202443,1.2989583333333314,407.5155,1103.8585,-1.6374085277128745,0.51,101.70800018310548,0.15037218050299078,-0.4868038046413602,0.1089230343121571,-4.9034153862290255,0.0021265162668284,-6.153270193251211,0.0,0.0,0.0,1.0,0.0,0.0,0.0,0.0,0.0,0.0,0.0,94.01200103759766,-0.5062898643682032
2022-05-12,16.1,2022-05-09,15.935416666666663,-0.7632570770626128,0.044955373286963266,0.1645833333333364,412.3347,1103.8595,-1.6159111750451405,0.44,93.78700256347656,0.5681549396239715,-0.12752290075440642,0.15314627365793151,-5.0412285853224335,0.0065739150772472,-5.0246457216441645,0.0,0.0,0.0,1.0,0.0,0.0,0.0,0.0,0.0,0.0,0.0,106.70099639892578,0.3471657090552535
2022-05-13,15.525,2022-05-10,15.691666666666666,-0.6516300104825241,-0.4243574576305127,0.1666666666666678,416.9331,1103.8595,-1.59491376081154,0.42,98.8010025024414,0.967470912664011,0.447699391453058,0.2772098805249851,-5.1222066300254125,0.0027124795692801,-5.909892091837877,0.0,0.0,0.0,1.0,0.0,0.0,0.0,0.0,0.0,0.0,0.0,96.88099670410156,0.22297425644934382
2022-05-16,18.85,2022-05-13,18.894791666666663,-1.1321117318489904,-0.25168575568917545,0.044791666666665,432.2637,1102.7513,-1.5234225647304713,0.51,96.88099670410156,1.2828293593622135,1.2053229715261962,0.5787961986984763,-6.9776779148832455,0.0093213443270117,-4.675448419483425,0.0,0.0,0.0,1.0,0.0,0.0,0.0,0.0,0.0,0.0,0.0,92.86000061035156,0.5298450747718934
2022-05-17,20.1,2022-05-14,19.329166666666666,-1.1321117318489904,0.9038864034566715,0.7708333333333357,438.4219,1102.7513,-1.4954260124190042,0.56,96.88099670410156,1.2828293593622135,1.2053229715261962,0.5787961986984763,-6.9776779148832455,0.0093213443270117,-4.675448419483425,0.0,0.0,0.0,1.0,0.0,0.0,0.0,0.0,0.0,0.0,0.0,94.1750030517578,-0.7454710872132616
2022-05-18,21.425,2022-05-15,21.53333333333333,-1.1321117318489904,-0.34171117294064846,0.1083333333333378,444.8755,1102.7513,-1.46642958323927,0.59,96.88099670410156,1.2828293593622135,1.2053229715261962,0.5787961986984763,-6.9776779148832455,0.0093213443270117,-4.675448419483425,0.0,0.0,0.0,1.0,0.0,0.0,0.0,0.0,0.0,0.0,0.0,94.53800201416016,-0.8425510547882145
2022-05-19,19.75,2022-05-16,19.83020833333333,-1.1321117318489904,-0.30186385710802893,0.0802083333333349,449.6483,1102.7713,-1.444932230571536,0.43,92.86000061035156,1.091019589839798,1.3810342854911857,0.6899229735580683,-6.764080858943416,0.0017969458472442,-6.321666806167758,0.0,0.0,0.0,1.0,0.0,0.0,0.0,0.0,0.0,0.0,0.0,91.02400207519533,0.6385172256653437
2022-05-20,17.1,2022-05-17,17.375,-0.9573911058975485,-0.5778434149116942,0.2749999999999986,454.0455,1102.7713,-1.4249346932062024,0.4,94.1750030517578,0.5085749295895708,1.2686905439578573,0.7004688633171433,-6.761764949846552,0.0001977341297702,-8.528587203486152,0.0,0.0,0.0,1.0,0.0,0.0,0.0,0.0,0.0,0.0,0.0,87.9020004272461,0.7341581447289252
2022-05-23,16.65,2022-05-20,15.783333333333331,-0.8700307929218268,1.0396624425900225,0.8666666666666654,468.4334,1102.7503,-1.3594427583347342,0.47,87.9020004272461,0.4289441721528229,0.5112098580654212,0.6013639658121762,-6.807556884606286,0.0012180566537408,-6.710498596210631,0.0,0.0,0.0,1.0,0.0,0.0,0.0,0.0,0.0,0.0,0.0,83.28800201416016,0.1857352406873831
2022-05-24,14.175,2022-05-21,14.641666666666666,-0.38954907155536095,-0.8493954931784085,0.4666666666666668,474.3776,1102.7503,-1.3324460828915332,0.54,87.9020004272461,0.4289441721528229,0.5112098580654212,0.6013639658121762,-6.807556884606286,0.0012180566537408,-6.710498596210631,0.0,0.0,0.0,1.0,0.0,0.0,0.0,0.0,0.0,0.0,0.0,84.50700378417969,-0.08696296071791494
2022-05-25,15.075,2022-05-22,15.58125,-0.5642696975068032,-0.9054769006465356,0.5062500000000014,480.2333,1102.7503,-1.305949345882466,0.53,87.9020004272461,0.4289441721528229,0.5112098580654212,0.6013639658121762,-6.807556884606286,0.0012180566537408,-6.710498596210631,0.0,0.0,0.0,1.0,0.0,0.0,0.0,0.0,0.0,0.0,0.0,88.0780029296875,-0.8872706866933259
2022-05-26,16.625,2022-05-23,17.120833333333334,-0.8651774422009537,-0.8907186355233431,0.4958333333333335,485.0387,1102.7664,-1.2844519932147322,0.44,83.28800201416016,0.3710032673618447,-0.3098807714436221,0.6166982260581356,-6.337929057124454,0.0029071568777498,-5.8405796930032645,0.0,0.0,0.0,1.0,0.0,0.0,0.0,0.0,0.0,0.0,0.0,85.97100067138672,0.3380272911290081
2022-05-27,15.175,2022-05-24,15.259375,-0.5836831003902969,-0.3077671631573025,0.0843749999999996,489.708,1102.7664,-1.2629546405469982,0.42,84.50700378417969,0.6787872309733644,-0.13575889775778052,0.6077823537091152,-5.654594989037736,0.0002111183018319,-8.463091904680068,0.0,0.0,0.0,1.0,0.0,0.0,0.0,0.0,0.0,0.0,0.0,86.875,1.5118014159625792
2022-05-31,14.6,2022-05-28,14.965625,-0.4720560338102088,-0.7062403214834563,0.3656249999999996,510.7558,1102.7664,-1.167466399627529,0.49,86.875,0.1122811749231225,-0.02217433491490361,0.43871238626863956,-5.7697617094042295,0.0001094171646267,-9.120342773276471,0.0,0.0,0.0,1.0,0.0,0.0,0.0,0.0,0.0,0.0,0.0,94.00399780273438,-0.1805727059368919
2022-06-01,14.575,2022-05-29,14.769791666666666,-0.4672026830893353,-0.46420477346312705,0.1947916666666671,515.9441,1102.7664,-1.1439692932232617,0.47,86.875,0.1122811749231225,-0.02217433491490361,0.43871238626863956,-5.7697617094042295,0.0001094171646267,-9.120342773276471,0.0,0.0,0.0,1.0,0.0,0.0,0.0,0.0,0.0,0.0,0.0,85.5510025024414,-0.871666120921547
2022-06-02,15.725,2022-05-30,16.207291666666666,-0.6904568162495115,-0.8715328908631949,0.4822916666666668,519.5383,1102.784,-1.1279712633309946,0.33,86.875,0.1122811749231225,-0.02217433491490361,0.43871238626863956,-5.7697617094042295,0.0001094171646267,-9.120342773276471,0.0,0.0,0.0,1.0,0.0,0.0,0.0,0.0,0.0,0.0,0.0,83.94499969482422,-0.22376379935583596
2022-06-03,18.55,2022-05-31,18.634375,-1.1321117318489904,-0.3077671631573,0.0843749999999978,522.7593,1102.784,-1.1134730487411277,0.29,94.00399780273438,-0.48161803994484287,-0.1712000559494233,0.41530108386385806,-6.146344599353947,0.0062200048399856,-5.079984593937841,0.0,0.0,0.0,1.0,0.0,0.0,0.0,0.0,0.0,0.0,0.0,83.10099792480469,0.9896835928457772
2022-06-06,16.275,2022-06-03,16.610416666666666,-0.797230532108726,-0.663441352626204,0.3354166666666671,535.7671,1102.7839,-1.0544803135133929,0.43,83.10099792480469,-0.06110525010598415,0.7030693880292336,0.5599684308809102,-6.622623274345041,0.0001021132145946,-9.18942840341624,0.0,0.0,0.0,0.0,1.0,0.0,0.0,0.0,0.0,0.0,0.0,82.55799865722656,0.21543025157404605
2022-06-07,16.2,2022-06-04,16.210416666666667,-0.782670479946106,-0.20298348078264947,0.0104166666666678,541.3408,1102.7839,-1.028983453372592,0.51,83.10099792480469,-0.06110525010598415,0.7030693880292336,0.5599684308809102,-6.622623274345041,0.0001021132145946,-9.18942840341624,0.0,0.0,0.0,0.0,1.0,0.0,0.0,0.0,0.0,0.0,0.0,79.60800170898438,-0.43472224569125634
2022-06-08,15.275,2022-06-05,15.358333333333334,-0.6030965032737905,-0.3062913366449848,0.0833333333333339,546.9115,1102.7839,-1.0039865316659247,0.51,83.10099792480469,-0.06110525010598415,0.7030693880292336,0.5599684308809102,-6.622623274345041,0.0001021132145946,-9.18942840341624,0.0,0.0,0.0,0.0,1.0,0.0,0.0,0.0,0.0,0.0,0.0,79.40699768066406,-0.9655135117402599
2022-06-09,16.075,2022-06-06,15.494791666666666,-0.7584037263417389,0.6338101517022748,0.5802083333333332,551.9051,1102.8015,-0.9809893636957909,0.45,82.55799865722656,-0.5060610644550815,0.6782626567857357,0.5534094228452436,-6.609929028850989,4.2976548788998304e-05,-10.054855944774378,0.0,0.0,0.0,0.0,1.0,0.0,0.0,0.0,0.0,0.0,0.0,84.87999725341797,0.9866894074390631
2022-06-10,18.375,2022-06-07,18.153125,-1.1321117318489904,0.12612583146450976,0.2218750000000007,555.7274,1102.8015,-0.963991456935257,0.35,79.60800170898438,-0.8122559498814133,0.6747986850594991,0.528123231821404,-5.172634448900511,0.0013239736408953,-6.627117729599502,0.0,0.0,0.0,0.0,1.0,0.0,0.0,0.0,0.0,0.0,0.0,82.46399688720703,0.15430636153904878
2022-06-13,16.775,2022-06-10,16.76770833333333,-0.8942975465261939,-0.17789443007322275,0.0072916666666671,563.8665,1102.8015,-0.9269960128093893,0.24,82.46399688720703,0.8288151938608798,-0.11548029735771097,0.4764882836695334,-4.220850881726847,0.0008338617944968,-7.08944288217089,0.0,0.0,0.0,0.0,1.0,0.0,0.0,0.0,0.0,0.0,0.0,83.4020004272461,-0.5736775554723896
2022-06-14,17.75,2022-06-11,17.78333333333333,-1.0835782246402565,-0.23545166405366505,0.0333333333333314,569.6185,1102.8015,-0.9009992142344555,0.52,82.46399688720703,0.8288151938608798,-0.11548029735771097,0.4764882836695334,-4.220850881726847,0.0008338617944968,-7.08944288217089,0.0,0.0,0.0,0.0,1.0,0.0,0.0,0.0,0.0,0.0,0.0,97.04000091552734,-0.4170304505489939
2022-06-15,21.075,2022-06-12,21.059375,-1.1321117318489904,-0.16608781797467068,0.015625,575.3248,1102.8015,-0.8750024156595213,0.52,82.46399688720703,0.8288151938608798,-0.11548029735771097,0.4764882836695334,-4.220850881726847,0.0008338617944968,-7.08944288217089,0.0,0.0,0.0,0.0,1.0,0.0,0.0,0.0,0.0,0.0,0.0,120.33200073242188,-0.7463734444591207
2022-06-16,21.575,2022-06-13,21.079166666666666,-1.1321117318489904,0.5142682042044291,0.4958333333333335,580.0739,1102.8069,-0.8535050629917874,0.43,83.4020004272461,0.23692987972678697,-0.020444294899766353,0.44819232066621817,-4.167688520348711,0.0001279273716266,-8.964047856432272,0.0,0.0,0.0,0.0,1.0,0.0,0.0,0.0,0.0,0.0,0.0,124.36399841308594,0.28779781119236325
2022-06-17,24.3,2022-06-14,23.99895833333333,-1.1321117318489904,0.238288646400759,0.3010416666666664,583.7135,1102.8082,-0.837007094665387,0.33,97.04000091552734,-0.4263197025696248,-0.010096091359568892,0.4116748484463619,-4.515965321061199,0.0229373990567437,-3.774986553929349,0.0,0.0,0.0,0.0,1.0,0.0,0.0,0.0,0.0,0.0,0.0,117.73799896240234,0.11089527193206469
2022-06-21,18.2,2022-06-18,18.934375,-1.1321117318489904,-1.2286829068444138,0.734375,599.6499,1103.1512,-0.7655158985843186,0.43,117.73799896240234,0.330479786762925,1.913070642524528,0.9248462883574214,-6.441328263809615,0.0029976641753077,-5.809921901484008,0.0,0.0,0.0,0.0,1.0,0.0,0.0,0.0,0.0,0.0,0.0,125.55999755859376,-0.5122556141046692
2022-06-22,20.55,2022-06-19,20.823958333333334,-1.1321117318489904,-0.5763675883993764,0.2739583333333328,604.4824,1103.1522,-0.7435186074824515,0.44,117.73799896240234,0.330479786762925,1.913070642524528,0.9248462883574214,-6.441328263809615,0.0029976641753077,-5.809921901484008,0.0,0.0,0.0,0.0,1.0,0.0,0.0,0.0,0.0,0.0,0.0,127.1709976196289,-1.1908037153934343
2022-06-23,23.65,2022-06-20,22.434375,-1.1321117318489904,1.5340643242169176,1.2156249999999993,608.0218,1103.1244,-0.7275205775901843,0.32,117.73799896240234,0.330479786762925,1.913070642524528,0.9248462883574214,-6.441328263809615,0.0029976641753077,-5.809921901484008,0.0,0.0,0.0,0.0,1.0,0.0,0.0,0.0,0.0,0.0,0.0,133.3470001220703,-0.2254116578083979
2022-06-24,20.275,2022-06-21,19.951041666666665,-1.1321117318489904,0.2707568296717796,0.3239583333333335,614.054,1111.0844,-0.7200215010781839,0.54,125.55999755859376,0.6896341921723704,1.937453052184521,0.950024706914763,-7.172002084638977,0.0041373073942798,-5.4877100903522456,0.0,0.0,0.0,0.0,1.0,0.0,0.0,0.0,0.0,0.0,0.0,128.5050048828125,-0.20836046173571637
2022-06-27,17.9,2022-06-24,18.565625,-1.1126983289654966,-1.1312783570313572,0.6656250000000021,623.7243,1110.9744,-0.6765268573085829,0.32,128.5050048828125,0.5879461807833519,0.3621687123639439,0.9838246201345516,-6.466640015053654,0.0013680309211377,-6.594382856135367,0.0,0.0,0.0,0.0,1.0,0.0,0.0,0.0,0.0,0.0,0.0,129.45899963378906,0.3225582032357398
2022-06-28,19.55,2022-06-25,19.784375,-1.1321117318489904,-0.5202861809312518,0.234375,628.502,1110.9745,-0.655029504640849,0.43,128.5050048828125,0.5879461807833519,0.3621687123639439,0.9838246201345516,-6.466640015053654,0.0013680309211377,-6.594382856135367,0.0,0.0,0.0,0.0,1.0,0.0,0.0,0.0,0.0,0.0,0.0,129.17599487304688,-0.10302417394441636
2022-06-29,21.5,2022-06-26,21.876041666666666,-1.1321117318489904,-0.7209985866066463,0.3760416666666657,633.3563,1110.9749,-0.6330322135389819,0.44,128.5050048828125,0.5879461807833519,0.3621687123639439,0.9838246201345516,-6.466640015053654,0.0013680309211377,-6.594382856135367,0.0,0.0,0.0,0.0,1.0,0.0,0.0,0.0,0.0,0.0,0.0,139.58799743652344,-0.8748187781586291
2022-06-30,18.325,2022-06-27,17.733333333333334,-1.1321117318489904,0.6500442433377827,0.591666666666665,636.6311,1110.9566,-0.6185339989491149,0.29,129.45899963378906,0.4120859045896172,0.3834920132401926,0.9705684584428345,-5.5235715696709455,5.470634515172316e-05,-9.813530837866876,0.0,0.0,0.0,0.0,1.0,0.0,0.0,0.0,0.0,0.0,0.0,144.51400756835938,0.0397586966337183
2022-07-01,16.6,2022-06-28,16.648958333333333,-0.8603240914800806,-0.25758906173845136,0.0489583333333314,640.1583,1111.1066,-0.603035907490981,0.32,129.17599487304688,-0.7268732807048832,0.1273453213261015,0.9692105747777153,-5.463333222149343,4.789313295133542e-06,-12.249123310205675,0.0,0.0,0.0,0.0,1.0,0.0,0.0,0.0,0.0,0.0,0.0,147.78399658203125,1.159968348469916
2022-07-05,18.950000000000003,2022-07-02,19.133333333333333,-1.1321117318489904,-0.4479706818276117,0.18333333333333,655.4738,1111.296,-0.5345443420147127,0.43,147.78399658203125,0.3665401357364966,0.19295877454576138,1.010063698583925,-5.332271665010456,0.0005006533378654,-7.599596634771561,0.0,0.0,0.0,0.0,0.0,1.0,0.0,0.0,0.0,0.0,0.0,165.072998046875,-1.129479280810752
2022-07-06,18.625,2022-07-03,18.95520833333333,-1.1321117318489904,-0.6560622200646051,0.3302083333333314,660.5334,1111.2961,-0.5115471740445787,0.46,147.78399658203125,0.3665401357364966,0.19295877454576138,1.010063698583925,-5.332271665010456,0.0005006533378654,-7.599596634771561,0.0,0.0,0.0,0.0,0.0,1.0,0.0,0.0,0.0,0.0,0.0,170.99899291992188,-1.6185839414962524
2022-07-07,17.825,2022-07-04,18.010416666666668,-1.0981382768028765,-0.45092233485225724,0.1854166666666685,664.6153,1111.3203,-0.4935493904157782,0.37,147.78399658203125,0.3665401357364966,0.19295877454576138,1.010063698583925,-5.332271665010456,0.0005006533378654,-7.599596634771561,0.0,0.0,0.0,0.0,0.0,1.0,0.0,0.0,0.0,0.0,0.0,183.18299865722656,-0.8002492679938051
2022-07-08,19.05,2022-07-05,18.65520833333333,-1.1321117318489904,0.3711130325094769,0.3947916666666664,668.5845,1111.3203,-0.47555160678697783,0.36,165.072998046875,0.05643357892471552,0.10671147160617128,0.9612600900700797,-5.86192946598092,0.0122403385118531,-4.403018346001535,0.0,0.0,0.0,0.0,0.0,1.0,0.0,0.0,0.0,0.0,0.0,175.21200561523438,-0.3243550055252129
2022-07-11,20.825,2022-07-08,20.47395833333333,-1.1321117318489904,0.30912831899207627,0.3510416666666671,680.3679,1111.3211,-0.42255813276884296,0.35,175.21200561523438,0.8515478961441809,0.8741493649799504,1.0359808133162591,-5.639409901417014,0.0019792661817114,-6.22502911776255,0.0,0.0,0.0,0.0,0.0,1.0,0.0,0.0,0.0,0.0,0.0,164.52000427246094,-0.31181932443077653
2022-07-12,23.7,2022-07-09,24.36145833333333,-1.1321117318489904,-1.1253750509820761,0.6614583333333321,685.6538,1111.3211,-0.39856108793044215,0.48,175.21200561523438,0.8515478961441809,0.8741493649799504,1.0359808133162591,-5.639409901417014,0.0019792661817114,-6.22502911776255,0.0,0.0,0.0,0.0,0.0,1.0,0.0,0.0,0.0,0.0,0.0,172.60899353027344,-0.9624678695980381
2022-07-13,25.375,2022-07-10,24.023958333333333,-1.1321117318489904,1.725921770818401,1.3510416666666671,690.8969,1111.3211,-0.3750639815261749,0.47,175.21200561523438,0.8515478961441809,0.8741493649799504,1.0359808133162591,-5.639409901417014,0.0019792661817114,-6.22502911776255,0.0,0.0,0.0,0.0,0.0,1.0,0.0,0.0,0.0,0.0,0.0,180.5050048828125,-1.4831646043442437
2022-07-14,21.825,2022-07-11,21.59583333333333,-1.1321117318489904,0.13645661705074397,0.2291666666666678,693.5519,1111.3313,-0.36306545910697485,0.24,164.52000427246094,0.542766083111981,0.9053138782459884,1.0514953246043228,-5.876511459503139,0.0039645322930244,-5.530367389484912,0.0,0.0,0.0,0.0,0.0,1.0,0.0,0.0,0.0,0.0,0.0,175.0330047607422,-0.272165322265642
2022-07-15,19.425,2022-07-12,19.391666666666666,-1.1321117318489904,-0.14099876726524393,0.0333333333333349,696.433,1111.3313,-0.35006705981950764,0.26,172.60899353027344,0.7885427173594082,1.0314355586978923,1.0722402252955838,-6.028786991626053,0.0023036845702779,-6.073245450348078,0.0,0.0,0.0,0.0,0.0,1.0,0.0,0.0,0.0,0.0,0.0,159.56700134277344,-0.25936589432882096
2022-07-18,27.375,2022-07-15,28.209375,-1.1321117318489904,-1.3703622520270484,0.8343750000000014,706.7668,1111.4413,-0.30407272387923967,0.33,159.56700134277344,0.2821886919371413,0.4042488646897937,1.0720019950560893,-8.259821101517863,0.0085582202967304,-4.760863019588228,0.0,0.0,0.0,0.0,0.0,1.0,0.0,0.0,0.0,0.0,0.0,157.25799560546875,1.0177665412697967
2022-07-19,30.875,2022-07-16,30.9875,-1.1321117318489904,-0.3476144789899195,0.1125000000000007,711.5183,1111.4413,-0.28257537121150617,0.43,159.56700134277344,0.2821886919371413,0.4042488646897937,1.0720019950560893,-8.259821101517863,0.0085582202967304,-4.760863019588228,0.0,0.0,0.0,0.0,0.0,1.0,0.0,0.0,0.0,0.0,0.0,154.45700073242188,-0.4391717618130895
2022-07-20,24.8,2022-07-17,25.735416666666666,-1.1321117318489904,-1.5135174237219955,0.935416666666665,716.0245,1111.4413,-0.262577833846172,0.41,159.56700134277344,0.2821886919371413,0.4042488646897937,1.0720019950560893,-8.259821101517863,0.0085582202967304,-4.760863019588228,0.0,0.0,0.0,0.0,0.0,1.0,0.0,0.0,0.0,0.0,0.0,155.03799438476562,-0.3604369904880411
2022-07-21,20.45,2022-07-18,20.116666666666667,-1.1321117318489904,0.2840392682826494,0.3333333333333321,719.3617,1111.4462,-0.24757968082217177,0.3,157.25799560546875,1.0607992508247226,0.7810599860179958,1.1352846538048111,-6.118201588367216,0.0002124645682867,-8.456735316269345,0.0,0.0,0.0,0.0,0.0,1.0,0.0,0.0,0.0,0.0,0.0,155.60000610351562,-0.013850272767789855
2022-07-22,20.5,2022-07-19,20.73229166666667,-1.1321117318489904,-0.5173345279066163,0.2322916666666685,722.1142,1111.4462,-0.2350812199688381,0.25,154.45700073242188,-0.24682864446584052,0.5877775113783711,0.9536363360507798,-5.257268624631356,0.0003229926242425,-8.037881067068664,0.0,0.0,0.0,0.0,0.0,1.0,0.0,0.0,0.0,0.0,0.0,159.86399841308594,0.35059541233930797
2022-07-25,23.9,2022-07-22,24.026041666666668,-1.1321117318489904,-0.36680022365007026,0.1260416666666692,731.8093,1111.4462,-0.19158657619923675,0.34,159.86399841308594,-1.2327807867356642,0.2371511335349275,0.3516728358907953,-5.162467781946964,0.0007308800261925,-7.221261233171536,0.0,0.0,0.0,0.0,0.0,1.0,0.0,0.0,0.0,0.0,0.0,176.61599731445312,-0.06652146180841555
2022-07-26,19.375,2022-07-23,19.7875,-1.1321117318489904,-0.7726525145378178,0.4125000000000014,736.5857,1111.4461,-0.17008922353150321,0.43,159.86399841308594,-1.2327807867356642,0.2371511335349275,0.3516728358907953,-5.162467781946964,0.0007308800261925,-7.221261233171536,0.0,0.0,0.0,0.0,0.0,1.0,0.0,0.0,0.0,0.0,0.0,199.91799926757807,-0.319958934804994
2022-07-27,18.875,2022-07-24,19.09895833333333,-1.1321117318489904,-0.5055279158080591,0.2239583333333321,741.7096,1111.4461,-0.1470920555613689,0.46,159.86399841308594,-1.2327807867356642,0.2371511335349275,0.3516728358907953,-5.162467781946964,0.0007308800261925,-7.221261233171536,0.0,0.0,0.0,0.0,0.0,1.0,0.0,0.0,0.0,0.0,0.0,205.2250061035156,-0.6565096004351438
2022-07-28,20.05,2022-07-25,21.01458333333333,-1.1321117318489904,-1.5548405660669327,0.9645833333333336,746.0328,1111.4598,-0.12759445663016836,0.39,176.61599731445312,0.1902915386146133,-1.3550692128669186,0.2919151221985703,-5.460739090360504,0.0099310044688186,-4.6120936509735495,0.0,0.0,0.0,0.0,0.0,1.0,0.0,0.0,0.0,0.0,0.0,198.92999267578125,-0.3258184151963898
2022-07-29,21.55,2022-07-26,22.570833333333333,-1.1321117318489904,-1.6345351977321612,1.020833333333332,750.0578,1111.4598,-0.10959667300136791,0.36,199.91799926757807,1.1134349916591695,0.39075448639323035,0.45385328631664107,-6.667288481148021,0.0153584985946894,-4.176086303716697,0.0,0.0,0.0,0.0,0.0,1.0,0.0,0.0,0.0,0.0,0.0,190.9149932861328,0.5099581651228655
2022-08-01,21.425,2022-07-29,21.98645833333333,-1.1321117318489904,-0.9836957057994417,0.5614583333333307,761.4913,1111.4598,-0.05810301428563318,0.34,190.9149932861328,0.2906441324947375,1.142051667801344,0.6371898254546553,-7.105026050846926,0.0016912409157526,-6.382292749223841,0.0,0.0,0.0,0.0,0.0,1.0,0.0,0.0,0.0,0.0,0.0,200.79400634765625,-0.9988609565149139
2022-08-02,23.575,2022-07-30,23.95104166666667,-1.1321117318489904,-0.7209985866066514,0.3760416666666692,766.1234,1111.4598,-0.03710560005203255,0.42,190.9149932861328,0.2906441324947375,1.142051667801344,0.6371898254546553,-7.105026050846926,0.0016912409157526,-6.382292749223841,0.0,0.0,0.0,0.0,0.0,1.0,0.0,0.0,0.0,0.0,0.0,205.1739959716797,-0.15601342527046264
2022-08-03,26.425,2022-07-31,27.021875,-1.1321117318489904,-1.0338738072182954,0.5968750000000007,770.3283,1111.4598,-0.018107939554965615,0.38,190.9149932861328,0.2906441324947375,1.142051667801344,0.6371898254546553,-7.105026050846926,0.0016912409157526,-6.382292749223841,0.0,0.0,0.0,0.0,0.0,1.0,0.0,0.0,0.0,0.0,0.0,199.19500732421875,-0.07127536813618657
2022-08-04,25.325,2022-08-01,25.560416666666665,-1.1321117318489904,-0.5217620074435695,0.2354166666666657,774.7829,1104.2352,0.02438682734636854,0.4,200.79400634765625,0.487125007093704,1.169857739415943,0.6579642173918008,-7.907006496457644,0.0025453307311409,-5.9734946837329375,0.0,0.0,0.0,0.0,0.0,0.0,1.0,0.0,0.0,0.0,0.0,199.2480010986328,0.02235463661875113
2022-08-05,20.675,2022-08-02,20.401041666666668,-1.1321117318489904,0.1999171570804624,0.2739583333333328,779.0509,1104.2342,0.043884426277569076,0.39,205.1739959716797,0.6317608903347871,0.9267103848834756,0.6147747800493061,-8.18388640263869,0.0004656463994567,-7.672084009174148,0.0,0.0,0.0,0.0,0.0,0.0,1.0,0.0,0.0,0.0,0.0,196.32000732421875,1.2205356605783353
2022-08-08,21.4,2022-08-05,21.63125,-1.1321117318489904,-0.5158587013942985,0.2312500000000028,790.2438,1111.4071,0.07138104015490299,0.37,196.32000732421875,-3.0798538235636443,-0.16386364302485973,0.43795192835110164,-6.913189370403705,0.0002191663279962,-8.425679623283207,0.0,0.0,0.0,0.0,0.0,0.0,1.0,0.0,0.0,0.0,0.0,193.05499267578125,0.5599790837015831
2022-08-09,22.675,2022-08-06,22.963541666666664,-1.1321117318489904,-0.59702915957184,0.2885416666666636,795.267,1111.4071,0.09387826969090371,0.45,196.32000732421875,-3.0798538235636443,-0.16386364302485973,0.43795192835110164,-6.913189370403705,0.0002191663279962,-8.425679623283207,0.0,0.0,0.0,0.0,0.0,0.0,1.0,0.0,0.0,0.0,0.0,192.1840057373047,0.14124455396779131
2022-08-10,24.55,2022-08-07,24.65520833333333,-1.1321117318489904,-0.33728369340368514,0.1052083333333335,800.4608,1111.4071,0.11737537609517093,0.47,196.32000732421875,-3.0798538235636443,-0.16386364302485973,0.43795192835110164,-6.913189370403705,0.0002191663279962,-8.425679623283207,0.0,0.0,0.0,0.0,0.0,0.0,1.0,0.0,0.0,0.0,0.0,205.36700439453125,-0.30176984884445573
2022-08-11,25.875,2022-08-08,26.271875,-1.1321117318489904,-0.7505151168530264,0.3968749999999978,804.6915,1111.4076,0.13637303659223857,0.38,193.05499267578125,-0.23584090268354985,-0.41369351336943705,0.4219635508226671,-6.318670307715989,0.0002812642207895,-8.176216039361295,0.0,0.0,0.0,0.0,0.0,0.0,1.0,0.0,0.0,0.0,0.0,208.1100006103516,0.31830668368314263
2022-08-12,26.325,2022-08-09,26.994791666666668,-1.1321117318489904,-1.137181663080633,0.6697916666666686,809.0264,1111.4076,0.1558706355234391,0.39,192.1840057373047,-0.14757877807270156,-1.0674587875897033,0.3490226670647028,-6.248304582426948,2.0446749001087176e-05,-10.79768661225746,0.0,0.0,0.0,0.0,0.0,0.0,1.0,0.0,0.0,0.0,0.0,206.1080017089844,1.352358619368232
2022-08-15,23.8,2022-08-12,23.116666666666667,-1.1321117318489904,0.7799169764218651,0.6833333333333336,821.9575,1111.6165,0.21336355544877353,0.39,206.1080017089844,-0.31335973776041137,-0.23695697190623702,0.2846612953755819,-6.272547334031455,9.344078638192996e-05,-9.278182612315302,0.0,0.0,0.0,0.0,0.0,0.0,1.0,0.0,0.0,0.0,0.0,220.1100006103516,0.8631191644081952
2022-08-16,23.7,2022-08-13,23.67708333333333,-1.1321117318489904,-0.15575703238843644,0.0229166666666671,826.8823,1111.6165,0.23586078498477425,0.44,206.1080017089844,-0.31335973776041137,-0.23695697190623702,0.2846612953755819,-6.272547334031455,9.344078638192996e-05,-9.278182612315302,0.0,0.0,0.0,0.0,0.0,0.0,1.0,0.0,0.0,0.0,0.0,225.91400146484372,-0.2857492789815075
2022-08-17,22.35,2022-08-14,21.538541666666667,-1.1321117318489904,0.9614436374371139,0.8114583333333343,831.7792,1111.6165,0.25785807608664135,0.44,206.1080017089844,-0.31335973776041137,-0.23695697190623702,0.2846612953755819,-6.272547334031455,9.344078638192996e-05,-9.278182612315302,0.0,0.0,0.0,0.0,0.0,0.0,1.0,0.0,0.0,0.0,0.0,225.8350067138672,-0.15421616827664417
2022-08-18,21.975,2022-08-15,20.926041666666663,-1.1321117318489904,1.297932082245867,1.048958333333335,836.2396,1111.8592,0.2768557365837083,0.4,220.1100006103516,-0.5374629826125562,-0.25731044856794777,0.24914364982607792,-5.500893103942282,0.0043200533338202,-5.4444875307791145,0.0,0.0,0.0,0.0,0.0,0.0,1.0,0.0,0.0,0.0,0.0,241.0039978027344,-0.31181932443077653
2022-08-19,21.425,2022-08-16,21.634375,-1.1321117318489904,-0.4848663446355906,0.2093749999999978,840.2262,1111.8592,0.29485352021250877,0.36,225.91400146484372,0.8189276684271594,0.2273346823382419,0.3110436118110304,-5.4951000924587845,0.0006774035939982,-7.297243310540926,0.0,0.0,0.0,0.0,0.0,0.0,1.0,0.0,0.0,0.0,0.0,244.5500030517578,-0.5379045595058707
2022-08-22,22.15,2022-08-19,21.539583333333333,-1.1321117318489904,0.6766091205595273,0.6104166666666657,851.8611,1112.5571,0.3448473636258434,0.37,244.5500030517578,0.8111522984126386,0.2545098782631289,0.23348869312513157,-4.964912839029385,0.0002133433487836,-8.452607719270167,0.0,0.0,0.0,0.0,0.0,0.0,1.0,0.0,0.0,0.0,0.0,276.7479858398437,-0.19360020901781094
2022-08-23,23.65,2022-08-20,23.846875,-1.1321117318489904,-0.4671564264877625,0.1968749999999985,856.726,1112.5571,0.3668446547277112,0.44,244.5500030517578,0.8111522984126386,0.2545098782631289,0.23348869312513157,-4.964912839029385,0.0002133433487836,-8.452607719270167,0.0,0.0,0.0,0.0,0.0,0.0,1.0,0.0,0.0,0.0,0.0,269.04901123046875,-0.7822882571773648
2022-08-24,25.525,2022-08-21,25.83125,-1.1321117318489904,-0.6221182102812718,0.3062500000000021,861.512,1112.5571,0.3883420073954447,0.43,244.5500030517578,0.8111522984126386,0.2545098782631289,0.23348869312513157,-4.964912839029385,0.0002133433487836,-8.452607719270167,0.0,0.0,0.0,0.0,0.0,0.0,1.0,0.0,0.0,0.0,0.0,292.1499938964844,-0.11194707018136159
2022-08-25,25.775,2022-08-22,25.721875,-1.1321117318489904,-0.11295806353118153,0.0531250000000014,865.1155,1112.5576,0.4043400372877122,0.32,276.7479858398437,-0.24536826906772702,0.2649336022417824,0.23732836496014173,-4.307091503976662,0.015298596219746,-4.179994205071098,0.0,0.0,0.0,0.0,0.0,0.0,1.0,0.0,0.0,0.0,0.0,321.4140014648437,-0.45337978681152497
2022-08-26,21.225,2022-08-23,21.990625,-1.1321117318489904,-1.2729577022139915,0.7656250000000036,868.6321,1112.6087,0.4198381287458453,0.32,269.04901123046875,1.266315081566235,0.8939772928935025,0.4924482645270197,-4.238116061279319,0.0007960147167519,-7.135892882652692,0.0,0.0,0.0,0.0,0.0,0.0,1.0,0.0,0.0,0.0,0.0,339.1960144042969,0.2571044899201989
2022-08-29,20.025,2022-08-26,20.140625,-1.1321117318489904,-0.35204195852687775,0.1156250000000014,879.6624,1113.2163,0.4673322799885134,0.32,339.1960144042969,1.0830265041732599,1.2655962435171308,0.34534883855698945,-4.244518221754666,0.0028996219145508,-5.843174924437102,0.0,0.0,0.0,0.0,0.0,0.0,1.0,0.0,0.0,0.0,0.0,272.6029968261719,-0.3470909279551749
2022-08-30,21.125,2022-08-27,20.251041666666666,-1.1321117318489904,1.0499932281762592,0.8739583333333343,883.9365,1113.2163,0.48632994048558104,0.38,339.1960144042969,1.0830265041732599,1.2655962435171308,0.34534883855698945,-4.244518221754666,0.0028996219145508,-5.843174924437102,0.0,0.0,0.0,0.0,0.0,0.0,1.0,0.0,0.0,0.0,0.0,252.9369964599609,-0.7781883734153942
2022-08-31,20.9,2022-08-28,21.042708333333334,-1.1321117318489904,-0.3904134478471744,0.142708333333335,888.3667,1113.2163,0.5063274778509145,0.4,339.1960144042969,1.0830265041732599,1.2655962435171308,0.34534883855698945,-4.244518221754666,0.0028996219145508,-5.843174924437102,0.0,0.0,0.0,0.0,0.0,0.0,1.0,0.0,0.0,0.0,0.0,239.9069976806641,-0.4194430754111661
2022-09-01,21.525,2022-08-29,21.46875,-1.1321117318489904,-0.10853058399422838,0.0562499999999985,891.4736,1113.1868,0.5203257540066482,0.28,272.6029968261719,0.6778690182362336,1.3309022662955579,0.38244344005607017,-4.926941179458989,0.0477691909893733,-3.0413743872402472,0.0,0.0,0.0,0.0,0.0,0.0,1.0,0.0,0.0,0.0,0.0,243.0039978027344,-0.14828758173804477
2022-09-02,20.775,2022-08-30,21.05625,-1.1321117318489904,-0.5866983739856108,0.28125,894.4697,1113.1868,0.5338240917282484,0.27,252.9369964599609,1.6691674845735842,1.8671506846359682,0.9414111110246587,-4.738501210112056,0.0056064274803788,-5.1838415748872375,0.0,0.0,0.0,0.0,0.0,0.0,1.0,0.0,0.0,0.0,0.0,214.6649932861328,-0.23274896570024337
2022-09-06,23.0,2022-09-03,21.715625,-1.1321117318489904,1.6314688740299796,1.2843750000000007,907.5318,1114.2842,0.5888173194829168,0.4,214.6649932861328,-0.337311321296199,1.7623540788982595,0.9753927822414138,-4.900432269793111,0.0153758147230802,-4.174959476509403,0.0,0.0,0.0,0.0,0.0,0.0,0.0,1.0,0.0,0.0,0.0,239.8419952392578,-0.1918959221644749
2022-09-07,20.450000000000003,2022-09-04,21.210416666666667,-1.1321117318489904,-1.2655785696523878,0.7604166666666643,912.133,1114.2842,0.6093147952823839,0.41,214.6649932861328,-0.337311321296199,1.7623540788982595,0.9753927822414138,-4.900432269793111,0.0153758147230802,-4.174959476509403,0.0,0.0,0.0,0.0,0.0,0.0,0.0,1.0,0.0,0.0,0.0,213.88299560546875,-1.036729757974501
2022-09-08,18.075,2022-09-05,18.394791666666663,-1.1321117318489904,-0.6413039549414176,0.3197916666666671,915.5598,1114.2907,0.6248128867405177,0.31,214.6649932861328,-0.337311321296199,1.7623540788982595,0.9753927822414138,-4.900432269793111,0.0153758147230802,-4.174959476509403,0.0,0.0,0.0,0.0,0.0,0.0,0.0,1.0,0.0,0.0,0.0,220.5410003662109,-0.7428807253178141
2022-09-09,16.7,2022-09-06,17.255208333333336,-0.8797374943635738,-0.9748407467255351,0.5552083333333364,918.8292,1114.2907,0.6393111013303844,0.29,239.8419952392578,1.2680964070515337,1.918159707654694,1.0927324470533193,-5.235594151817919,0.0122991895487947,-4.398221909035211,0.0,0.0,0.0,0.0,0.0,0.0,0.0,1.0,0.0,0.0,0.0,207.09100341796875,-0.16946426564881914
2022-09-12,20.175,2022-09-09,20.477083333333333,-1.1321117318489904,-0.6162149042319908,0.3020833333333321,928.0413,1114.2907,0.6808059913634528,0.29,207.09100341796875,0.27920690352627053,1.4801097633147806,1.2708247047316306,-4.96579496456965,0.0039595925759939,-5.531614143606207,0.0,0.0,0.0,0.0,0.0,0.0,0.0,1.0,0.0,0.0,0.0,190.58799743652344,-0.5739636748084733
2022-09-13,20.65,2022-09-10,19.667708333333334,-1.1321117318489904,1.2034791854574407,0.982291666666665,931.9245,1114.2907,0.697803898123986,0.35,207.09100341796875,0.27920690352627053,1.4801097633147806,1.2708247047316306,-4.96579496456965,0.0039595925759939,-5.531614143606207,0.0,0.0,0.0,0.0,0.0,0.0,0.0,1.0,0.0,0.0,0.0,198.61199951171875,-0.7761288610787709
2022-09-14,18.35,2022-09-11,17.147916666666667,-1.1321117318489904,1.5148785795567723,1.2020833333333345,935.8973,1114.2907,0.7158016817527865,0.36,207.09100341796875,0.27920690352627053,1.4801097633147806,1.2708247047316306,-4.96579496456965,0.0039595925759939,-5.531614143606207,0.0,0.0,0.0,0.0,0.0,0.0,0.0,1.0,0.0,0.0,0.0,217.8820037841797,-1.0232040940338847
2022-09-15,16.925,2022-09-12,17.011458333333334,-0.9234176508514347,-0.3107188161819405,0.0864583333333328,938.707,1114.2907,0.7283001426061201,0.25,190.58799743652344,0.7881016062125111,1.550788432094407,1.2951664624364587,-5.154757817487129,0.0068963574206779,-4.97676191667416,0.0,0.0,0.0,0.0,0.0,0.0,0.0,1.0,0.0,0.0,0.0,214.2830047607422,-0.2867857468979288
2022-09-16,14.15,2022-09-13,14.255208333333332,-0.3846957208344877,-0.3372836934036827,0.1052083333333318,941.3366,1114.088,0.7407986034594538,0.24,198.61199951171875,0.9844125692162836,1.383466087844261,1.310255838619333,-5.076056729137102,0.0017006677877306,-6.376734288151963,0.0,0.0,0.0,0.0,0.0,0.0,0.0,1.0,0.0,0.0,0.0,187.79299926757807,0.04403308584654107
2022-09-19,13.65,2022-09-16,13.471875,-0.28762870641701993,0.06414111794710647,0.1781249999999996,950.3228,1114.088,0.7812936166242549,0.33,187.79299926757807,-0.152442502102151,0.9327038034259738,1.3453554536975412,-6.765626427799184,0.0174127303484769,-4.050553710991603,0.0,0.0,0.0,0.0,0.0,0.0,0.0,1.0,0.0,0.0,0.0,182.26199340820312,-0.0350729445822788
2022-09-20,13.2,2022-09-17,13.607291666666669,-0.20026839344129863,-0.7652733819762215,0.4072916666666675,954.4169,1114.088,0.799791338687189,0.37,187.79299926757807,-0.152442502102151,0.9327038034259738,1.3453554536975412,-6.765626427799184,0.0174127303484769,-4.050553710991603,0.0,0.0,0.0,0.0,0.0,0.0,0.0,1.0,0.0,0.0,0.0,194.25900268554688,-0.16946426564881914
2022-09-21,13.9,2022-09-18,14.159375,-0.3361622136257539,-0.5557060172269079,0.2593749999999986,958.4001,1114.088,0.8177891223159894,0.36,187.79299926757807,-0.152442502102151,0.9327038034259738,1.3453554536975412,-6.765626427799184,0.0174127303484769,-4.050553710991603,0.0,0.0,0.0,0.0,0.0,0.0,0.0,1.0,0.0,0.0,0.0,189.781005859375,-0.9501216089502531
2022-09-22,14.65,2022-09-19,14.4625,-0.4817627352519556,0.07742355655797883,0.1875,960.9462,1114.088,0.828787767866923,0.23,182.26199340820312,1.3121121187069755,1.3301831676580729,1.437262050756322,-6.310520704440311,0.000893717739904,-7.020120558700822,0.0,0.0,0.0,0.0,0.0,0.0,0.0,1.0,0.0,0.0,0.0,187.46800231933597,-0.12013851016598168
2022-09-23,15.375,2022-09-20,15.402083333333334,-0.6225099061572841,-0.22659670497975354,0.0270833333333335,963.3722,1114.088,0.8397864134178565,0.22,194.25900268554688,0.26145664814820085,1.1761428141417671,1.441920782890845,-6.248168080047746,0.0040637001364251,-5.505661356510609,0.0,0.0,0.0,0.0,0.0,0.0,0.0,1.0,0.0,0.0,0.0,185.4949951171875,-0.322338995259671
2022-09-26,12.2,2022-09-23,12.490625,-0.006134364606362862,-0.599980812596483,0.2906250000000003,970.8637,1114.2173,0.8727823500706572,0.24,185.4949951171875,-0.36912663340374463,0.993422813262278,1.360526900109457,-5.108809278723451,0.0001119422268482,-9.097527642535052,0.0,0.0,0.0,0.0,0.0,0.0,0.0,1.0,0.0,0.0,0.0,173.83399963378906,0.9487931375288788
2022-09-27,11.05,2022-09-24,10.85,0.217119768553813,0.09513347470580932,0.200000000000001,974.28,1114.219,0.888280441528791,0.31,185.4949951171875,-0.36912663340374463,0.993422813262278,1.360526900109457,-5.108809278723451,0.0001119422268482,-9.097527642535052,0.0,0.0,0.0,0.0,0.0,0.0,0.0,1.0,0.0,0.0,0.0,186.0989990234375,-0.3509249519170226
2022-09-28,11.375,2022-09-25,11.429166666666667,0.15402620918245902,-0.26496819430005014,0.0541666666666671,977.8193,1114.219,0.9042784714210585,0.32,185.4949951171875,-0.36912663340374463,0.993422813262278,1.360526900109457,-5.108809278723451,0.0001119422268482,-9.097527642535052,0.0,0.0,0.0,0.0,0.0,0.0,0.0,1.0,0.0,0.0,0.0,207.1869964599609,-0.9532330013656237
2022-09-29,11.7,2022-09-26,11.2125,0.09093264981110502,0.5024615921058746,0.4874999999999989,980.3369,1114.219,0.9152771169719921,0.23,173.83399963378906,-0.4735458721323967,-0.1370188277876804,1.356632628636421,-4.903263377491801,0.004215526033313,-5.468980894766499,0.0,0.0,0.0,0.0,0.0,0.0,0.0,1.0,0.0,0.0,0.0,187.6649932861328,0.5451138045549241
2022-09-30,13.05,2022-09-27,13.084375,-0.17114828911605853,-0.23692749056598536,0.0343749999999989,982.523,1114.227,0.9252758856546591,0.2,186.0989990234375,0.8102617288523069,0.2339781455915792,1.341853776854214,-4.968532999202647,0.0046482350726207,-5.371267685491791,0.0,0.0,0.0,0.0,0.0,0.0,0.0,1.0,0.0,0.0,0.0,188.8000030517578,0.42888422528995657
2022-10-03,13.575,2022-09-30,15.560416666666669,-0.2730686542543995,-3.00115054813964,1.9854166666666675,987.4342,1112.8662,0.9527724995319931,0.12,188.8000030517578,1.1085106241164153,1.2156361015127768,1.1214171293200939,-5.0423496070672496,3.635905742066449e-05,-10.222067185011632,0.0,0.0,0.0,0.0,0.0,0.0,0.0,1.0,0.0,0.0,0.0,169.91200256347656,0.540568211001817
2022-10-04,14.425,2022-10-01,15.325,-0.4380825787640951,-1.463339322303147,0.8999999999999986,991.0759,1112.8678,0.9692704678583934,0.33,188.8000030517578,1.1085106241164153,1.2156361015127768,1.1214171293200939,-5.0423496070672496,3.635905742066449e-05,-10.222067185011632,0.0,0.0,0.0,0.0,0.0,0.0,0.0,1.0,0.0,0.0,0.0,161.9499969482422,0.41403286680604356
2022-10-05,16.2,2022-10-02,16.602083333333333,-0.782670479946106,-0.7578942494146252,0.4020833333333335,994.9371,1112.8678,0.9862683746189274,0.35,188.8000030517578,1.1085106241164153,1.2156361015127768,1.1214171293200939,-5.0423496070672496,3.635905742066449e-05,-10.222067185011632,0.0,0.0,0.0,0.0,0.0,0.0,0.0,1.0,0.0,0.0,0.0,173.6929931640625,-0.14590590549215612
2022-10-06,14.7,2022-10-03,14.453125,-0.49146943669370263,0.1615456677601683,0.246875000000001,997.7611,1112.8678,0.999266773906394,0.25,169.91200256347656,-0.87141656599272,1.21359953669562,1.0794544908150396,-5.455519537883167,0.0111107618894919,-4.499841100679921,0.0,0.0,0.0,0.0,0.0,0.0,0.0,0.0,1.0,0.0,0.0,175.71200561523438,-0.092274563596949
2022-10-07,14.3,2022-10-04,14.097916666666666,-0.41381582515972826,0.0980851277304473,0.2020833333333342,1000.1963,1112.8678,1.0102654194573275,0.22,161.9499969482422,1.1531508027853459,1.3811582012728223,1.1414029469304041,-5.554323209293008,0.0023033322992157,-6.073398378402261,0.0,0.0,0.0,0.0,0.0,0.0,0.0,0.0,1.0,0.0,0.0,156.20700073242188,0.5645440667492293
2022-10-10,13.775,2022-10-07,13.536458333333334,-0.3118954600213869,0.14973905566161377,0.2385416666666664,1008.5687,1113.8729,1.0437612945442618,0.25,156.20700073242188,-0.41106419262851684,0.8129632580369438,0.9803601981462693,-6.322780486828171,0.0138448798751777,-4.279839798729265,0.0,0.0,0.0,0.0,0.0,0.0,0.0,0.0,1.0,0.0,0.0,154.1179962158203,0.2391801451350987
2022-10-11,12.45,2022-10-08,12.44375,-0.0546678718150968,-0.17937025658554304,0.0062499999999996,1012.1288,1113.8731,1.0597593244365293,0.32,156.20700073242188,-0.41106419262851684,0.8129632580369438,0.9803601981462693,-6.322780486828171,0.0138448798751777,-4.279839798729265,0.0,0.0,0.0,0.0,0.0,0.0,0.0,0.0,1.0,0.0,0.0,156.781005859375,0.05103890795674661
2022-10-12,12.55,2022-10-09,11.9,-0.07408127469859066,0.7326905280276544,0.6500000000000004,1015.4058,1113.8731,1.0742575390263958,0.29,156.20700073242188,-0.41106419262851684,0.8129632580369438,0.9803601981462693,-6.322780486828171,0.0138448798751777,-4.279839798729265,0.0,0.0,0.0,0.0,0.0,0.0,0.0,0.0,1.0,0.0,0.0,160.19000244140625,-0.5149155793138469
2022-10-13,13.1,2022-10-10,12.545833333333334,-0.18085499055780513,0.596914488894296,0.5541666666666654,1017.8079,1113.8731,1.0852561845773294,0.22,154.1179962158203,1.2309889466219865,1.2677766998704887,0.9865442276853288,-5.541737467086997,0.0001812668342582,-8.615540384359749,0.0,0.0,0.0,0.0,0.0,0.0,0.0,0.0,1.0,0.0,0.0,153.8090057373047,1.0390691326034436
2022-10-14,13.6,2022-10-11,14.167708333333334,-0.27792200497527303,-0.9925506648733607,0.5677083333333339,1019.4402,1113.8731,1.0922553226551963,0.15,156.781005859375,-0.30301509255686504,0.9309653042837295,0.9800551141052956,-4.981661880810267,0.0002934864509234,-8.133679080158679,0.0,0.0,0.0,0.0,0.0,0.0,0.0,0.0,1.0,0.0,0.0,141.9969940185547,1.607803029341241
2022-10-17,16.925,2022-10-14,16.717708333333334,-0.9234176508514347,0.10546426029204113,0.2072916666666664,1024.3546,1114.9731,1.1097531678498638,0.19,141.9969940185547,0.4788924115091048,0.7171579280957638,0.8885207705164719,-4.5365620883718485,0.006384924363983,-5.053815635302636,0.0,0.0,0.0,0.0,0.0,0.0,0.0,0.0,1.0,0.0,0.0,127.97799682617188,0.28779781119236325
2022-10-18,15.75,2022-10-15,14.961458333333333,-0.695310166970385,0.9289754541660934,0.7885416666666671,1027.5279,1114.9731,1.1242513824397304,0.28,141.9969940185547,0.4788924115091048,0.7171579280957638,0.8885207705164719,-4.5365620883718485,0.006384924363983,-5.053815635302636,0.0,0.0,0.0,0.0,0.0,0.0,0.0,0.0,1.0,0.0,0.0,113.22200012207033,-0.6050244021438277
2022-10-19,14.15,2022-10-16,14.3875,-0.3846957208344877,-0.5247136604682101,0.2375000000000007,1030.6657,1114.9731,1.1382496585954642,0.28,141.9969940185547,0.4788924115091048,0.7171579280957638,0.8885207705164719,-4.5365620883718485,0.006384924363983,-5.053815635302636,0.0,0.0,0.0,0.0,0.0,0.0,0.0,0.0,1.0,0.0,0.0,112.51000213623048,-1.0642476766409894
2022-10-20,14.85,2022-10-17,15.501041666666666,-0.5205895410189427,-1.110616785858886,0.6510416666666661,1033.0195,1114.9731,1.148748365712265,0.21,127.97799682617188,0.9571503740357454,0.2239841113996646,0.8675154210168549,-4.403977307276065,0.0108050908945419,-4.5277378766994,0.0,0.0,0.0,0.0,0.0,0.0,0.0,0.0,1.0,0.0,0.0,127.14700317382812,0.6860078152067061
2022-10-21,16.099999999999998,2022-10-18,16.026041666666664,-0.763257077062612,-0.08344153328480151,0.0739583333333335,1034.8382,1114.9731,1.1567473806583983,0.16,113.22200012207033,1.143280709994396,0.8606814358463616,0.9643785920313319,-4.684771978712865,0.0150081745595928,-4.199160255616342,0.0,0.0,0.0,0.0,0.0,0.0,0.0,0.0,1.0,0.0,0.0,113.57599639892578,-0.009357627449770319
2022-10-24,16.225,2022-10-21,16.477083333333333,-0.7875238306669797,-0.5453752316406735,0.2520833333333314,1038.9309,1114.6241,1.1767449180237317,0.12,113.57599639892578,1.2583427747582223,1.577107752052716,1.0287606603838997,-5.372984804047652,0.0127400291751608,-4.3630063387182245,0.0,0.0,0.0,0.0,0.0,0.0,0.0,0.0,1.0,0.0,0.0,99.16999816894533,0.729621003006771
2022-10-25,14.85,2022-10-22,14.971875,-0.5205895410189427,-0.36089691760079173,0.121875000000001,1041.3192,1114.6241,1.1872436251405325,0.21,113.57599639892578,1.2583427747582223,1.577107752052716,1.0287606603838997,-5.372984804047652,0.0127400291751608,-4.3630063387182245,0.0,0.0,0.0,0.0,0.0,0.0,0.0,0.0,1.0,0.0,0.0,99.79399871826172,-0.34508423956200757
2022-10-26,16.8,2022-10-23,16.477083333333333,-0.8991508972470676,0.26928100315946185,0.3229166666666678,1043.7044,1114.6253,1.198242270691466,0.21,113.57599639892578,1.2583427747582223,1.577107752052716,1.0287606603838997,-5.372984804047652,0.0127400291751608,-4.3630063387182245,0.0,0.0,0.0,0.0,0.0,0.0,0.0,0.0,1.0,0.0,0.0,104.31999969482422,-1.2585834223038797
2022-10-27,17.7,2022-10-24,17.7625,-1.0738715231985096,-0.27677480639860225,0.0625,1045.8332,1114.6253,1.2077411009399994,0.19,99.16999816894533,1.2015639884755647,1.6800888923520405,1.123086332123325,-5.899132036618439,0.0183973018868145,-3.995551261651205,0.0,0.0,0.0,0.0,0.0,0.0,0.0,0.0,1.0,0.0,0.0,107.38400268554688,-0.586220569773094
2022-10-28,18.725,2022-10-25,18.383333333333333,-1.1321117318489904,0.29584588038120646,0.3416666666666685,1047.0659,1115.4253,1.2097408546765331,0.11,99.79399871826172,1.3315724061014824,1.7881704874145128,1.2483119988680507,-5.669697094316399,3.9344478190994846e-05,-10.143154893045624,0.0,0.0,0.0,0.0,0.0,0.0,0.0,0.0,1.0,0.0,0.0,112.24400329589844,0.16555574853742516
2022-10-31,15.975,2022-10-28,15.514583333333334,-0.7389903234582454,0.46409010278557794,0.4604166666666653,1051.498,1115.4553,1.2297383920418665,0.16,112.24400329589844,0.23867881869974147,1.3093419863087166,1.2081059897934354,-5.230036596432036,0.0019592912716184,-6.235172466733987,0.0,0.0,0.0,0.0,0.0,0.0,0.0,0.0,1.0,0.0,0.0,123.35199737548828,1.2075988903885286
2022-11-01,14.925,2022-10-29,15.008333333333333,-0.535149593181563,-0.30629133664498226,0.0833333333333321,1054.058,1116.8795,1.2352377148173332,0.23,112.24400329589844,0.23867881869974147,1.3093419863087166,1.2081059897934354,-5.230036596432036,0.0019592912716184,-6.235172466733987,0.0,0.0,0.0,0.0,0.0,0.0,0.0,0.0,1.0,0.0,0.0,116.19300079345705,-0.786840811061845
2022-11-02,13.3,2022-10-30,12.548958333333331,-0.21968179632479215,0.8758456997226042,0.7510416666666657,1056.6069,1115.4553,1.2522356215778674,0.23,112.24400329589844,0.23867881869974147,1.3093419863087166,1.2081059897934354,-5.230036596432036,0.0019592912716184,-6.235172466733987,0.0,0.0,0.0,0.0,0.0,0.0,0.0,0.0,1.0,0.0,0.0,125.86299896240234,-1.2674593363040572
2022-11-03,12.875,2022-10-31,12.383333333333336,-0.13717483406994463,0.5083648981551506,0.4916666666666653,1058.2953,1116.4553,1.255735190616801,0.15,123.35199737548828,0.5391772886402055,0.9982466740402978,1.141663321478706,-5.524991110667733,0.0089051180722909,-4.721129103115504,0.0,0.0,0.0,0.0,0.0,0.0,0.0,0.0,1.0,0.0,0.0,125.44499969482422,-0.25689273944202984
2022-11-04,10.3,2022-11-01,10.496875,0.36272029018001484,-0.4671564264877625,0.1968749999999985,1060.2462,1116.4633,1.2642341439970672,0.17,116.19300079345705,1.0748574144727299,0.5693374759863077,1.1352389338045406,-5.431598437754193,0.0035747755958479,-5.633852874918761,0.0,0.0,0.0,0.0,0.0,0.0,0.0,0.0,0.0,1.0,0.0,114.78600311279295,0.11931031256204297
2022-11-07,12.825,2022-11-04,12.204166666666666,-0.12746813262819773,0.6913673856827197,0.6208333333333336,1062.0635,1116.8413,1.2712332820749341,0.06,114.78600311279295,-1.292287134857532,0.910783436409841,1.1096843666323994,-5.071925347972962,0.0078850600686839,-4.84278544037371,0.0,0.0,0.0,0.0,0.0,0.0,0.0,0.0,0.0,1.0,0.0,109.68299865722656,-0.22266356983237254
2022-11-08,13.6,2022-11-05,13.260416666666668,-0.27792200497527303,0.2928942273565635,0.3395833333333318,1063.3031,1117.8737,1.2722331589432014,0.11,114.78600311279295,-1.292287134857532,0.910783436409841,1.1096843666323994,-5.071925347972962,0.0078850600686839,-4.84278544037371,0.0,0.0,0.0,0.0,0.0,0.0,0.0,0.0,0.0,1.0,0.0,118.14700317382812,-0.5496840503132814
2022-11-09,12.875,2022-11-06,12.592708333333334,-0.13717483406994463,0.2117237691790145,0.2822916666666657,1064.696,1117.8737,1.278232420152801,0.12,114.78600311279295,-1.292287134857532,0.910783436409841,1.1096843666323994,-5.071925347972962,0.0078850600686839,-4.84278544037371,0.0,0.0,0.0,0.0,0.0,0.0,0.0,0.0,0.0,1.0,0.0,113.1439971923828,-0.4628680856808962
2022-11-10,11.825,2022-11-07,11.911458333333334,0.06666589620673805,-0.3107188161819431,0.0864583333333346,1065.2325,1117.8997,1.2807321123234683,0.05,109.68299865722656,1.0318144715711146,1.1147764157099365,1.1316832594389343,-4.5693516039054485,0.0020679917606759,-6.181177306059564,0.0,0.0,0.0,0.0,0.0,0.0,0.0,0.0,0.0,1.0,0.0,113.4520034790039,0.16555574853742516
2022-11-11,10.9,2022-11-08,11.401041666666666,0.24623987287905344,-0.8980977680849369,0.5010416666666657,1065.8808,1117.9657,1.2832318044941349,0.06,118.14700317382812,0.5582811895980321,0.8743328738041705,1.1456649193724546,-4.528993990547895,0.0055257314422997,-5.198339652413275,0.0,0.0,0.0,0.0,0.0,0.0,0.0,0.0,0.0,1.0,0.0,97.85299682617188,1.5668541569574619
2022-11-14,9.5,2022-11-11,10.546875,0.5180275132479636,-1.6714308605401402,1.046875,1067.8995,1118.0867,1.291730757874402,0.06,97.85299682617188,-1.435118714792112,0.7617308182610525,1.0946813296071725,-4.869846104397937,0.0218784184325243,-3.8222545877007126,0.0,0.0,0.0,0.0,0.0,0.0,0.0,0.0,0.0,1.0,0.0,113.7040023803711,-0.30085071222832244
2022-11-15,11.175,2022-11-12,11.2875,0.192853014949446,-0.34761447898991693,0.1124999999999989,1068.8525,1118.1428,1.2957302653474687,0.09,97.85299682617188,-1.435118714792112,0.7617308182610525,1.0946813296071725,-4.869846104397937,0.0218784184325243,-3.8222545877007126,0.0,0.0,0.0,0.0,0.0,0.0,0.0,0.0,0.0,1.0,0.0,124.10399627685548,-1.33418828176044
2022-11-16,11.075,2022-11-13,10.701041666666669,0.21226641783293987,0.3415965022630944,0.3739583333333325,1069.9086,1118.1428,1.300729649688802,0.09,97.85299682617188,-1.435118714792112,0.7617308182610525,1.0946813296071725,-4.869846104397937,0.0218784184325243,-3.8222545877007126,0.0,0.0,0.0,0.0,0.0,0.0,0.0,0.0,0.0,1.0,0.0,113.9000015258789,-1.3611494982087187
2022-11-17,11.05,2022-11-14,11.548958333333337,0.217119768553813,-0.8951461150603014,0.4989583333333343,1069.1771,1118.1758,1.2972300806498687,-0.07,113.7040023803711,1.3928860952195374,1.2436668946136207,1.244220406848808,-5.753292497304639,0.0225397018768916,-3.792476996815932,0.0,0.0,0.0,0.0,0.0,0.0,0.0,0.0,0.0,1.0,0.0,112.55599975585938,0.9672119144247266
2022-11-18,9.375,2022-11-15,9.525,0.5422942668523305,-0.4007442334334061,0.1500000000000003,1067.9428,1118.2355,1.2912308194402684,-0.11,124.10399627685548,1.4034216346997448,1.6533592548257172,1.3698723897397957,-6.310148723761701,0.0076599766216712,-4.871746347104891,0.0,0.0,0.0,0.0,0.0,0.0,0.0,0.0,0.0,1.0,0.0,115.50900268554688,1.0906750180691027
2022-11-21,6.75,2022-11-18,7.2,1.0518960925440368,-0.8257822689813031,0.4500000000000002,1065.6542,1118.5193,1.2797322354552012,-0.11,115.50900268554688,-0.3921533882498011,1.7670667673597793,1.2687160494234666,-6.306395974020552,0.0006706856262341,-7.307210044588519,0.0,0.0,0.0,0.0,0.0,0.0,0.0,0.0,0.0,1.0,0.0,116.12799835205078,-0.8446171545813158
2022-11-22,7.449999999999999,2022-11-19,7.184375,0.916002272359582,0.18811054498190918,0.2656249999999991,1064.6139,1118.5193,1.2752327895480016,-0.09,115.50900268554688,-0.3921533882498011,1.7670667673597793,1.2687160494234666,-6.306395974020552,0.0006706856262341,-7.307210044588519,0.0,0.0,0.0,0.0,0.0,0.0,0.0,0.0,0.0,1.0,0.0,119.63899993896484,-0.7752790791931045
2022-11-23,8.6,2022-11-20,7.771875,0.6927481391994058,0.9850568616342168,0.8281249999999991,1063.3403,1118.5393,1.2697334667725342,-0.11,115.50900268554688,-0.3921533882498011,1.7670667673597793,1.2687160494234666,-6.306395974020552,0.0006706856262341,-7.307210044588519,0.0,0.0,0.0,0.0,0.0,0.0,0.0,0.0,0.0,1.0,0.0,129.6199951171875,-1.1269240934470646
2022-11-25,8.95,2022-11-22,8.33125,0.6248012291071784,0.6884157326580792,0.6187499999999986,1058.4577,1118.5393,1.247736175670667,-0.23,119.63899993896484,-0.9567870488868286,0.6882241981420296,1.1742996036685538,-5.362350687157565,0.0008871973349039,-7.02744312474606,0.0,0.0,0.0,0.0,0.0,0.0,0.0,0.0,0.0,1.0,0.0,124.37000274658205,-0.3960465429589258
2022-11-28,8.275,2022-11-25,8.287500000000001,0.7558416985707598,-0.20593513380728748,0.012500000000001,1052.6613,1119.0297,1.2197396233591995,-0.17,124.37000274658205,0.9591176490847146,0.14519107424109778,0.9916222908276686,-5.597139930596762,0.0017094949889303,-6.371557279611433,0.0,0.0,0.0,0.0,0.0,0.0,0.0,0.0,0.0,1.0,0.0,123.28199768066406,-0.7990083403433014
2022-11-29,7.45,2022-11-26,7.3375,0.916002272359582,-0.028835952328995784,0.1124999999999998,1051.9008,1119.0297,1.2162400543202665,-0.07,124.37000274658205,0.9591176490847146,0.14519107424109778,0.9916222908276686,-5.597139930596762,0.0017094949889303,-6.371557279611433,0.0,0.0,0.0,0.0,0.0,0.0,0.0,0.0,0.0,1.0,0.0,132.28599548339844,-0.5739636748084733
2022-11-30,6.85,2022-11-27,6.793749999999999,1.0324826896605435,-0.10853058399422581,0.0562500000000003,1051.2784,1119.0297,1.2137403621496,-0.06,124.37000274658205,0.9591176490847146,0.14519107424109778,0.9916222908276686,-5.597139930596762,0.0017094949889303,-6.371557279611433,0.0,0.0,0.0,0.0,0.0,0.0,0.0,0.0,0.0,1.0,0.0,146.39700317382812,-0.7190092745409971
2022-12-01,5.55,2022-11-28,5.583333333333334,1.2848569271459598,-0.2354516640536689,0.0333333333333341,1047.93,1119.0297,1.1987422091255995,-0.3,123.28199768066406,0.490923298378507,0.28871775641687053,1.005675770948805,-5.599105962549729,7.720469894875409e-05,-9.469050222621457,0.0,0.0,0.0,0.0,0.0,0.0,0.0,0.0,0.0,1.0,0.0,139.25799560546875,-0.6770511541081303
2022-12-02,3.5,2022-11-29,3.2177083333333334,1.6828316862575783,0.21172376917901575,0.2822916666666666,1043.4119,1119.0297,1.1782447333261319,-0.4,132.28599548339844,-0.6049934034466046,0.23734057858943686,0.9897548880280976,-5.856491464805846,0.0049690961193642,-5.304517322543366,0.0,0.0,0.0,0.0,0.0,0.0,0.0,0.0,0.0,1.0,0.0,135.56199645996094,-0.4725936572751084
2022-12-05,3.625,2022-12-02,3.9166666666666665,1.6585649326532115,-0.6014566391088014,0.2916666666666665,1028.3802,1119.0297,1.111252983152264,-0.46,135.56199645996094,0.6253157604844055,0.8577499731025169,1.0396862808505385,-6.068240435425157,0.0007235681494734,-7.231315820788526,0.0,0.0,0.0,0.0,0.0,0.0,0.0,0.0,0.0,0.0,1.0,134.69900512695312,-0.3333625443633193
2022-12-06,4.725,2022-12-03,4.415625,1.4450175009347819,0.25009525849931113,0.3093749999999993,1025.075,1119.0297,1.096254830128263,-0.3,135.56199645996094,0.6253157604844055,0.8577499731025169,1.0396862808505385,-6.068240435425157,0.0007235681494734,-7.231315820788526,0.0,0.0,0.0,0.0,0.0,0.0,0.0,0.0,0.0,0.0,1.0,138.48800659179688,-0.37714079145023005
2022-12-07,4.875,2022-12-04,4.242708333333333,1.4158973966095414,0.7076014773182301,0.6322916666666671,1021.829,1119.0297,1.0817566155383964,-0.29,135.56199645996094,0.6253157604844055,0.8577499731025169,1.0396862808505385,-6.068240435425157,0.0007235681494734,-7.231315820788526,0.0,0.0,0.0,0.0,0.0,0.0,0.0,0.0,0.0,0.0,1.0,149.2449951171875,-1.269649479145556
2022-12-08,3.775,2022-12-05,3.059375,1.6294448283279706,0.8256675983037561,0.7156249999999997,1017.1151,1119.0297,1.0607592013047957,-0.42,134.69900512695312,0.18673414858914436,0.8155179821148214,1.0164493497959337,-6.043142995799042,4.078580588249787e-05,-10.10717640760216,0.0,0.0,0.0,0.0,0.0,0.0,0.0,0.0,0.0,0.0,1.0,138.89300537109375,-0.49834352748121863
2022-12-09,1.6,2022-12-06,1.246875,2.051686341043956,0.31207997201671395,0.3531250000000001,1012.0558,1119.0297,1.038261971768795,-0.45,138.48800659179688,-0.8307673299281642,0.8139152953836276,0.9624906878462055,-6.105950965845664,0.0007695647081032,-7.16968551581906,0.0,0.0,0.0,0.0,0.0,0.0,0.0,0.0,0.0,0.0,1.0,139.11300659179688,0.1553782525704935
2022-12-12,-0.1999999999999999,2022-12-09,-0.0479166666666666,2.4011275929468407,-0.4036958864580438,0.1520833333333333,995.5367,1119.0297,0.9642710835170595,-0.48,139.11300659179688,0.8823021582063503,0.48074032256566324,0.9761187572347433,-5.224524932385035,2.5049668230164263e-06,-12.897234668613168,0.0,0.0,0.0,0.0,0.0,0.0,0.0,0.0,0.0,0.0,1.0,136.58999633789062,-0.19958074945844465
2022-12-13,-0.85,2022-12-10,-0.7427083333333333,2.527314711689549,-0.340235346428323,0.1072916666666666,990.7029,1119.0297,0.942773730849326,-0.43,139.11300659179688,0.8823021582063503,0.48074032256566324,0.9761187572347433,-5.224524932385035,2.5049668230164263e-06,-12.897234668613168,0.0,0.0,0.0,0.0,0.0,0.0,0.0,0.0,0.0,0.0,1.0,137.5290069580078,-1.3494015153299341
2022-12-14,-0.975,2022-12-11,0.5239583333333334,2.5515814652939164,-2.3119395668866245,1.4989583333333334,985.4662,1119.0297,0.9192766244450588,-0.47,139.11300659179688,0.8823021582063503,0.48074032256566324,0.9761187572347433,-5.224524932385035,2.5049668230164263e-06,-12.897234668613168,0.0,0.0,0.0,0.0,0.0,0.0,0.0,0.0,0.0,0.0,1.0,131.51100158691406,-1.810027265525851
2022-12-15,-0.6749999999999999,2022-12-12,0.1072916666666666,2.4933412566434354,-1.2965709264110918,0.7822916666666666,977.6165,1119.0297,0.8842809340557244,-0.7,136.58999633789062,-1.8179112891120588,0.4314822460690328,0.9272168179017075,-5.103196461782385,0.0003349957342901,-8.001392756697301,0.0,0.0,0.0,0.0,0.0,0.0,0.0,0.0,0.0,0.0,1.0,134.76699829101562,0.46935532064163066
2022-12-16,-0.4,2022-12-13,-0.86875,2.4399543987138275,0.4758967148841326,0.46875,968.9158,1119.0297,0.8457856746274569,-0.78,137.5290069580078,-0.08572496311188958,0.4519413914125314,0.9131321729476971,-5.081594392690742,4.693816518201609e-05,-9.966679435581575,0.0,0.0,0.0,0.0,0.0,0.0,0.0,0.0,0.0,0.0,1.0,115.45099639892578,0.3757962864083714
2022-12-19,5.9,2022-12-16,5.141666666666667,1.2169100170537324,0.8861764853088384,0.7583333333333329,947.0468,1119.0297,0.7477977415373206,-0.58,115.45099639892578,0.11937801374366638,-0.673486468897926,0.41329769708315917,-5.302842797757524,0.0239324558283457,-3.732519756780246,0.0,0.0,0.0,0.0,0.0,0.0,0.0,0.0,0.0,0.0,1.0,108.54299926757812,-0.501172280726192
2022-12-20,7.925,2022-12-17,8.255208333333334,0.8237886086629873,-0.656062220064609,0.3302083333333341,942.356,1119.0297,0.72680032730372,-0.42,115.45099639892578,0.11937801374366638,-0.673486468897926,0.41329769708315917,-5.302842797757524,0.0239324558283457,-3.732519756780246,0.0,0.0,0.0,0.0,0.0,0.0,0.0,0.0,0.0,0.0,1.0,105.68800354003906,-0.8934029872162177
2022-12-21,8.725,2022-12-18,7.359375,0.6684813855950389,1.746583341990867,1.3656249999999996,938.3461,1119.0297,0.7088025436749196,-0.36,115.45099639892578,0.11937801374366638,-0.673486468897926,0.41329769708315917,-5.302842797757524,0.0239324558283457,-3.732519756780246,0.0,0.0,0.0,0.0,0.0,0.0,0.0,0.0,0.0,0.0,1.0,97.7519989013672,-1.3003774777829538
2022-12-22,9.975,2022-12-19,8.897916666666667,0.42581384955136914,1.337779398078479,1.0770833333333325,934.2137,1119.0297,0.6903048216119863,-0.37,108.54299926757812,1.4246349649508196,1.119269461116242,0.6411518313597405,-5.409194445239899,0.0038068610312326,-5.570950305470356,0.0,0.0,0.0,0.0,0.0,0.0,0.0,0.0,0.0,0.0,1.0,91.93800354003906,0.6825768690063351
2022-12-23,10.575,2022-12-20,12.279166666666669,0.30933343225040777,-2.602677389813486,1.7041666666666675,931.1683,1119.0297,0.6768064838903853,-0.27,105.68800354003906,0.7741841711881958,1.218175040782668,0.5959668788522152,-5.429407623907533,0.0007104895588558,-7.249556304615534,0.0,0.0,0.0,0.0,0.0,0.0,0.0,0.0,0.0,0.0,1.0,82.97699737548828,0.05188259955246167
2022-12-27,6.3,2022-12-24,4.828125,1.1392564055197578,1.8971176462474142,1.4718749999999998,929.2471,1119.4095,0.666807715207719,0.08,82.97699737548828,0.7698057534930335,1.4069138528098075,0.714662008952358,-5.865289322855316,0.0105167170350561,-4.554789189192134,0.0,0.0,0.0,0.0,0.0,0.0,0.0,0.0,0.0,0.0,1.0,80.04299926757812,-0.7944381370471254
2022-12-28,9.1,2022-12-25,7.397916666666667,0.5956811247819379,2.2232753054699317,1.7020833333333325,930.615,1119.4095,0.6728069764173187,0.12,82.97699737548828,0.7698057534930335,1.4069138528098075,0.714662008952358,-5.865289322855316,0.0105167170350561,-4.554789189192134,0.0,0.0,0.0,0.0,0.0,0.0,0.0,0.0,0.0,0.0,1.0,81.35099792480469,-0.9024870896994273
2022-12-29,10.2,2022-12-26,9.675,0.3821336930635087,0.5555913465493614,0.5249999999999986,931.7377,1119.4095,0.6778063607586526,0.1,82.97699737548828,0.7698057534930335,1.4069138528098075,0.714662008952358,-5.865289322855316,0.0105167170350561,-4.554789189192134,0.0,0.0,0.0,0.0,0.0,0.0,0.0,0.0,0.0,0.0,1.0,83.83000183105469,-1.0566564409456605
2022-12-30,9.325,2022-12-27,9.016666666666666,0.5520009682940775,0.2486194319869933,0.3083333333333335,931.4395,1119.4095,0.6768064838903853,-0.03,80.04299926757812,1.1337097486677596,1.0554256342351502,0.8188332090610727,-5.331541016124566,0.0012959602714025,-6.648503335532296,0.0,0.0,0.0,0.0,0.0,0.0,0.0,0.0,0.0,0.0,1.0,76.31500244140625,0.2811536777302913
2023-01-03,7.75,2022-12-31,7.379166666666666,0.8577620637091011,0.3371690227261386,0.3708333333333335,933.4146,1119.4095,0.6853054372706524,0.09,76.31500244140625,0.26435612572540584,0.7319939568608612,0.758084852312063,-5.055524019398136,0.0088212325964559,-4.730593668449147,0.0,0.0,0.0,0.0,0.0,0.0,0.0,0.0,0.0,0.0,1.0,72.31400299072266,-0.8956868459479891
2023-01-04,11.0,2023-01-01,10.094791666666667,0.22682646999555992,1.094268023545829,0.9052083333333324,934.9278,1119.3095,0.6928045137826528,0.0,76.31500244140625,0.26435612572540584,0.7319939568608612,0.758084852312063,-5.055524019398136,0.0088212325964559,-4.730593668449147,0.0,0.0,0.0,0.0,0.0,0.0,0.0,0.0,0.0,0.0,1.0,65.02200317382812,-1.5465711723405116
2023-01-05,11.2,2023-01-02,11.186458333333333,0.1879996642285729,-0.1690394709993088,0.0135416666666667,934.9074,1119.4212,0.6923045753485192,-0.0,76.31500244140625,0.26435612572540584,0.7319939568608612,0.758084852312063,-5.055524019398136,0.0088212325964559,-4.730593668449147,0.0,0.0,0.0,0.0,0.0,0.0,0.0,0.0,0.0,0.0,1.0,72.4219970703125,-0.20376117419773168
2023-01-06,10.85,2023-01-03,10.217708333333334,0.25594657432080037,0.7076014773182275,0.6322916666666654,933.9947,1119.4212,0.6883050678754525,-0.08,72.31400299072266,1.071508778845307,0.9473763565980391,0.7992398134571895,-5.038804403834275,0.0029000114046123,-5.843040609027652,0.0,0.0,0.0,0.0,0.0,0.0,0.0,0.0,0.0,0.0,0.0,69.53399658203125,1.1222880974155587
2023-01-09,7.525,2023-01-06,6.783333333333333,0.9014422201969616,0.8625632611117344,0.7416666666666671,931.2802,1119.4312,0.6758066070221189,-0.05,69.53399658203125,1.1689290742763265,1.3458334222082144,0.9197249907007105,-5.869531435915637,0.0016560250561864,-6.40333509198229,0.0,0.0,0.0,0.0,0.0,0.0,0.0,0.0,0.0,0.0,0.0,74.302001953125,-0.6651652696640178
2023-01-10,7.075,2023-01-07,6.716666666666667,0.988802533172683,0.31945910457830934,0.3583333333333334,930.8104,1119.4312,0.6738068532855859,-0.04,69.53399658203125,1.1689290742763265,1.3458334222082144,0.9197249907007105,-5.869531435915637,0.0016560250561864,-6.40333509198229,0.0,0.0,0.0,0.0,0.0,0.0,0.0,0.0,0.0,0.0,0.0,70.07099914550781,-0.6630110471040689
2023-01-11,9.875,2023-01-08,9.107291666666669,0.44522725243486266,0.8994589239197107,0.7677083333333332,930.03,1119.4312,0.6703072842466521,-0.07,69.53399658203125,1.1689290742763265,1.3458334222082144,0.9197249907007105,-5.869531435915637,0.0016560250561864,-6.40333509198229,0.0,0.0,0.0,0.0,0.0,0.0,0.0,0.0,0.0,0.0,0.0,65.34600067138672,-1.6345043633769898
2023-01-12,10.375,2023-01-09,8.888541666666667,0.34816023801739476,1.9177792174198816,1.4864583333333332,927.5206,1119.4312,0.6593086386957185,-0.22,74.302001953125,0.4796800652330445,1.3629696411969274,0.9344147426422654,-5.775183798879776,0.0043986213626834,-5.426464113590491,0.0,0.0,0.0,0.0,0.0,0.0,0.0,0.0,0.0,0.0,0.0,66.80899810791016,-0.7075667383470194
2023-01-13,9.175,2023-01-10,8.910416666666666,0.5811210726193176,0.1866347184695927,0.2645833333333343,924.8934,1119.4312,0.6473101162765185,-0.23,70.07099914550781,0.8253044913237371,1.2570370698242301,0.9665887892724253,-5.966692144118391,0.0034373472139326,-5.67305526354226,0.0,0.0,0.0,0.0,0.0,0.0,0.0,0.0,0.0,0.0,0.0,64.81199645996094,-0.2433510418809291
2023-01-17,2.925,2023-01-14,2.9447916666666667,1.7944587528376663,-0.21626591939351983,0.0197916666666668,915.3039,1119.956,0.6028155956386506,-0.19,64.81199645996094,0.04900238325427756,0.6348353511929079,0.94931225672968,-5.721583707638267,0.000920943862896,-6.990111474819487,0.0,0.0,0.0,0.0,0.0,0.0,0.0,0.0,0.0,0.0,0.0,60.06100082397461,-0.5564632887789689
2023-01-18,2.575,2023-01-15,2.189583333333333,1.862405662929894,0.3578305938986059,0.3854166666666669,912.9805,1119.956,0.5923168885218499,-0.21,64.81199645996094,0.04900238325427756,0.6348353511929079,0.94931225672968,-5.721583707638267,0.000920943862896,-6.990111474819487,0.0,0.0,0.0,0.0,0.0,0.0,0.0,0.0,0.0,0.0,0.0,61.70899963378906,-1.4165803343471142
2023-01-19,2.375,2023-01-16,2.1489583333333337,1.9012324686968811,0.13202913751378442,0.2260416666666662,908.2574,1119.956,0.5713194742882494,-0.42,64.81199645996094,0.04900238325427756,0.6348353511929079,0.94931225672968,-5.721583707638267,0.000920943862896,-6.990111474819487,0.0,0.0,0.0,0.0,0.0,0.0,0.0,0.0,0.0,0.0,0.0,60.71699905395508,-0.3658266485117583
2023-01-20,2.025,2023-01-17,2.107291666666667,1.969179378789108,-0.30481551013266517,0.0822916666666668,902.9051,1119.956,0.5473224294498492,-0.48,60.06100082397461,0.2720740916217177,0.5934675466650448,0.9544994280320488,-5.255474183790374,0.0057957754727831,-5.150625993406695,0.0,0.0,0.0,0.0,0.0,0.0,0.0,0.0,0.0,0.0,0.0,66.89800262451172,-0.0350729445822788
2023-01-23,1.9,2023-01-20,1.3,1.9934461323934758,0.6618508554363375,0.5999999999999999,883.7173,1120.746,0.4588333266082464,-0.62,66.89800262451172,-0.17182256571998933,0.15062240701389615,0.9903738979738792,-5.643455437560387,0.0093984108490535,-4.66721466250312,0.0,0.0,0.0,0.0,0.0,0.0,0.0,0.0,0.0,0.0,0.0,65.9990005493164,0.37156017901810023
2023-01-24,1.75,2023-01-21,1.4854166666666666,2.022566236718716,0.18663471846959143,0.2645833333333334,877.8163,1120.746,0.432336589599179,-0.53,66.89800262451172,-0.17182256571998933,0.15062240701389615,0.9903738979738792,-5.643455437560387,0.0093984108490535,-4.66721466250312,0.0,0.0,0.0,0.0,0.0,0.0,0.0,0.0,0.0,0.0,0.0,58.26900100708008,-0.054840534264912096
2023-01-25,1.3,2023-01-22,1.6645833333333333,2.109926549694437,-0.7047644949711376,0.3645833333333332,871.6349,1120.746,0.4048399757218451,-0.55,66.89800262451172,-0.17182256571998933,0.15062240701389615,0.9903738979738792,-5.643455437560387,0.0093984108490535,-4.66721466250312,0.0,0.0,0.0,0.0,0.0,0.0,0.0,0.0,0.0,0.0,0.0,56.65999984741211,-1.4339870044863463
2023-01-26,2.6,2023-01-23,3.758333333333333,1.8575523122090203,-1.8293442973582825,1.1583333333333332,863.5858,1121.45,0.3668446547277112,-0.72,65.9990005493164,1.0939327560550265,0.7500086899066647,0.8578845736547008,-5.652499006709592,0.0001830476904403,-8.605763830111687,0.0,0.0,0.0,0.0,0.0,0.0,0.0,0.0,0.0,0.0,0.0,54.81499862670898,-0.6818479410488244
2023-01-27,3.425,2023-01-24,2.253125,1.6973917384201984,1.472079610699517,1.171875,855.5187,1121.45,0.3308490874701103,-0.72,58.26900100708008,-0.29955607286452707,0.7140728403188877,0.8216533860235241,-7.250116730393113,0.015517525928706,-4.16578518868021,0.0,0.0,0.0,0.0,0.0,0.0,0.0,0.0,0.0,0.0,0.0,55.42499923706055,-0.6447138274239855
2023-01-30,5.575,2023-01-27,5.736458333333333,1.2800035764250866,-0.41697832506891513,0.161458333333333,832.8192,1121.4501,0.22936158534104098,-0.7,55.42499923706055,0.33361811258215146,1.1212181678642346,0.8888314743577808,-6.913150632318652,0.0001224760025634,-9.007595436446568,0.0,0.0,0.0,0.0,0.0,0.0,0.0,0.0,0.0,0.0,0.0,55.15599822998047,-0.1431772070106699
2023-01-31,5.5,2023-01-28,5.310416666666667,1.2945636285877067,0.0803752095826168,0.1895833333333332,826.3144,1121.4501,0.20036515616130696,-0.58,55.42499923706055,0.33361811258215146,1.1212181678642346,0.8888314743577808,-6.913150632318652,0.0001224760025634,-9.007595436446568,0.0,0.0,0.0,0.0,0.0,0.0,0.0,0.0,0.0,0.0,0.0,57.35200119018555,-0.7595453744160299
2023-02-01,6.824999999999999,2023-01-29,6.101041666666667,1.037336040381417,0.8374742104023075,0.7239583333333321,820.416,1121.4501,0.17436835758637245,-0.53,55.42499923706055,0.33361811258215146,1.1212181678642346,0.8888314743577808,-6.913150632318652,0.0001224760025634,-9.007595436446568,0.0,0.0,0.0,0.0,0.0,0.0,0.0,0.0,0.0,0.0,0.0,59.527000427246094,-1.211245152157118
2023-02-02,7.925,2023-01-30,7.298958333333333,0.8237886086629873,0.6987465182443148,0.6260416666666666,813.9446,1121.4501,0.14537192840663843,-0.58,55.15599822998047,-0.4417271695565733,0.7777621112872388,0.7846135778171716,-6.915018866634177,2.367055878609276e-05,-10.651278485115462,0.0,0.0,0.0,0.0,0.0,0.0,0.0,0.0,0.0,0.0,0.0,57.040000915527344,0.4172467998175345
2023-02-03,8.55,2023-01-31,8.46875,0.7024548406411524,-0.07311074769856714,0.0812500000000007,810.1731,1123.7501,0.12137488356823761,-0.34,57.35200119018555,-1.0232748078193377,0.7703898972923487,0.7710072666022431,-6.774352334706683,0.0015242961461629,-6.486222518310435,0.0,0.0,0.0,0.0,0.0,0.0,0.0,0.0,0.0,0.0,0.0,57.88899993896485,0.3056968004846047
2023-02-06,4.275,2023-02-03,3.747916666666667,1.5323778139105029,0.5585429995740019,0.5270833333333336,795.4744,1123.7501,0.055882948696769845,-0.38,57.88899993896485,0.51334644214574,-0.2731376979335114,0.7125891639113032,-7.102238559956186,0.0002182885271048,-8.429692846843317,1.0,0.0,0.0,0.0,0.0,0.0,0.0,0.0,0.0,0.0,0.0,58.10900115966797,-0.21555980591641813
2023-02-07,2.6,2023-02-04,2.15625,1.8575523122090203,0.4404768785884746,0.4437500000000001,791.9875,1123.7501,0.04038485723863599,-0.31,57.88899993896485,0.51334644214574,-0.2731376979335114,0.7125891639113032,-7.102238559956186,0.0002182885271048,-8.429692846843317,1.0,0.0,0.0,0.0,0.0,0.0,0.0,0.0,0.0,0.0,0.0,55.40299987792969,-0.16888220793775052
2023-02-08,2.725,2023-02-05,2.5395833333333333,1.8332855586046533,0.07447190353334071,0.1854166666666667,787.1428,1121.7507,0.02488676578050214,-0.43,57.88899993896485,0.51334644214574,-0.2731376979335114,0.7125891639113032,-7.102238559956186,0.0002182885271048,-8.429692846843317,1.0,0.0,0.0,0.0,0.0,0.0,0.0,0.0,0.0,0.0,0.0,53.6870002746582,-0.7444546302495377
2023-02-09,2.675,2023-02-06,2.239583333333333,1.8429922600464002,0.42867026648992124,0.4354166666666663,781.1436,1123.7501,-0.008109170872298547,-0.53,58.10900115966797,-0.23726081188386208,-0.2572788697246775,0.6812790486307445,-6.742168980973204,1.4388323808668684e-05,-11.149093457415685,1.0,0.0,0.0,0.0,0.0,0.0,0.0,0.0,0.0,0.0,0.0,52.73400115966797,-0.27744634940328744
2023-02-10,4.975,2023-02-07,4.469791666666667,1.396483993726048,0.5275506428153003,0.505208333333333,773.8454,1123.7501,-0.04060516909096634,-0.65,55.40299987792969,-1.1994055537484185,-0.25880183294190023,0.5364637390481223,-7.183088905912341,0.0022740342747915,-6.086199810859923,1.0,0.0,0.0,0.0,0.0,0.0,0.0,0.0,0.0,0.0,0.0,53.946998596191406,0.13789340299494665
2023-02-13,7.225,2023-02-10,7.088541666666666,0.9596824288474425,0.0051080574543437484,0.1364583333333335,752.3464,1123.7501,-0.13609341001043532,-0.58,53.946998596191406,-0.10106178270131365,-0.47287280269370446,0.31635222013828673,-6.227095236695576,0.0005171815663595,-7.567116550991103,1.0,0.0,0.0,0.0,0.0,0.0,0.0,0.0,0.0,0.0,0.0,51.70700073242188,0.29850528667669757
2023-02-14,7.1,2023-02-11,7.363541666666666,0.9839491824518095,-0.5616093232761864,0.2635416666666668,747.5334,1123.7501,-0.15759076267816957,-0.43,53.946998596191406,-0.10106178270131365,-0.47287280269370446,0.31635222013828673,-6.227095236695576,0.0005171815663595,-7.567116550991103,1.0,0.0,0.0,0.0,0.0,0.0,0.0,0.0,0.0,0.0,0.0,52.38600158691406,-0.5009033136352775
2023-02-15,7.15,2023-02-12,7.366666666666667,0.9742424810100625,-0.4951971302218274,0.2166666666666667,743.4935,1123.7501,-0.17558854630697,-0.36,53.946998596191406,-0.10106178270131365,-0.47287280269370446,0.31635222013828673,-6.227095236695576,0.0005171815663595,-7.567116550991103,1.0,0.0,0.0,0.0,0.0,0.0,0.0,0.0,0.0,0.0,0.0,54.71599960327149,-0.8761649808211497
2023-02-16,8.3,2023-02-13,8.326041666666665,0.7509883478498863,-0.22512087846743067,0.0260416666666642,738.3865,1123.7501,-0.1980857758429707,-0.45,51.70700073242188,0.06792528106789854,-0.41142118272029826,0.263314104982068,-6.414950153297648,0.0017985125990482,-6.320795288988119,1.0,0.0,0.0,0.0,0.0,0.0,0.0,0.0,0.0,0.0,0.0,52.01100158691406,-0.31181932443077653
2023-02-17,10.975,2023-02-14,10.854166666666666,0.2316798207164334,-0.01702934023044255,0.1208333333333335,733.4188,1123.7501,-0.22008306694483784,-0.44,52.38600158691406,0.5088832790356119,-0.11789658579209729,0.20394587443559106,-6.246484663037494,0.0001702040472097,-8.67851255709174,1.0,0.0,0.0,0.0,0.0,0.0,0.0,0.0,0.0,0.0,0.0,49.047000885009766,-0.7639372192207723
2023-02-21,9.1,2023-02-18,9.604166666666666,0.5956811247819379,-0.9025252476218951,0.5041666666666664,720.8646,1123.7501,-0.27607617156777214,-0.11,49.047000885009766,0.6352534680302652,0.015585960980172762,0.15116565877267518,-6.498087402486909,0.0034428993893433,-5.671441316562031,1.0,0.0,0.0,0.0,0.0,0.0,0.0,0.0,0.0,0.0,0.0,48.54199981689453,-0.6970896995477847
2023-02-22,9.125,2023-02-19,9.122916666666669,0.5908277740610645,-0.18527356263481903,0.0020833333333332,719.4409,1123.7501,-0.28257537121150617,-0.13,49.047000885009766,0.6352534680302652,0.015585960980172762,0.15116565877267518,-6.498087402486909,0.0034428993893433,-5.671441316562031,1.0,0.0,0.0,0.0,0.0,0.0,0.0,0.0,0.0,0.0,0.0,50.56800079345703,-0.23360856662481105
2023-02-23,8.325,2023-02-20,7.8375,0.7461349971290132,0.5024615921058746,0.4874999999999989,716.7556,1123.7501,-0.2945738936307062,-0.24,49.047000885009766,0.6352534680302652,0.015585960980172762,0.15116565877267518,-6.498087402486909,0.0034428993893433,-5.671441316562031,1.0,0.0,0.0,0.0,0.0,0.0,0.0,0.0,0.0,0.0,0.0,50.77999877929688,0.2683208153445535
2023-02-24,6.65,2023-02-21,5.604166666666667,1.0713094954275304,1.2935046027089074,1.0458333333333334,713.3503,1123.7501,-0.3095720466547068,-0.3,48.54199981689453,0.7386296826179525,0.3019856314294128,0.20668743731353179,-6.488179630617744,0.0001071150749669,-9.141606825085663,1.0,0.0,0.0,0.0,0.0,0.0,0.0,0.0,0.0,0.0,0.0,51.01300048828125,0.7399680327592884
2023-02-27,2.55,2023-02-24,2.113541666666667,1.8672590136507672,0.4301460930022402,0.4364583333333329,703.9285,1123.7502,-0.3515668751219077,-0.27,51.01300048828125,-1.1300898540385391,0.11067241719780602,0.03094397875554044,-6.488026021729183,2.0957713525600244e-05,-10.773003744265852,1.0,0.0,0.0,0.0,0.0,0.0,0.0,0.0,0.0,0.0,0.0,47.29899978637695,-0.30277984264333324
2023-02-28,2.325,2023-02-25,2.720833333333333,1.910939170138628,-0.7490392903407099,0.395833333333333,701.2036,1123.7502,-0.3635653975411081,-0.24,51.01300048828125,-1.1300898540385391,0.11067241719780602,0.03094397875554044,-6.488026021729183,2.0957713525600244e-05,-10.773003744265852,1.0,0.0,0.0,0.0,0.0,0.0,0.0,0.0,0.0,0.0,0.0,46.665000915527344,-0.7413959374859915
2023-03-01,2.9,2023-02-26,3.0854166666666667,1.7993121035585393,-0.45092233485225475,0.1854166666666667,698.504,1123.7502,-0.3755639199603085,-0.24,51.01300048828125,-1.1300898540385391,0.11067241719780602,0.03094397875554044,-6.488026021729183,2.0957713525600244e-05,-10.773003744265852,1.0,0.0,0.0,0.0,0.0,0.0,0.0,0.0,0.0,0.0,0.0,47.08399963378906,-1.0093332722321455
2023-03-02,4.3,2023-02-27,4.334375,1.5275244631896294,-0.2369274905659866,0.0343749999999998,692.215,1124.7179,-0.40606016444244264,-0.56,47.29899978637695,-1.0663421358137215,-0.21148918742305473,-0.44697166125183035,-6.705695464801973,0.0057140541096899,-5.164826505374164,1.0,0.0,0.0,0.0,0.0,0.0,0.0,0.0,0.0,0.0,0.0,46.81499862670898,-0.06407341383121994
2023-03-03,4.275,2023-02-28,5.102083333333333,1.5323778139105029,-1.3600314664408115,0.8270833333333325,686.3222,1124.6164,-0.43205696301737645,-0.52,46.665000915527344,0.9178738788721107,0.08107592153592436,-0.2665608359089868,-6.607206049039657,0.0001821072107246,-8.610914968913965,1.0,0.0,0.0,0.0,0.0,0.0,0.0,0.0,0.0,0.0,0.0,44.97999954223633,0.2833643286910144
2023-03-06,4.6,2023-03-03,4.672916666666667,1.469284254539149,-0.2915330715217935,0.0729166666666669,671.2202,1124.7179,-0.49954865162537826,-0.44,44.97999954223633,-0.907558972541878,-0.1002087715904451,-0.2985913912515673,-4.743098941564521,0.0015988561007118,-6.43846684185545,0.0,1.0,0.0,0.0,0.0,0.0,0.0,0.0,0.0,0.0,0.0,42.14899826049805,0.40836715706840726
2023-03-07,4.525,2023-03-04,4.285416666666666,1.483844306701769,0.15121488217393403,0.2395833333333339,668.9794,1124.7179,-0.5095474203080453,-0.2,44.97999954223633,-0.907558972541878,-0.1002087715904451,-0.2985913912515673,-4.743098941564521,0.0015988561007118,-6.43846684185545,0.0,1.0,0.0,0.0,0.0,0.0,0.0,0.0,0.0,0.0,0.0,43.369998931884766,-0.46106921289586617
2023-03-08,4.3500000000000005,2023-03-05,2.0583333333333336,1.5178177617478827,3.0585931114425366,2.291666666666667,662.7734,1124.7179,-0.5370440341853793,-0.55,44.97999954223633,-0.907558972541878,-0.1002087715904451,-0.2985913912515673,-4.743098941564521,0.0015988561007118,-6.43846684185545,0.0,1.0,0.0,0.0,0.0,0.0,0.0,0.0,0.0,0.0,0.0,42.3390007019043,-1.1324435740800518
2023-03-09,7.275,2023-03-06,4.644791666666666,0.9499757274056956,3.5382367279462406,2.630208333333334,658.1859,1124.7179,-0.5575415099848463,-0.41,42.14899826049805,0.4672501833386487,0.08927784389713565,-0.2960293539785123,-4.746315898548793,0.0042259124218083,-5.466520083427433,0.0,1.0,0.0,0.0,0.0,0.0,0.0,0.0,0.0,0.0,0.0,43.5989990234375,-0.36984698562946594
2023-03-10,5.95,2023-03-07,7.319791666666667,1.2072033156119857,-2.128937079359058,1.369791666666667,652.4524,1124.7179,-0.5830383701256472,-0.51,43.369998931884766,0.8111323827314737,-0.08816379313865066,-0.20338198752568426,-4.4937583568893125,0.0008155031123116,-7.111705318238268,0.0,1.0,0.0,0.0,0.0,0.0,0.0,0.0,0.0,0.0,0.0,52.85699844360352,0.5192290779284616
2023-03-13,12.9,2023-03-10,11.902083333333334,-0.1420281847908181,1.2256165831422294,0.9979166666666668,639.3208,1124.7179,-0.6415311669192485,-0.29,52.85699844360352,0.2478445416227896,0.1382822018738666,-0.19718686554896184,-5.497601916363468,0.0370777871477904,-3.294737217821732,0.0,1.0,0.0,0.0,0.0,0.0,0.0,0.0,0.0,0.0,0.0,49.58399963378906,-0.2625358281027038
2023-03-14,7.800000000000001,2023-03-11,7.063541666666667,0.8480553622673542,0.8551841285501394,0.7364583333333341,636.7109,1124.7179,-0.6530297509043156,-0.23,52.85699844360352,0.2478445416227896,0.1382822018738666,-0.19718686554896184,-5.497601916363468,0.0370777871477904,-3.294737217821732,0.0,1.0,0.0,0.0,0.0,0.0,0.0,0.0,0.0,0.0,0.0,44.185001373291016,-0.7386656232132937
2023-03-15,5.85,2023-03-12,4.979166666666667,1.2266167184954793,1.0455657486392997,0.8708333333333327,635.0198,1124.7179,-0.6605288274163157,-0.15,52.85699844360352,0.2478445416227896,0.1382822018738666,-0.19718686554896184,-5.497601916363468,0.0370777871477904,-3.294737217821732,0.0,1.0,0.0,0.0,0.0,0.0,0.0,0.0,0.0,0.0,0.0,42.90499877929688,-0.8446171545813158
2023-03-16,9.0,2023-03-13,8.870833333333334,0.6150945276654315,-0.00522272813189046,0.1291666666666664,633.9407,1124.7179,-0.6655282117576493,-0.1,49.58399963378906,1.579525776661859,1.5117224150855353,0.5141323442728848,-5.347744411914296,0.004086013233551,-5.500185543592669,0.0,1.0,0.0,0.0,0.0,0.0,0.0,0.0,0.0,0.0,0.0,44.34099960327149,0.2401008975424436
2023-03-17,11.6,2023-03-14,10.782291666666666,0.11034605269459853,0.970298596511028,0.8177083333333339,632.0824,1124.7179,-0.6735272267037826,-0.17,44.185001373291016,0.7992212853541679,1.5090999885956031,0.5571955767195153,-5.733880071634047,0.0132901234246216,-4.320734119195396,0.0,1.0,0.0,0.0,0.0,0.0,0.0,0.0,0.0,0.0,0.0,42.85699844360352,-0.19958074945844465
2023-03-20,9.25,2023-03-17,10.210416666666667,0.5665610204566975,-1.548937260017657,0.9604166666666673,625.9414,1124.7179,-0.7010238405811169,-0.09,42.85699844360352,0.32969066217515314,1.722374572554823,0.7142514035811036,-5.299548505768489,0.0011587755227257,-6.760391414378997,0.0,1.0,0.0,0.0,0.0,0.0,0.0,0.0,0.0,0.0,0.0,39.32500076293945,-0.7221921346445727
2023-03-21,10.8,2023-03-18,10.275,0.26565327576254694,0.5555913465493638,0.5250000000000004,626.5062,1124.7179,-0.69852414841045,0.05,42.85699844360352,0.32969066217515314,1.722374572554823,0.7142514035811036,-5.299548505768489,0.0011587755227257,-6.760391414378997,0.0,1.0,0.0,0.0,0.0,0.0,0.0,0.0,0.0,0.0,0.0,42.400001525878906,-0.6779573643945709
2023-03-22,11.1,2023-03-19,9.99375,0.20741306711206642,1.3791025404234134,1.1062499999999993,626.8036,1124.7179,-0.6970243331080502,0.03,42.85699844360352,0.32969066217515314,1.722374572554823,0.7142514035811036,-5.299548505768489,0.0011587755227257,-6.760391414378997,0.0,1.0,0.0,0.0,0.0,0.0,0.0,0.0,0.0,0.0,0.0,39.97499847412109,-1.588423769178098
2023-03-23,13.075,2023-03-20,11.857291666666669,-0.17600163983693165,1.5370159772415557,1.2177083333333325,625.445,1124.7179,-0.7030235943176503,-0.12,39.32500076293945,0.35335080656924606,0.8966602313139461,0.7255098307946167,-5.58608981196867,0.0073974599393669,-4.906618588997989,0.0,1.0,0.0,0.0,0.0,0.0,0.0,0.0,0.0,0.0,0.0,43.18600082397461,-0.578180889870732
2023-03-24,11.925,2023-03-21,11.707291666666666,0.047252493323244195,0.12022252541523362,0.2177083333333342,624.9643,1124.7179,-0.7050233480541835,-0.04,42.400001525878906,1.0092298152072323,1.0188223526304718,0.785791875260366,-5.943998682654008,0.0056682723856766,-5.172870901378859,0.0,1.0,0.0,0.0,0.0,0.0,0.0,0.0,0.0,0.0,0.0,41.09400177001953,0.005624982997176698
2023-03-27,6.075,2023-03-24,5.43125,1.1829365620076187,0.7238355689537405,0.6437500000000007,627.5113,1124.7179,-0.69402470250325,0.13,41.09400177001953,0.9333440343092806,1.0142912568354912,0.8764479086516342,-6.199973287832213,0.0024655414859536,-6.005343825447707,0.0,1.0,0.0,0.0,0.0,0.0,0.0,0.0,0.0,0.0,0.0,42.52799987792969,-0.9276151288723374
2023-03-28,6.35,2023-03-25,6.446875,1.1295497040780114,-0.32547708130513187,0.0968749999999998,628.9689,1123.2643,-0.684025933820583,0.13,41.09400177001953,0.9333440343092806,1.0142912568354912,0.8764479086516342,-6.199973287832213,0.0024655414859536,-6.005343825447707,0.0,1.0,0.0,0.0,0.0,0.0,0.0,0.0,0.0,0.0,0.0,42.75199890136719,-0.45528617185794185
2023-03-29,11.65,2023-03-26,10.39375,0.1006393512528516,1.5916215581973627,1.2562499999999996,629.8029,1124.7179,-0.6835259953864498,0.07,41.09400177001953,0.9333440343092806,1.0142912568354912,0.8764479086516342,-6.199973287832213,0.0024655414859536,-6.005343825447707,0.0,1.0,0.0,0.0,0.0,0.0,0.0,0.0,0.0,0.0,0.0,42.803001403808594,-1.5950765719814783
2023-03-30,13.2,2023-03-27,12.419791666666669,-0.20026839344129863,0.9171688420675388,0.7802083333333325,628.2532,1124.7179,-0.6905251334643165,-0.14,42.52799987792969,0.6204924203217149,1.0581111033352517,0.8840415797033297,-5.876989235358892,0.0011765250647536,-6.745190044665812,0.0,1.0,0.0,0.0,0.0,0.0,0.0,0.0,0.0,0.0,0.0,43.60900115966797,-0.14032645414689257
2023-03-31,10.975,2023-03-28,10.21875,0.23167982071643303,0.883224832284203,0.7562500000000014,625.8618,1124.6164,-0.7010238405811169,-0.21,42.75199890136719,0.3587291674778293,0.8245259122639902,0.895020791811602,-5.355581799479009,2.7596872546426104e-05,-10.49780806896093,0.0,1.0,0.0,0.0,0.0,0.0,0.0,0.0,0.0,0.0,0.0,47.845001220703125,-0.860132478961562
2023-04-03,6.125,2023-03-31,5.582291666666666,1.1732298605658718,0.5806803972587882,0.5427083333333336,627.8241,1125.2066,-0.6935247640691168,0.21,47.845001220703125,-0.07222781154796229,-0.4309000100062077,0.84131654325893,-5.645201683726056,0.0085938586462773,-4.75670744160294,0.0,1.0,0.0,0.0,0.0,0.0,0.0,0.0,0.0,0.0,0.0,51.367000579833984,-0.637208974412661
2023-04-04,5.65,2023-04-01,5.663541666666667,1.2654435242624662,-0.20741096031960518,0.0135416666666667,627.9931,1124.9783,-0.6925248872008499,0.02,47.845001220703125,-0.07222781154796229,-0.4309000100062077,0.84131654325893,-5.645201683726056,0.0085938586462773,-4.75670744160294,0.0,1.0,0.0,0.0,0.0,0.0,0.0,0.0,0.0,0.0,0.0,46.56800079345703,-1.2577671991587618
2023-04-05,7.5,2023-04-02,6.820833333333333,0.9062955709178351,0.7740136703725891,0.6791666666666671,628.5865,1124.8219,-0.6895252565960498,0.05,47.845001220703125,-0.07222781154796229,-0.4309000100062077,0.84131654325893,-5.645201683726056,0.0085938586462773,-4.75670744160294,0.0,1.0,0.0,0.0,0.0,0.0,0.0,0.0,0.0,0.0,0.0,44.57500076293945,-1.4005979841609018
2023-04-06,8.2,2023-04-03,7.319791666666667,0.7704017507333802,1.0588481872501707,0.8802083333333321,627.7306,1124.7109,-0.6930248256349831,-0.08,51.367000579833984,1.0622695261098019,0.3240951335165142,0.9226073037061325,-5.967932799243708,0.0050451628041696,-5.289325355098714,0.0,0.0,1.0,0.0,0.0,0.0,0.0,0.0,0.0,0.0,0.0,43.125,-0.7323760937763506
2023-04-10,11.775,2023-04-07,11.388541666666669,0.07637259764848463,0.3593064204109249,0.3864583333333335,624.3902,1126.8579,-0.7130223630003173,0.02,43.125,0.5307596171133653,1.0759098983075648,1.015714652570354,-8.195002194986941,0.0010936451067588,-6.81823902636889,0.0,0.0,1.0,0.0,0.0,0.0,0.0,0.0,0.0,0.0,0.0,43.125,0.6426732892448251
2023-04-11,10.225,2023-04-08,10.305208333333336,0.3772803423426352,-0.30186385710802893,0.0802083333333349,625.6381,1126.8579,-0.7075230402248501,0.11,43.125,0.5307596171133653,1.0759098983075648,1.015714652570354,-8.195002194986941,0.0010936451067588,-6.81823902636889,0.0,0.0,1.0,0.0,0.0,0.0,0.0,0.0,0.0,0.0,0.0,43.69200134277344,-1.0541165414526674
2023-04-12,9.325,2023-04-09,8.876041666666666,0.5520009682940775,0.4478560111500702,0.4489583333333335,627.7175,1126.8579,-0.6980242099763168,0.18,43.125,0.5307596171133653,1.0759098983075648,1.015714652570354,-8.195002194986941,0.0010936451067588,-6.81823902636889,0.0,0.0,1.0,0.0,0.0,0.0,0.0,0.0,0.0,0.0,0.0,42.880001068115234,-1.3935208807999386
2023-04-13,8.85,2023-04-10,8.30625,0.6442146319906719,0.5821562237711059,0.5437499999999993,630.0833,1126.8579,-0.6875255028595164,0.21,43.125,0.3328838788613119,1.0993857428798968,1.0180092764182054,-8.194795007749791,0.0,-27.631021115928547,0.0,0.0,1.0,0.0,0.0,0.0,0.0,0.0,0.0,0.0,0.0,42.09299850463867,0.21543025157404605
2023-04-14,8.95,2023-04-11,9.179166666666667,0.6248012291071784,-0.512907048369658,0.2291666666666678,631.6249,1126.8579,-0.6810263032157832,0.14,43.69200134277344,-7.030837660801018,0.7763385914126547,1.0132274280122548,-7.539786470373367,0.0001706203990758,-8.676069351651087,0.0,0.0,1.0,0.0,0.0,0.0,0.0,0.0,0.0,0.0,0.0,41.14899826049805,-0.5996356141615321
2023-04-17,10.125,2023-04-14,9.642708333333331,0.3966937452261287,0.49508245954428093,0.4822916666666668,633.39,1126.8579,-0.6730272882696494,0.0,41.14899826049805,-0.07722308710374694,-1.0165790248035211,0.5875134037772041,-6.907292998645226,0.0005144657449738,-7.572381582216865,0.0,0.0,1.0,0.0,0.0,0.0,0.0,0.0,0.0,0.0,0.0,41.12699890136719,-0.15893328428144352
2023-04-18,10.025,2023-04-15,9.4375,0.41610714810962224,0.6441409372885091,0.5875000000000004,635.2792,1127.9585,-0.6675279654941826,0.17,41.14899826049805,-0.07722308710374694,-1.0165790248035211,0.5875134037772041,-6.907292998645226,0.0005144657449738,-7.572381582216865,0.0,0.0,1.0,0.0,0.0,0.0,0.0,0.0,0.0,0.0,0.0,42.72200012207031,-0.6883232864751007
2023-04-19,11.3,2023-04-16,9.220833333333331,0.16858626134507906,2.757524502929444,2.0791666666666675,637.6789,1127.9585,-0.6570292583773824,0.21,41.14899826049805,-0.07722308710374694,-1.0165790248035211,0.5875134037772041,-6.907292998645226,0.0005144657449738,-7.572381582216865,0.0,0.0,1.0,0.0,0.0,0.0,0.0,0.0,0.0,0.0,0.0,40.29800033569336,-1.425394164677277
2023-04-20,8.2,2023-04-17,6.019791666666666,0.7704017507333802,2.900679674624393,2.180208333333333,638.9929,1127.9585,-0.6510299971677823,0.12,41.12699890136719,0.06606247273803152,-1.3022295826305779,0.4020506700793801,-6.900253854018351,2.859787489134768e-07,-15.0673448366284,0.0,0.0,1.0,0.0,0.0,0.0,0.0,0.0,0.0,0.0,0.0,40.56499862670898,-0.6180069116540854
2023-04-21,10.5,2023-04-18,9.913541666666667,0.3238934844130278,0.6426651107761888,0.5864583333333329,640.523,1127.9585,-0.6440308590899154,0.14,42.72200012207031,-2.5857128698373057,-1.3020606859677581,0.3880519035403102,-7.23758560839786,0.0014477415813811,-6.537750466151798,0.0,0.0,1.0,0.0,0.0,0.0,0.0,0.0,0.0,0.0,0.0,40.16400146484375,-0.36984698562946594
2023-04-24,9.6,2023-04-21,8.659375,0.49861411036447006,1.1444461249646778,0.9406249999999988,646.4475,1129.0285,-0.6205337526856481,0.21,40.16400146484375,-0.8070836886392915,-0.18741750767264437,0.3072701250613152,-8.155191051971252,9.869396249505844e-05,-9.223486773526316,0.0,0.0,1.0,0.0,0.0,0.0,0.0,0.0,0.0,0.0,0.0,39.92499923706055,0.1709604458485733
2023-04-25,7.7,2023-04-22,7.139583333333333,0.8674687651508481,0.6057694479682125,0.5604166666666668,650.1344,1129.0285,-0.6045357227933811,0.33,40.16400146484375,-0.8070836886392915,-0.18741750767264437,0.3072701250613152,-8.155191051971252,9.869396249505844e-05,-9.223486773526316,0.0,0.0,1.0,0.0,0.0,0.0,0.0,0.0,0.0,0.0,0.0,39.83300018310547,-0.9572089663708283
2023-04-26,8.375,2023-04-23,7.923958333333333,0.7364282956872663,0.45080766417470824,0.4510416666666668,654.1633,1129.0285,-0.5865379391645806,0.36,40.16400146484375,-0.8070836886392915,-0.18741750767264437,0.3072701250613152,-8.155191051971252,9.869396249505844e-05,-9.223486773526316,0.0,0.0,1.0,0.0,0.0,0.0,0.0,0.0,0.0,0.0,0.0,38.55099868774414,-1.1908037153934343
2023-04-27,10.55,2023-04-24,10.764583333333333,0.3141867829712809,-0.4922454771971869,0.2145833333333318,657.3483,1129.0285,-0.5725396630088468,0.28,39.92499923706055,-0.5181111763769838,-0.252503793841284,0.2022263797722334,-8.13935689119027,3.5622198407991065e-05,-10.242541535574654,0.0,0.0,1.0,0.0,0.0,0.0,0.0,0.0,0.0,0.0,0.0,39.03900146484375,0.48723293177322635
2023-04-28,12.8,2023-04-25,13.039583333333333,-0.1226147819073246,-0.5276653134928455,0.2395833333333321,659.8699,1129.0285,-0.5610410790237798,0.22,39.83300018310547,-0.87866054786899,-0.24676556376042408,0.13095712209204663,-7.553170260657418,5.322045650624161e-06,-12.143652619828224,0.0,0.0,1.0,0.0,0.0,0.0,0.0,0.0,0.0,0.0,0.0,38.53799819946289,0.8255405839085366
2023-05-01,13.15,2023-04-28,13.1875,-0.19056169199955206,-0.24135497010294357,0.0374999999999996,665.5249,1129.0285,-0.5360441573171124,0.23,38.53799819946289,-0.3510920153309763,-1.309400486618146,-0.07035741320737192,-7.33744213408764,0.0001668350216661,-8.698505122057627,0.0,0.0,1.0,0.0,0.0,0.0,0.0,0.0,0.0,0.0,0.0,38.83399963378906,-0.19018890089524235
2023-05-02,11.45,2023-04-29,10.6375,0.1394661570198386,0.9629194639494342,0.8125000000000018,669.4202,1129.0285,-0.5190462505565788,0.35,38.53799819946289,-0.3510920153309763,-1.309400486618146,-0.07035741320737192,-7.33744213408764,0.0001668350216661,-8.698505122057627,0.0,0.0,1.0,0.0,0.0,0.0,0.0,0.0,0.0,0.0,0.0,37.52899932861328,-1.0835083429038932
2023-05-03,11.5,2023-04-30,10.448958333333334,0.12975945557809204,1.3008837352705025,1.0510416666666664,673.7924,1128.0458,-0.49704895945471167,0.39,38.53799819946289,-0.3510920153309763,-1.309400486618146,-0.07035741320737192,-7.33744213408764,0.0001668350216661,-8.698505122057627,0.0,0.0,1.0,0.0,0.0,0.0,0.0,0.0,0.0,0.0,0.0,36.78200149536133,-0.9483361596614425
2023-05-04,15.5,2023-05-01,14.58125,-0.646776659761651,1.1134537682059773,0.9187499999999992,677.85,1128.7318,-0.4810509295624446,0.36,38.83399963378906,-0.33236865150873446,-1.2697759947992016,-0.06662534752207154,-7.334928228357678,5.854424882020458e-05,-9.745727682475216,0.0,0.0,0.0,1.0,0.0,0.0,0.0,0.0,0.0,0.0,0.0,35.65299987792969,-0.4064958647243001
2023-05-05,15.475,2023-05-02,15.729166666666668,-0.6419233090407775,-0.5483268846653166,0.2541666666666682,680.3856,1128.8818,-0.47005228401151067,0.22,37.52899932861328,-0.702884005572603,-1.2568681682783887,-0.06509862369613828,-7.510201377226148,0.0011684222902845,-6.752100909162521,0.0,0.0,0.0,1.0,0.0,0.0,0.0,0.0,0.0,0.0,0.0,36.57400131225586,-0.8556582288050283
2023-05-08,15.35,2023-05-05,14.678125,-0.6176565554364106,0.7636828847863523,0.6718749999999982,688.766,1129.1618,-0.43355677831977657,0.3,36.57400131225586,0.2911287540419684,-0.7343447198788071,-0.4363831074587195,-6.766487435768511,0.0006504718670524,-7.337812507599502,0.0,0.0,0.0,1.0,0.0,0.0,0.0,0.0,0.0,0.0,0.0,36.874000549316406,-0.9745541121523882
2023-05-09,13.6,2023-05-06,13.351041666666667,-0.27792200497527303,0.16449732078480386,0.2489583333333325,692.7355,1129.1618,-0.41605893312510933,0.35,36.57400131225586,0.2911287540419684,-0.7343447198788071,-0.4363831074587195,-6.766487435768511,0.0006504718670524,-7.337812507599502,0.0,0.0,0.0,1.0,0.0,0.0,0.0,0.0,0.0,0.0,0.0,35.95000076293945,-0.6208246029438409
2023-05-10,12.4,2023-05-07,11.972916666666666,-0.04496117037335022,0.4168636543913699,0.4270833333333339,696.8523,1129.1618,-0.3980611494963089,0.36,36.57400131225586,0.2911287540419684,-0.7343447198788071,-0.4363831074587195,-6.766487435768511,0.0006504718670524,-7.337812507599502,0.0,0.0,0.0,1.0,0.0,0.0,0.0,0.0,0.0,0.0,0.0,34.99300003051758,-1.4165803343471142
2023-05-11,12.6,2023-05-08,12.520833333333332,-0.08378797614033724,-0.07606240072320514,0.0791666666666675,700.0501,1129.1618,-0.3835629349064419,0.28,36.874000549316406,0.14905480600062793,-0.6031564425775888,-0.8904064146491569,-6.744661618226705,6.673369181340376e-05,-9.61480059295153,0.0,0.0,0.0,1.0,0.0,0.0,0.0,0.0,0.0,0.0,0.0,34.99300003051758,-1.2674593363040572
2023-05-12,13.075,2023-05-09,12.596875,-0.17600163983693165,0.4891791534950048,0.4781250000000003,702.4646,1129.1151,-0.3730642277896416,0.21,35.95000076293945,-0.6565609995899241,-0.6011071354181595,-1.019898707854304,-6.816439327027497,0.0006440228434551,-7.3477763597326415,0.0,0.0,0.0,1.0,0.0,0.0,0.0,0.0,0.0,0.0,0.0,32.766998291015625,-0.21518693102143505
2023-05-15,12.325,2023-05-12,13.732291666666669,-0.030401118210729834,-2.182066833802546,1.4072916666666675,710.2775,1129.1151,-0.33806853740030757,0.26,32.766998291015625,-7.030837660801018,-0.9642579753163835,-1.0118220155050959,-6.802670276102596,0.0043199311503187,-5.444515814047851,0.0,0.0,0.0,1.0,0.0,0.0,0.0,0.0,0.0,0.0,0.0,32.31399917602539,0.2713699376524618
2023-05-16,11.0,2023-05-13,10.179166666666667,0.22682646999555992,0.9747260760479838,0.8208333333333329,714.7887,1129.1151,-0.3180710000349734,0.4,32.766998291015625,-7.030837660801018,-0.9642579753163835,-1.0118220155050959,-6.802670276102596,0.0043199311503187,-5.444515814047851,0.0,0.0,0.0,1.0,0.0,0.0,0.0,0.0,0.0,0.0,0.0,31.82099914550781,-0.6636453073004351
2023-05-17,11.275,2023-05-14,11.127083333333331,0.17343961206595251,0.02134214908985413,0.1479166666666671,719.2941,1129.0942,-0.29807346266963963,0.4,32.766998291015625,-7.030837660801018,-0.9642579753163835,-1.0118220155050959,-6.802670276102596,0.0043199311503187,-5.444515814047851,0.0,0.0,0.0,1.0,0.0,0.0,0.0,0.0,0.0,0.0,0.0,31.952999114990234,-0.9047370168157552
2023-05-18,11.425,2023-05-15,11.530208333333333,0.1443195077407121,-0.3372836934036827,0.1052083333333318,722.504,1130.6387,-0.28857463242110615,0.28,32.31399917602539,0.818917661590288,-0.13772071162319494,-0.7550194021265811,-6.794178488090751,0.0001938029239576,-8.548668765960842,0.0,0.0,0.0,1.0,0.0,0.0,0.0,0.0,0.0,0.0,0.0,29.78499984741211,0.10275963889006041
2023-05-19,13.625,2023-05-16,13.589583333333334,-0.2827753556961465,-0.13804711424060837,0.0354166666666664,725.5067,1129.1157,-0.27107678722643896,0.27,31.82099914550781,-0.27935540233971135,-0.11992855513310241,-0.7634929119111653,-6.76640884523342,0.0002363637200472,-8.350138748476432,0.0,0.0,0.0,1.0,0.0,0.0,0.0,0.0,0.0,0.0,0.0,30.176000595092773,0.12977591653116488
2023-05-22,17.675,2023-05-19,17.391666666666666,-1.0690181724776364,0.21319959569133728,0.283333333333335,735.52,1130.8316,-0.23158165092990432,0.32,30.176000595092773,0.866130810863784,0.2876595044524676,-0.5957568518635107,-6.037004447843165,0.0001700942912651,-8.6791576142982,0.0,0.0,0.0,1.0,0.0,0.0,0.0,0.0,0.0,0.0,0.0,29.711000442504883,0.5098107552477155
2023-05-23,14.25,2023-05-20,13.952083333333334,-0.4041091237179813,0.23386116686380082,0.2979166666666657,740.2532,1130.8316,-0.21058423669630438,0.42,30.176000595092773,0.866130810863784,0.2876595044524676,-0.5957568518635107,-6.037004447843165,0.0001700942912651,-8.6791576142982,0.0,0.0,0.0,1.0,0.0,0.0,0.0,0.0,0.0,0.0,0.0,29.12700080871582,-0.506940033893422
2023-05-24,12.575,2023-05-21,13.03125,-0.07893462541946378,-0.8346372280552184,0.4562500000000007,745.1257,1130.8316,-0.18908688402857016,0.43,30.176000595092773,0.866130810863784,0.2876595044524676,-0.5957568518635107,-6.037004447843165,0.0001700942912651,-8.6791576142982,0.0,0.0,0.0,1.0,0.0,0.0,0.0,0.0,0.0,0.0,0.0,27.78499984741211,-1.129479280810752
2023-05-25,14.175,2023-05-22,13.994791666666666,-0.3895490715553613,0.06709277097174703,0.1802083333333346,748.1494,1130.8316,-0.17558854630697,0.27,29.711000442504883,-0.3255233552377307,-0.16721654866329588,-0.7643056592054774,-6.053750025466792,0.0002411673477585,-8.330019472264022,0.0,0.0,0.0,1.0,0.0,0.0,0.0,0.0,0.0,0.0,0.0,25.45199966430664,-0.8358942435797131
2023-05-26,14.55,2023-05-23,14.007291666666664,-0.4623493323684621,0.5806803972587907,0.5427083333333353,751.0923,1130.8316,-0.16259014701950275,0.26,29.12700080871582,-0.20199560936734864,-0.16029414033206005,-0.7531030317133921,-5.601658007231747,0.0003940922036264,-7.838925654150663,0.0,0.0,0.0,1.0,0.0,0.0,0.0,0.0,0.0,0.0,0.0,24.520000457763672,0.8818730315430011
2023-05-30,15.15,2023-05-27,15.142708333333331,-0.5788297496694235,-0.17789443007322275,0.0072916666666671,764.5046,1130.8316,-0.10309747335763464,0.39,24.520000457763672,1.0230273193668455,0.3689890700945804,-0.3073975783123585,-4.353759490248914,0.0013916766372003,-6.577246044199181,0.0,0.0,0.0,1.0,0.0,0.0,0.0,0.0,0.0,0.0,0.0,24.68099975585937,-0.7143022261583623
2023-05-31,17.625,2023-05-28,17.161458333333332,-1.0593114710358895,0.46851758232253876,0.4635416666666678,768.7084,1130.8316,-0.0845997512947006,0.37,24.520000457763672,1.0230273193668455,0.3689890700945804,-0.3073975783123585,-4.353759490248914,0.0013916766372003,-6.577246044199181,0.0,0.0,0.0,1.0,0.0,0.0,0.0,0.0,0.0,0.0,0.0,26.851999282836918,-1.5160092894688288
2023-06-01,17.1,2023-05-29,16.519791666666666,-0.9573911058975485,0.6338101517022774,0.580208333333335,772.3597,1130.8316,-0.06860172140243385,0.32,24.520000457763672,1.0230273193668455,0.3689890700945804,-0.3073975783123585,-4.353759490248914,0.0013916766372003,-6.577246044199181,0.0,0.0,0.0,1.0,0.0,0.0,0.0,0.0,0.0,0.0,0.0,23.10300064086914,-1.3781069783911277
2023-06-02,14.725,2023-05-30,15.107291666666663,-0.49632278741457575,-0.7298535456805604,0.3822916666666653,775.347,1130.8316,-0.05560332211496659,0.26,24.68099975585937,0.4181490397645602,0.45694546540168235,-0.29629603890977285,-4.101850139550033,4.283149106781029e-05,-10.058236929964794,0.0,0.0,0.0,1.0,0.0,0.0,0.0,0.0,0.0,0.0,0.0,23.68899917602539,-0.2975991188524383
2023-06-05,17.825,2023-06-02,17.424999999999997,-1.0981382768028765,0.37849216507107575,0.4000000000000021,784.0648,1129.2682,-0.012108678345365232,0.31,23.68899917602539,1.4045777579301464,1.4184177737764885,0.38483397078330356,-4.0594907798398525,0.0006274155107833,-7.373901538599766,0.0,0.0,0.0,0.0,1.0,0.0,0.0,0.0,0.0,0.0,0.0,28.47800064086914,0.00022625168434826462
2023-06-06,18.225,2023-06-03,17.985416666666666,-1.1321117318489904,0.15121488217393658,0.2395833333333357,787.9565,1129.2682,0.0053891668493016055,0.34,23.68899917602539,1.4045777579301464,1.4184177737764885,0.38483397078330356,-4.0594907798398525,0.0006274155107833,-7.373901538599766,0.0,0.0,0.0,0.0,1.0,0.0,0.0,0.0,0.0,0.0,0.0,24.86000061035156,-0.171789016327407
2023-06-07,18.625,2023-06-04,17.755208333333336,-1.1321117318489904,1.0440899221269782,0.8697916666666643,791.9009,1129.2682,0.022887012043968445,0.35,23.68899917602539,1.4045777579301464,1.4184177737764885,0.38483397078330356,-4.0594907798398525,0.0006274155107833,-7.373901538599766,0.0,0.0,0.0,0.0,1.0,0.0,0.0,0.0,0.0,0.0,0.0,26.33099937438965,-1.4885897476288001
2023-06-08,19.5,2023-06-05,18.81875,-1.1321117318489904,0.7769653233972297,0.6812500000000021,794.5259,1129.2884,0.03438559602903561,0.23,28.47800064086914,0.13628623071940743,1.2548052995624452,0.3759266221360218,-4.539007643944119,0.0339005836152358,-3.384323048925756,0.0,0.0,0.0,0.0,1.0,0.0,0.0,0.0,0.0,0.0,0.0,26.94499969482422,-0.36609524272777777
2023-06-09,22.275,2023-06-06,21.23958333333333,-1.1321117318489904,1.2787463375857162,1.0354166666666664,796.8271,1129.2884,0.04438436471170268,0.2,24.86000061035156,1.5478296242056155,1.8291074767129214,0.8097905727517052,-4.467236771095594,0.0184611382168227,-3.992087393204628,0.0,0.0,0.0,0.0,1.0,0.0,0.0,0.0,0.0,0.0,0.0,32.04899978637695,0.0637651281225193
2023-06-12,23.45,2023-06-09,22.157291666666666,-1.1321117318489904,1.6432754861285317,1.2927083333333336,805.4832,1129.2884,0.08287962413997015,0.31,32.04899978637695,0.07748089979561838,1.7284695080421908,1.001298806870482,-4.450773999246787,0.0300912285216684,-3.5035215609028336,0.0,0.0,0.0,0.0,1.0,0.0,0.0,0.0,0.0,0.0,0.0,31.035999298095703,-0.5413982729802306
2023-06-13,22.55,2023-06-10,20.60625,-1.1321117318489904,2.565667056327963,1.9437500000000012,809.6492,1129.2884,0.10137734620290419,0.37,32.04899978637695,0.07748089979561838,1.7284695080421908,1.001298806870482,-4.450773999246787,0.0300912285216684,-3.5035215609028336,0.0,0.0,0.0,0.0,1.0,0.0,0.0,0.0,0.0,0.0,0.0,36.05099868774414,-0.5281036671828719
2023-06-14,21.4,2023-06-11,18.941666666666663,-1.1321117318489904,3.2947253534135887,2.458333333333332,813.9668,1129.2884,0.12037500669997113,0.38,32.04899978637695,0.07748089979561838,1.7284695080421908,1.001298806870482,-4.450773999246787,0.0300912285216684,-3.5035215609028336,0.0,0.0,0.0,0.0,1.0,0.0,0.0,0.0,0.0,0.0,0.0,38.3120002746582,-0.7863631583213717
2023-06-15,21.45,2023-06-12,19.81458333333333,-1.1321117318489904,2.128822408681513,1.635416666666668,817.2673,1129.2884,0.13487322128983847,0.29,31.035999298095703,1.5056562786930228,2.068991959193691,1.2201781694586091,-4.306396226665747,0.0010315772649261,-6.876666321882973,0.0,0.0,0.0,0.0,1.0,0.0,0.0,0.0,0.0,0.0,0.0,41.14500045776367,-1.0399259172826645
2023-06-16,21.775,2023-06-13,20.558333333333334,-1.1321117318489904,1.5355401507292354,1.216666666666665,820.6397,1129.2884,0.14987137431383873,0.3,36.05099868774414,0.31221185468742263,1.6780953034583501,1.2221845301926502,-4.652504440445967,0.0224360758023974,-3.797085088691485,0.0,0.0,0.0,0.0,1.0,0.0,0.0,0.0,0.0,0.0,0.0,35.007999420166016,-0.853409171730122
2023-06-20,22.275,2023-06-17,21.590625,-1.1321117318489904,0.7813928029341829,0.6843749999999993,833.434,1129.2884,0.20636441737090663,0.33,35.007999420166016,0.8769062761065123,1.8040832603934944,1.3835259625494016,-5.47519930378746,0.0260905950321706,-3.646180373149509,0.0,0.0,0.0,0.0,1.0,0.0,0.0,0.0,0.0,0.0,0.0,38.70800018310547,-0.5938878719469995
2023-06-21,22.15,2023-06-18,21.79375,-1.1321117318489904,0.3165074515536701,0.3562499999999993,837.7829,1129.2884,0.22586201630210717,0.39,35.007999420166016,0.8769062761065123,1.8040832603934944,1.3835259625494016,-5.47519930378746,0.0260905950321706,-3.646180373149509,0.0,0.0,0.0,0.0,1.0,0.0,0.0,0.0,0.0,0.0,0.0,36.74300003051758,-0.7308700520755139
2023-06-22,19.975,2023-06-19,19.390625,-1.1321117318489904,0.6397134577515534,0.5843750000000014,840.7602,1129.2884,0.23886041558957444,0.26,35.007999420166016,0.8769062761065123,1.8040832603934944,1.3835259625494016,-5.47519930378746,0.0260905950321706,-3.646180373149509,0.0,0.0,0.0,0.0,1.0,0.0,0.0,0.0,0.0,0.0,0.0,34.09700012207031,-0.3547421965085961
2023-06-23,20.55,2023-06-20,18.728125,-1.1321117318489904,2.3929953543866307,1.821875000000002,843.9519,1129.2884,0.2528586917453082,0.28,38.70800018310547,1.4551824994527909,1.7500223600801328,1.5166715026785769,-5.704421119456921,0.0100941629314068,-4.595797949683855,0.0,0.0,0.0,0.0,1.0,0.0,0.0,0.0,0.0,0.0,0.0,32.50699996948242,0.21543025157404605
2023-06-26,20.85,2023-06-23,20.346875,-1.1321117318489904,0.5245989897906636,0.5031250000000007,849.46,1129.2884,0.2773556750178419,0.24,32.50699996948242,0.9098431404369409,1.6171872536774061,1.5782006626013425,-6.218795614460604,0.0022804404702321,-6.0833866655375015,0.0,0.0,0.0,0.0,1.0,0.0,0.0,0.0,0.0,0.0,0.0,31.975000381469727,-1.354586278598858
2023-06-27,19.4,2023-06-24,19.620833333333334,-1.1321117318489904,-0.501100436271106,0.220833333333335,853.5544,1129.2884,0.29535345864664236,0.36,32.50699996948242,0.9098431404369409,1.6171872536774061,1.5782006626013425,-6.218795614460604,0.0022804404702321,-6.0833866655375015,0.0,0.0,0.0,0.0,1.0,0.0,0.0,0.0,0.0,0.0,0.0,34.50600051879883,-0.3987730041910421
2023-06-28,20.1,2023-06-25,20.34166666666667,-1.1321117318489904,-0.530616966517486,0.2416666666666671,857.5833,1129.3964,0.3128513038413099,0.36,32.50699996948242,0.9098431404369409,1.6171872536774061,1.5782006626013425,-6.218795614460604,0.0022804404702321,-6.0833866655375015,0.0,0.0,0.0,0.0,1.0,0.0,0.0,0.0,0.0,0.0,0.0,34.125,-0.07127536813618657
2023-06-29,20.275,2023-06-26,21.246875,-1.1321117318489904,-1.5651713516531673,0.9718750000000008,860.6019,1129.2884,0.32684957999704295,0.27,31.975000381469727,0.5928802664004993,1.5696388908560026,1.5873019059681932,-5.644575744508993,0.0002722859852201,-8.208657624096206,0.0,0.0,0.0,0.0,1.0,0.0,0.0,0.0,0.0,0.0,0.0,35.18000030517578,0.6508921976800424
2023-06-30,18.7,2023-06-27,18.110416666666666,-1.1321117318489904,0.6470925903131471,0.5895833333333336,863.0523,1129.2884,0.3373482871138436,0.22,34.50600051879883,-0.15905685895901825,0.9149225845099161,1.586760804775847,-6.028207012303756,0.005803221392327,-5.149342102971689,0.0,0.0,0.0,0.0,1.0,0.0,0.0,0.0,0.0,0.0,0.0,37.10300064086914,-0.18332999149366014
2023-07-03,18.35,2023-06-30,17.835416666666667,-1.1321117318489904,0.5408330814261738,0.5145833333333343,870.491,1129.3614,0.3703442237666443,0.26,37.10300064086914,0.2744121704795652,0.26226879789481855,1.5667499700663263,-5.361581388367799,0.0028323788488497,-5.866638337433219,0.0,0.0,0.0,0.0,1.0,0.0,0.0,0.0,0.0,0.0,0.0,33.92900085449219,-0.4380031718922125
2023-07-05,16.75,2023-07-02,18.626041666666666,-0.8894441958053207,-2.8461887643461328,1.8760416666666655,878.4355,1131.3073,0.3988407145122454,0.35,37.10300064086914,0.2744121704795652,0.26226879789481855,1.5667499700663263,-5.361581388367799,0.0028323788488497,-5.866638337433219,0.0,0.0,0.0,0.0,1.0,0.0,0.0,0.0,0.0,0.0,0.0,34.37300109863281,-0.9796565322153367
2023-07-06,18.85,2023-07-03,19.305208333333333,-1.1321117318489904,-0.8331614015428956,0.4552083333333314,881.3098,1131.3073,0.41133917536557907,0.25,33.92900085449219,0.669567483202137,0.3087513884202072,1.5793315733647746,-5.682945850336734,0.0079973162185848,-4.828649266137702,0.0,0.0,0.0,0.0,0.0,1.0,0.0,0.0,0.0,0.0,0.0,32.347999572753906,-1.3714169191711572
2023-07-07,23.1,2023-07-04,23.69270833333333,-1.1321117318489904,-1.0279705011690143,0.5927083333333307,883.8471,1131.5324,0.421837882482379,0.22,33.92900085449219,0.669567483202137,0.3087513884202072,1.5793315733647746,-5.682945850336734,0.0079973162185848,-4.828649266137702,0.0,0.0,0.0,0.0,0.0,1.0,0.0,0.0,0.0,0.0,0.0,33.47800064086914,-0.3197789605223488
2023-07-10,22.675,2023-07-07,22.226041666666667,-1.1321117318489904,0.4478560111500702,0.4489583333333335,893.1543,1131.5324,0.4628328340813138,0.3,33.47800064086914,0.762848316122588,0.6753260559664507,1.4925139657860453,-5.513069732709315,0.0011789845053905,-6.743101798827476,0.0,0.0,0.0,0.0,0.0,1.0,0.0,0.0,0.0,0.0,0.0,30.226999282836918,-0.14658702363365858
2023-07-11,24.3,2023-07-08,24.596875,-1.1321117318489904,-0.608835771670397,0.296875,897.187,1131.5324,0.48083061771011426,0.36,33.47800064086914,0.762848316122588,0.6753260559664507,1.4925139657860453,-5.513069732709315,0.0011789845053905,-6.743101798827476,0.0,0.0,0.0,0.0,0.0,1.0,0.0,0.0,0.0,0.0,0.0,29.06100082397461,-1.154759515086631
2023-07-12,20.525,2023-07-09,20.676041666666663,-1.1321117318489904,-0.40222005994572635,0.1510416666666678,901.1457,1131.5324,0.49832846290478106,0.35,33.47800064086914,0.762848316122588,0.6753260559664507,1.4925139657860453,-5.513069732709315,0.0011789845053905,-6.743101798827476,0.0,0.0,0.0,0.0,0.0,1.0,0.0,0.0,0.0,0.0,0.0,26.638999938964844,-0.8736383805327443
2023-07-13,19.525,2023-07-10,20.339583333333334,-1.1321117318489904,-1.342321548292986,0.814583333333335,903.6132,1130.7264,0.5118268006263812,0.22,30.226999282836918,0.3594680048323788,0.6883754360850022,1.3154711169026803,-6.132309050282814,0.0104352323135372,-4.5625674756881205,0.0,0.0,0.0,0.0,0.0,1.0,0.0,0.0,0.0,0.0,0.0,26.60700035095215,0.1423636758192672
2023-07-14,21.85,2023-07-11,22.1875,-1.1321117318489904,-0.6663930056508395,0.3374999999999986,906.164,1130.7264,0.5233253846114484,0.23,29.06100082397461,1.1309577313946395,1.0075426078997691,1.266302930868724,-5.808626655229919,0.0015475131377027,-6.471106063165132,0.0,0.0,0.0,0.0,0.0,1.0,0.0,0.0,0.0,0.0,0.0,25.957000732421875,0.19212606780412986
2023-07-17,19.65,2023-07-14,20.347916666666663,-1.1321117318489904,-1.1770289789132475,0.6979166666666679,914.8432,1131.7441,0.5578211365666492,0.29,25.957000732421875,-2.012639915252171,0.9066626436935448,1.0952687931120924,-6.396427485631795,0.0006117213523938,-7.3992336840467585,0.0,0.0,0.0,0.0,0.0,1.0,0.0,0.0,0.0,0.0,0.0,25.10099983215332,0.3552416821140605
2023-07-18,20.9,2023-07-15,21.804166666666667,-1.1321117318489904,-1.469242628352423,0.904166666666665,919.1439,1131.7441,0.5768187970637161,0.38,25.957000732421875,-2.012639915252171,0.9066626436935448,1.0952687931120924,-6.396427485631795,0.0006117213523938,-7.3992336840467585,0.0,0.0,0.0,0.0,0.0,1.0,0.0,0.0,0.0,0.0,0.0,27.069000244140625,-1.039599030291396
2023-07-19,20.075,2023-07-16,20.647916666666667,-1.1321117318489904,-0.999929797434957,0.5729166666666679,923.4364,1131.7441,0.5958164575607837,0.38,25.957000732421875,-2.012639915252171,0.9066626436935448,1.0952687931120924,-6.396427485631795,0.0006117213523938,-7.3992336840467585,0.0,0.0,0.0,0.0,0.0,1.0,0.0,0.0,0.0,0.0,0.0,26.96299934387207,-1.6125274899415818
2023-07-20,19.175,2023-07-17,19.363541666666663,-1.1321117318489904,-0.4553498143892105,0.1885416666666657,926.6251,1131.7441,0.6103146721506504,0.28,25.10099983215332,0.1273235238467182,0.884051044580932,1.0920821944161154,-5.887949106969936,0.0011245071360979,-6.7904104396771,0.0,0.0,0.0,0.0,0.0,1.0,0.0,0.0,0.0,0.0,0.0,28.01799964904785,-0.3047374358419945
2023-07-21,18.15,2023-07-18,18.777083333333334,-1.1321117318489904,-1.0766727760755501,0.627083333333335,929.2774,1131.7441,0.6218132561357176,0.23,27.069000244140625,0.3427298457464163,0.37925424501168503,0.9138731355427214,-5.98771797642161,0.0056974555447156,-5.167735599294247,0.0,0.0,0.0,0.0,0.0,1.0,0.0,0.0,0.0,0.0,0.0,28.16399955749512,0.35632550514214467
2023-07-24,18.75,2023-07-21,18.746875000000003,-1.1321117318489904,-0.18379773612250383,0.0031249999999971,937.2209,1131.8681,0.6563090080909183,0.26,28.16399955749512,0.43827811820126017,0.21920134252473003,0.6146262105244146,-5.023215450338751,2.70129947968349e-05,-10.519192481951356,0.0,0.0,0.0,0.0,0.0,1.0,0.0,0.0,0.0,0.0,0.0,30.55699920654297,-0.27969702226940535
2023-07-25,15.825,2023-07-22,16.263541666666665,-0.709870219133005,-0.8095481773457917,0.4385416666666657,941.0963,1131.8681,0.6738068532855859,0.34,28.16399955749512,0.43827811820126017,0.21920134252473003,0.6146262105244146,-5.023215450338751,2.70129947968349e-05,-10.519192481951356,0.0,0.0,0.0,0.0,0.0,1.0,0.0,0.0,0.0,0.0,0.0,32.64799880981445,-1.5157751861805953
2023-07-26,16.925,2023-07-23,17.647916666666667,-0.9234176508514347,-1.2124488152089037,0.7229166666666664,945.2491,1131.8681,0.6918046369143863,0.37,28.16399955749512,0.43827811820126017,0.21920134252473003,0.6146262105244146,-5.023215450338751,2.70129947968349e-05,-10.519192481951356,0.0,0.0,0.0,0.0,0.0,1.0,0.0,0.0,0.0,0.0,0.0,29.274999618530277,-1.3052150945246486
2023-07-27,17.425,2023-07-24,17.45625,-1.0204846652689026,-0.23250001102902962,0.03125,948.1978,1131.8681,0.7048030362018529,0.26,30.55699920654297,-0.9765417693239533,0.16394792145031284,0.47619528257672783,-4.963046812838447,0.0066502744717939,-5.013097151061772,0.0,0.0,0.0,0.0,0.0,1.0,0.0,0.0,0.0,0.0,0.0,28.43400001525879,0.22598161676901407
2023-07-28,19.8,2023-07-25,19.355208333333334,-1.1321117318489904,0.4419527051007892,0.4447916666666636,951.0385,1131.8681,0.7173014970551865,0.25,32.64799880981445,0.9715568852929433,0.5784536721582381,0.532820416174358,-5.033349138480897,0.0043810890514418,-5.430457943390096,0.0,0.0,0.0,0.0,0.0,1.0,0.0,0.0,0.0,0.0,0.0,25.840999603271484,-1.105101776655627
2023-07-31,17.925,2023-07-28,18.821875,-1.1175516796863705,-1.4589118427661887,0.8968749999999979,959.8771,1131.8681,0.7562966949175877,0.25,25.840999603271484,0.24355471262295772,1.0190095141807012,0.6503478988502668,-5.498473715864142,0.0091438059877682,-4.694678570041025,0.0,0.0,0.0,0.0,0.0,1.0,0.0,0.0,0.0,0.0,0.0,28.36599922180176,0.012563687626285272
2023-08-01,17.85,2023-07-29,17.854166666666664,-1.1029916275237504,-0.19412852170872785,0.0041666666666628,964.0784,1131.8681,0.7752943554146553,0.37,25.840999603271484,0.24355471262295772,1.0190095141807012,0.6503478988502668,-5.498473715864142,0.0091438059877682,-4.694678570041025,0.0,0.0,0.0,0.0,0.0,1.0,0.0,0.0,0.0,0.0,0.0,27.12299919128418,-0.9394654659097949
2023-08-02,17.975,2023-07-30,16.751041666666666,-1.1272583811281174,1.5458709363154748,1.2239583333333357,968.4296,1131.8681,0.7942920159117222,0.38,25.840999603271484,0.24355471262295772,1.0190095141807012,0.6503478988502668,-5.498473715864142,0.0091438059877682,-4.694678570041025,0.0,0.0,0.0,0.0,0.0,1.0,0.0,0.0,0.0,0.0,0.0,28.742000579833984,-1.9466419619089057
2023-08-03,16.675,2023-07-31,16.420833333333334,-0.8748841436427007,0.17187645334640006,0.2541666666666664,971.8749,1131.8931,0.8092901689357225,0.3,28.36599922180176,1.0842158154446884,1.283374645293029,0.6904883388183896,-5.822028615341062,0.0086916193924748,-4.745396005688095,0.0,0.0,0.0,0.0,0.0,1.0,0.0,0.0,0.0,0.0,0.0,30.472999572753903,0.4046722154423882
2023-08-04,17.075,2023-08-01,16.891666666666666,-0.9525377551766747,0.07152025050870271,0.1833333333333335,973.8457,1135.7101,0.8037908461602556,0.17,27.12299919128418,1.0662715986790638,1.3324234294749067,0.7860960999707745,-5.940463775570318,0.0020078617906059,-6.210684908402981,0.0,0.0,0.0,0.0,0.0,0.0,1.0,0.0,0.0,0.0,0.0,28.85300064086914,-0.20600451385758156
2023-08-07,15.925,2023-08-04,16.480208333333334,-0.7292836220164988,-0.9748407467255301,0.5552083333333329,982.6704,1135.9241,0.8417861671543903,0.22,28.85300064086914,0.73627798923495,1.110443756832081,0.7540960118647178,-4.2322349134932855,0.0029841130331998,-5.814452717264267,0.0,0.0,0.0,0.0,0.0,0.0,1.0,0.0,0.0,0.0,0.0,30.48699951171875,-0.16596657484224614
2023-08-08,16.95,2023-08-05,16.944791666666667,-0.9282710015723078,-0.18084608309786332,0.0052083333333321,986.1717,1135.9241,0.8572842586125233,0.31,28.85300064086914,0.73627798923495,1.110443756832081,0.7540960118647178,-4.2322349134932855,0.0029841130331998,-5.814452717264267,0.0,0.0,0.0,0.0,0.0,0.0,1.0,0.0,0.0,0.0,0.0,31.06599998474121,-0.5234490698687981
2023-08-09,17.875,2023-08-06,18.958333333333336,-1.1078449782446236,-1.7230847884713119,1.0833333333333357,989.815,1135.9241,0.8732822885047908,0.32,28.85300064086914,0.73627798923495,1.110443756832081,0.7540960118647178,-4.2322349134932855,0.0029841130331998,-5.814452717264267,0.0,0.0,0.0,0.0,0.0,0.0,1.0,0.0,0.0,0.0,0.0,39.823001861572266,-1.6189575621410255
2023-08-10,20.3,2023-08-07,20.765625,-1.1321117318489904,-0.8479196666660882,0.4656249999999993,993.1994,1135.9241,0.888280441528791,0.3,30.48699951171875,0.6880311548845267,0.8959495503456726,0.7844802017235869,-4.266101821322712,0.0030345061031686,-5.797706601100772,0.0,0.0,0.0,0.0,0.0,0.0,1.0,0.0,0.0,0.0,0.0,37.055999755859375,-0.19540107046894756
2023-08-11,22.4,2023-08-08,22.301041666666663,-1.1321117318489904,-0.04802169698914539,0.0989583333333321,996.6019,1135.9241,0.9027786561186585,0.3,31.06599998474121,0.6939560589059202,0.6321913019500305,0.7775281866235036,-4.084488911456848,0.0003539525175123,-7.946347782322827,0.0,0.0,0.0,0.0,0.0,0.0,1.0,0.0,0.0,0.0,0.0,35.29999923706055,-0.3464126685212006
2023-08-14,22.2,2023-08-11,22.319791666666667,-1.1321117318489904,-0.3579452645761537,0.1197916666666678,1006.2534,1136.1241,0.944773484585859,0.31,35.29999923706055,0.8835716320300285,1.9351860037882682,1.2262569640423384,-5.716320882877275,0.0023568435448958,-6.05043203572268,0.0,0.0,0.0,0.0,0.0,0.0,1.0,0.0,0.0,0.0,0.0,34.43399810791016,0.20850944493989668
2023-08-15,21.45,2023-08-12,21.553125,-1.1321117318489904,-0.3343320403790497,0.1031250000000021,1010.4651,1136.1241,0.9632712066487931,0.37,35.29999923706055,0.8835716320300285,1.9351860037882682,1.2262569640423384,-5.716320882877275,0.0023568435448958,-6.05043203572268,0.0,0.0,0.0,0.0,0.0,0.0,1.0,0.0,0.0,0.0,0.0,38.8129997253418,-0.16755800489403394
2023-08-16,21.4,2023-08-13,21.73958333333333,-1.1321117318489904,-0.6693446586754799,0.3395833333333335,1014.563,1136.1759,0.9812689902775935,0.36,35.29999923706055,0.8835716320300285,1.9351860037882682,1.2262569640423384,-5.716320882877275,0.0023568435448958,-6.05043203572268,0.0,0.0,0.0,0.0,0.0,0.0,1.0,0.0,0.0,0.0,0.0,37.78400039672852,-1.1217735103768474
2023-08-17,21.025,2023-08-14,22.20625,-1.1321117318489904,-1.8618124806293053,1.181250000000002,1018.0724,1136.3558,0.9957672048674608,0.31,34.43399810791016,0.6045398665613414,1.9281729198692616,1.1913233661163776,-5.160260824180083,0.000616953512464,-7.390716879743206,0.0,0.0,0.0,0.0,0.0,0.0,1.0,0.0,0.0,0.0,0.0,36.82500076293945,-0.23768023618639467
2023-08-18,23.5,2023-08-15,23.375,-1.1321117318489904,-0.011126034181166438,0.125,1021.2976,1138.1658,1.0027663429453277,0.28,38.8129997253418,0.1303368343704766,1.9005650044827003,1.195515467372276,-5.686763668763043,0.0143306855908244,-4.245352195172447,0.0,0.0,0.0,0.0,0.0,0.0,1.0,0.0,0.0,0.0,0.0,36.40999984741211,-0.24301085568507286
2023-08-21,23.25,2023-08-18,24.28645833333333,-1.1321117318489904,-1.6566725954169474,1.036458333333332,1031.1039,1138.1969,1.0457610482807955,0.3,36.40999984741211,0.15470353371284182,0.8218730637198312,1.2501285335858152,-4.322054074573938,0.0001284487905157,-8.959980242660176,0.0,0.0,0.0,0.0,0.0,0.0,1.0,0.0,0.0,0.0,0.0,40.78200149536133,-0.84937280099193
2023-08-22,23.025,2023-08-19,23.265625,-1.1321117318489904,-0.5291411400051682,0.2406250000000014,1034.6734,1138.1969,1.0612591397389293,0.31,36.40999984741211,0.15470353371284182,0.8218730637198312,1.2501285335858152,-4.322054074573938,0.0001284487905157,-8.959980242660176,0.0,0.0,0.0,0.0,0.0,0.0,1.0,0.0,0.0,0.0,0.0,42.90800094604492,-0.25270224708057826
2023-08-23,23.15,2023-08-20,22.697916666666668,-1.1321117318489904,0.4522834906870234,0.4520833333333307,1037.9875,1138.1969,1.0762572927629295,0.29,36.40999984741211,0.15470353371284182,0.8218730637198312,1.2501285335858152,-4.322054074573938,0.0001284487905157,-8.959980242660176,0.0,0.0,0.0,0.0,0.0,0.0,1.0,0.0,0.0,0.0,0.0,36.7859992980957,-1.3987244742510592
2023-08-24,22.375,2023-08-21,22.154166666666665,-1.1321117318489904,0.124650004952192,0.220833333333335,1040.4294,1138.1965,1.0867559998797296,0.21,40.78200149536133,-0.4248805496961783,0.7183630347891818,1.2508522594687868,-4.367769834457693,0.0128589672113314,-4.353713873480781,0.0,0.0,0.0,0.0,0.0,0.0,1.0,0.0,0.0,0.0,0.0,31.9379997253418,-0.5267764811399955
2023-08-25,20.45,2023-08-22,20.84583333333333,-1.1321117318489904,-0.7490392903407087,0.3958333333333321,1041.1774,1138.1965,1.0902555689186633,0.07,42.90800094604492,1.2048517337722329,1.1716568261113285,1.320973003654034,-4.29073299288134,0.0025824149038827,-5.959030308187986,0.0,0.0,0.0,0.0,0.0,0.0,1.0,0.0,0.0,0.0,0.0,34.777000427246094,-0.7894806410266936
2023-08-28,16.725,2023-08-25,16.630208333333332,-0.8845908450844476,-0.053925003038416394,0.0947916666666692,1047.132,1138.5449,1.114752552191197,0.15,34.777000427246094,1.3606220410835115,1.7623845246031657,1.5090846835243592,-5.569239222868222,0.0072521823733525,-4.926452838260045,0.0,0.0,0.0,0.0,0.0,0.0,1.0,0.0,0.0,0.0,0.0,38.41400146484375,-1.4548396601133804
2023-08-29,16.95,2023-08-26,16.93958333333333,-0.9282710015723078,-0.1734669505362645,0.0104166666666678,1049.3046,1138.5449,1.1242513824397304,0.19,34.777000427246094,1.3606220410835115,1.7623845246031657,1.5090846835243592,-5.569239222868222,0.0072521823733525,-4.926452838260045,0.0,0.0,0.0,0.0,0.0,0.0,1.0,0.0,0.0,0.0,0.0,35.19499969482422,-0.7100385260258623
2023-08-30,15.975,2023-08-27,16.88125,-0.7389903234582458,-1.4721942813770634,0.90625,1051.7847,1138.5449,1.135250027990664,0.22,34.777000427246094,1.3606220410835115,1.7623845246031657,1.5090846835243592,-5.569239222868222,0.0072521823733525,-4.926452838260045,0.0,0.0,0.0,0.0,0.0,0.0,1.0,0.0,0.0,0.0,0.0,35.992000579833984,-1.4275628050664986
2023-08-31,15.625,2023-08-28,16.902083333333334,-0.671043413366018,-1.997588519762659,1.2770833333333336,1053.1458,1138.5449,1.1412492892002644,0.12,38.41400146484375,1.0022123060685912,1.8549533684506352,1.486376178057066,-6.186484707621555,0.0098934361379874,-4.615883757997968,0.0,0.0,0.0,0.0,0.0,0.0,1.0,0.0,0.0,0.0,0.0,35.02899932861328,-0.8816418915702929
2023-09-01,17.1,2023-08-29,16.796875,-0.9573911058975485,0.24124029942539962,0.3031250000000014,1053.7757,1138.5449,1.143748981370931,0.06,35.19499969482422,1.1120940227962255,1.8176864045736898,1.530134715991864,-5.933153433968992,0.0076593996635249,-4.87182167107837,0.0,0.0,0.0,0.0,0.0,0.0,1.0,0.0,0.0,0.0,0.0,35.617000579833984,-0.2268633840661987
2023-09-05,23.975,2023-09-02,23.552083333333336,-1.1321117318489904,0.4109603483420914,0.4229166666666657,1058.9702,1141.6267,1.1542476884877317,0.17,35.617000579833984,0.1925296648271506,1.0924017944570572,1.4768970618254653,-5.589836794472838,0.0002771158693944,-8.19107483456891,0.0,0.0,0.0,0.0,0.0,0.0,0.0,1.0,0.0,0.0,0.0,34.44900131225586,-1.1498600011123692
2023-09-06,24.875,2023-09-03,24.194791666666667,-1.1321117318489904,0.7754894968849069,0.6802083333333329,1061.1745,1141.6267,1.1637465187362652,0.19,35.617000579833984,0.1925296648271506,1.0924017944570572,1.4768970618254653,-5.589836794472838,0.0002771158693944,-8.19107483456891,0.0,0.0,0.0,0.0,0.0,0.0,0.0,1.0,0.0,0.0,0.0,31.075000762939453,-1.84417443373152
2023-09-07,24.5,2023-09-04,24.214583333333334,-1.1321117318489904,0.2161512487159727,0.2854166666666664,1062.4538,1141.6267,1.169245841511732,0.11,35.617000579833984,0.1925296648271506,1.0924017944570572,1.4768970618254653,-5.589836794472838,0.0002771158693944,-8.19107483456891,0.0,0.0,0.0,0.0,0.0,0.0,0.0,1.0,0.0,0.0,0.0,32.755001068115234,-0.4715305909495116
2023-09-08,25.425,2023-09-05,24.84375,-1.1321117318489904,0.6352859782145951,0.5812500000000007,1063.4788,1141.6267,1.1737452874189322,0.09,34.44900131225586,-0.15283593350021343,0.8382623195097286,1.461324656531394,-5.592745896165844,0.0011117596963398,-6.801811206021118,0.0,0.0,0.0,0.0,0.0,0.0,0.0,1.0,0.0,0.0,0.0,34.507999420166016,-0.12664343700059327
2023-09-11,24.175,2023-09-08,24.71875,-1.1321117318489904,-0.9586066550900199,0.5437499999999993,1065.4022,1141.8447,1.1817443023650656,0.06,34.507999420166016,0.6619733406267969,0.6705479629140231,1.4867855119495883,-6.436410836376143,0.0027181113631682,-5.907817991256566,0.0,0.0,0.0,0.0,0.0,0.0,0.0,1.0,0.0,0.0,0.0,35.847999572753906,-0.8050530152658721
2023-09-12,21.15,2023-09-09,20.816666666666663,-1.1321117318489904,0.2840392682826494,0.3333333333333321,1066.7721,1141.8447,1.187743563574666,0.12,34.507999420166016,0.6619733406267969,0.6705479629140231,1.4867855119495883,-6.436410836376143,0.0027181113631682,-5.907817991256566,0.0,0.0,0.0,0.0,0.0,0.0,0.0,1.0,0.0,0.0,0.0,34.70100021362305,-1.386841013493764
2023-09-13,18.475,2023-09-10,18.15,-1.1321117318489904,0.2722326561841024,0.3250000000000028,1068.0361,1141.8447,1.1932428863501328,0.11,34.507999420166016,0.6619733406267969,0.6705479629140231,1.4867855119495883,-6.436410836376143,0.0027181113631682,-5.907817991256566,0.0,0.0,0.0,0.0,0.0,0.0,0.0,1.0,0.0,0.0,0.0,36.81700134277344,-1.8401669918705972
2023-09-14,18.525,2023-09-11,18.546875,-1.1321117318489904,-0.2192175724181598,0.0218750000000014,1068.441,1141.8447,1.1947427016525323,0.04,35.847999572753906,0.6549978066182971,0.7685414710355916,1.4984215653960011,-6.238459422337508,0.0014513510194966,-6.53526041807479,0.0,0.0,0.0,0.0,0.0,0.0,0.0,1.0,0.0,0.0,0.0,35.520999908447266,-0.5874499383018532
2023-09-15,19.4,2023-09-12,20.757291666666667,-1.1321117318489904,-2.1112271612112314,1.3572916666666686,1068.4304,1141.8447,1.1947427016525323,-0.0,34.70100021362305,0.4330038755149175,0.8214714150405945,1.1435363213817804,-5.959771241538963,0.001057501908559,-6.851845841315897,0.0,0.0,0.0,0.0,0.0,0.0,0.0,1.0,0.0,0.0,0.0,36.483001708984375,0.5768563957815708
2023-09-18,20.2,2023-09-15,20.87708333333333,-1.1321117318489904,-1.1475124486668675,0.6770833333333357,1069.3148,1141.8507,1.1987422091255995,0.06,36.483001708984375,0.3897109146313661,0.31336730386212625,1.1267427879621335,-6.19865883427788,0.0007140854435864,-7.244507932495455,0.0,0.0,0.0,0.0,0.0,0.0,0.0,1.0,0.0,0.0,0.0,34.474998474121094,-0.37265025908994875
2023-09-19,18.0,2023-09-16,18.390625,-1.1321117318489904,-0.7416601577791149,0.390625,1070.4533,1141.9367,1.2032416550327991,0.1,36.483001708984375,0.3897109146313661,0.31336730386212625,1.1267427879621335,-6.19865883427788,0.0007140854435864,-7.244507932495455,0.0,0.0,0.0,0.0,0.0,0.0,0.0,1.0,0.0,0.0,0.0,36.78200149536133,-0.8161450490585657
2023-09-20,20.175,2023-09-17,19.822916666666664,-1.1321117318489904,0.3106041455043991,0.3520833333333364,1071.9672,1141.9367,1.2097408546765331,0.13,36.483001708984375,0.3897109146313661,0.31336730386212625,1.1267427879621335,-6.19865883427788,0.0007140854435864,-7.244507932495455,0.0,0.0,0.0,0.0,0.0,0.0,0.0,1.0,0.0,0.0,0.0,37.28400039672852,-1.0627963232580837
2023-09-21,17.224999999999998,2023-09-18,17.229166666666664,-0.9816578595019149,-0.19412852170873296,0.0041666666666664,1073.0119,1141.9367,1.2142403005837328,0.09,34.474998474121094,0.1820666785357934,0.13135395185081988,1.021220494749151,-5.563540327956445,0.0032049260271325,-5.743066269021696,0.0,0.0,0.0,0.0,0.0,0.0,0.0,1.0,0.0,0.0,0.0,39.10499954223633,-0.2422101689939125
2023-09-22,14.25,2023-09-19,15.036458333333334,-0.4041091237179813,-1.302474232460369,0.7864583333333339,1074.0245,1141.8467,1.2192396849250666,0.09,36.78200149536133,0.7132882264428505,0.2927216774475552,1.041385415565606,-5.320763976629886,0.0041957042808471,-5.473694067135857,0.0,0.0,0.0,0.0,0.0,0.0,0.0,1.0,0.0,0.0,0.0,39.79100036621094,1.2683871930180413
2023-09-25,17.275,2023-09-22,17.344791666666666,-0.9913645609436618,-0.2871055919848365,0.0697916666666671,1077.2962,1142.1261,1.2322380842125331,0.12,39.79100036621094,0.5918730541752817,0.3575420773159347,0.9834074787368912,-5.29104876880678,0.0003024274354453,-8.10366918878846,0.0,0.0,0.0,0.0,0.0,0.0,0.0,1.0,0.0,0.0,0.0,44.44200134277344,0.03365548035263516
2023-09-26,18.75,2023-09-23,18.78645833333333,-1.1321117318489904,-0.23987914359062332,0.0364583333333321,1079.3006,1142.2773,1.2407370375928002,0.18,39.79100036621094,0.5918730541752817,0.3575420773159347,0.9834074787368912,-5.29104876880678,0.0003024274354453,-8.10366918878846,0.0,0.0,0.0,0.0,0.0,0.0,0.0,1.0,0.0,0.0,0.0,40.321998596191406,-0.9699358079947593
2023-09-27,19.925,2023-09-24,20.2375,-1.1321117318489904,-0.6309731693551833,0.3125,1081.5512,1142.2773,1.2502358678413343,0.2,39.79100036621094,0.5918730541752817,0.3575420773159347,0.9834074787368912,-5.29104876880678,0.0003024274354453,-8.10366918878846,0.0,0.0,0.0,0.0,0.0,0.0,0.0,1.0,0.0,0.0,0.0,39.29600143432617,-1.0286550278320106
2023-09-28,19.5,2023-09-25,19.126041666666666,-1.1321117318489904,0.3415965022630969,0.3739583333333343,1082.9236,1142.2773,1.256235129050934,0.12,44.44200134277344,-0.12191114729181601,0.3251666609996366,0.9636927481968621,-5.694017374971294,0.0122200274946991,-4.404679075184007,0.0,0.0,0.0,0.0,0.0,0.0,0.0,1.0,0.0,0.0,0.0,39.73600006103516,-0.3192834097869163
2023-09-29,18.8,2023-09-26,19.215625,-1.1321117318489904,-0.777079994074771,0.4156249999999986,1084.0457,1142.2773,1.2612345133922678,0.1,40.321998596191406,1.1868198554803084,0.8429079933726535,0.8574811202518016,-6.105441746106659,0.0094649175038605,-4.660163210168602,0.0,0.0,0.0,0.0,0.0,0.0,0.0,1.0,0.0,0.0,0.0,41.85900115966797,-0.7869877237704683
2023-10-02,20.875,2023-09-29,20.79895833333333,-1.1321117318489904,-0.08048988026016096,0.0760416666666685,1088.4738,1142.3373,1.2802321738893347,0.14,41.85900115966797,-0.4373974775205462,0.9831532888843107,0.5471101072631268,-5.764413027661851,0.0027091271260096,-5.91112878932812,0.0,0.0,0.0,0.0,0.0,0.0,0.0,1.0,0.0,0.0,0.0,39.334999084472656,-0.7028741077936572
2023-10-03,18.0,2023-09-30,17.65,-1.1321117318489904,0.30765249247975857,0.3500000000000014,1088.9028,1140.2473,1.2912308194402684,0.04,41.85900115966797,-0.4373974775205462,0.9831532888843107,0.5471101072631268,-5.764413027661851,0.0027091271260096,-5.91112878932812,0.0,0.0,0.0,0.0,0.0,0.0,0.0,1.0,0.0,0.0,0.0,36.98699951171875,-0.7657353462560124
2023-10-04,15.475,2023-10-01,15.047916666666667,-0.6419233090407775,0.4168636543913673,0.4270833333333321,1091.2594,1138.3057,1.3097285415032025,0.21,41.85900115966797,-0.4373974775205462,0.9831532888843107,0.5471101072631268,-5.764413027661851,0.0027091271260096,-5.91112878932812,0.0,0.0,0.0,0.0,0.0,0.0,0.0,1.0,0.0,0.0,0.0,38.44100189208984,-1.4757821785901053
2023-10-05,15.625,2023-10-02,15.442708333333334,-0.671043413366018,0.07004442399638244,0.182291666666666,1093.0381,1138.3589,1.3172276180152023,0.16,39.334999084472656,0.6538264209300184,1.0650399915593782,0.47646005814989884,-5.074490433859085,0.0038678661058628,-5.555052317589274,0.0,0.0,0.0,0.0,0.0,0.0,0.0,0.0,1.0,0.0,0.0,36.20700073242188,-1.0768483001129687
2023-10-06,16.35,2023-10-03,16.876041666666666,-0.8117905842713468,-0.933517604380593,0.5260416666666643,1095.1852,1138.4642,1.3262265098296027,0.19,36.98699951171875,0.7798090009343326,0.7365445989931868,0.5250896660175477,-4.794067440729288,0.003788180695878,-5.575869402346701,0.0,0.0,0.0,0.0,0.0,0.0,0.0,0.0,1.0,0.0,0.0,38.23099899291992,-0.36672167255134935
2023-10-09,19.0,2023-10-06,16.601041666666667,-1.1321117318489904,3.2106032422114015,2.398958333333333,1099.4933,1138.6779,1.3442242934584032,0.16,38.23099899291992,0.7529072026812024,0.6660831738837927,0.6152940167429083,-4.450024938678127,0.0029587276837837,-5.8229959392739605,0.0,0.0,0.0,0.0,0.0,0.0,0.0,0.0,1.0,0.0,0.0,43.95299911499024,0.5172165478286063
2023-10-10,19.55,2023-10-07,18.731250000000003,-1.1321117318489904,0.9717744230233432,0.8187499999999979,1101.4785,1138.6715,1.35272324683867,0.17,38.23099899291992,0.7529072026812024,0.6660831738837927,0.6152940167429083,-4.450024938678127,0.0029587276837837,-5.8229959392739605,0.0,0.0,0.0,0.0,0.0,0.0,0.0,0.0,1.0,0.0,0.0,49.45500183105469,-1.2286190093055915
2023-10-11,19.875,2023-10-08,19.21875,-1.1321117318489904,0.7415454871015685,0.65625,1103.1731,1138.7248,1.3602223233506698,0.15,38.23099899291992,0.7529072026812024,0.6660831738837927,0.6152940167429083,-4.450024938678127,0.0029587276837837,-5.8229959392739605,0.0,0.0,0.0,0.0,0.0,0.0,0.0,0.0,1.0,0.0,0.0,46.06800079345703,-0.8779554017752268
2023-10-12,17.3,2023-10-09,16.666666666666668,-0.9962179116645355,0.7090773038305479,0.6333333333333329,1104.2411,1138.8056,1.3642218308237366,0.09,43.95299911499024,0.6850084975742166,0.679158869157704,0.5118984610903414,-4.594187440322119,0.0194530476007013,-3.93975153215864,0.0,0.0,0.0,0.0,0.0,0.0,0.0,0.0,1.0,0.0,0.0,53.00199890136719,1.5885803341718097
2023-10-13,20.175,2023-10-10,19.859375,-1.1321117318489904,0.25895021757322767,0.3156250000000007,1105.8517,1139.5929,1.368221338296804,0.14,49.45500183105469,1.3513147773137313,1.2415758659770526,0.7236719852502103,-4.913887218558055,0.0139103958393743,-4.275118816199752,0.0,0.0,0.0,0.0,0.0,0.0,0.0,0.0,1.0,0.0,0.0,53.98199844360352,2.110097828707689
2023-10-16,9.775,2023-10-13,9.453125,0.4646406553183562,0.2678051766471416,0.3218750000000003,1111.7668,1139.83,1.3932182600034713,0.21,53.98199844360352,1.3550433710628904,1.7864543459686832,1.040784178772322,-5.898579562820573,0.0003356590728861,-7.999414574171111,0.0,0.0,0.0,0.0,0.0,0.0,0.0,0.0,1.0,0.0,0.0,48.46699905395508,2.5700141533429925
2023-10-17,10.25,2023-10-14,10.398958333333333,0.37242699162176174,-0.39926840692108584,0.1489583333333328,1114.325,1139.8833,1.404216905554405,0.22,53.98199844360352,1.3550433710628904,1.7864543459686832,1.040784178772322,-5.898579562820573,0.0003356590728861,-7.999414574171111,0.0,0.0,0.0,0.0,0.0,0.0,0.0,0.0,1.0,0.0,0.0,48.89599990844727,1.408821076049414
2023-10-18,12.15,2023-10-15,12.742708333333333,0.0035723368353837194,-1.0279705011690168,0.5927083333333325,1116.189,1139.9366,1.4122159205005382,0.16,53.98199844360352,1.3550433710628904,1.7864543459686832,1.040784178772322,-5.898579562820573,0.0003356590728861,-7.999414574171111,0.0,0.0,0.0,0.0,0.0,0.0,0.0,0.0,1.0,0.0,0.0,50.83300018310547,0.40585721185864443
2023-10-19,15.5,2023-10-16,14.670833333333333,-0.646776659761651,0.9865326881465383,0.8291666666666675,1116.5055,1140.0174,1.4132157973688046,0.03,48.46699905395508,-0.08502506699926003,1.7506329856767515,1.0149605931619996,-7.769025893690791,0.0116138328414688,-4.455558404897276,0.0,0.0,0.0,0.0,0.0,0.0,0.0,0.0,1.0,0.0,0.0,50.172000885009766,2.6193768234404335
2023-10-20,13.925,2023-10-17,11.426041666666666,-0.34101556434662733,3.3522825873940363,2.4989583333333343,1116.747,1140.0707,1.4137157358029384,0.02,48.89599990844727,1.1688183593554287,1.633113365422429,1.0966248457888805,-7.225812978665632,7.765940197707848e-05,-9.463177921340591,0.0,0.0,0.0,0.0,0.0,0.0,0.0,0.0,1.0,0.0,0.0,51.11199951171875,2.361611888704313
2023-10-23,11.825,2023-10-20,12.804166666666667,0.06666589620673805,-1.5755021372394016,0.979166666666668,1118.777,1140.3404,1.4217147507490717,0.1,51.11199951171875,-0.32299877181321196,0.5692590278537453,1.0472347045420922,-7.761842396314996,0.000344554301562,-7.973258852756634,0.0,0.0,0.0,0.0,0.0,0.0,0.0,0.0,1.0,0.0,0.0,51.2760009765625,2.7543366544301913
2023-10-24,12.275,2023-10-21,13.354166666666666,-0.020694416768983252,-1.7171814824220304,1.0791666666666655,1120.651,1140.3937,1.429713765695205,0.16,51.11199951171875,-0.32299877181321196,0.5692590278537453,1.0472347045420922,-7.761842396314996,0.000344554301562,-7.973258852756634,0.0,0.0,0.0,0.0,0.0,0.0,0.0,0.0,1.0,0.0,0.0,49.26399993896485,1.9868746079124187
2023-10-25,11.35,2023-10-22,11.723958333333334,0.15887955990333247,-0.7180469335820109,0.3739583333333343,1122.4947,1140.4194,1.4377127806413392,0.16,51.11199951171875,-0.32299877181321196,0.5692590278537453,1.0472347045420922,-7.761842396314996,0.000344554301562,-7.973258852756634,0.0,0.0,0.0,0.0,0.0,0.0,0.0,0.0,1.0,0.0,0.0,49.92399978637695,-0.3974788797221875
2023-10-26,11.425,2023-10-23,11.417708333333334,0.1443195077407121,-0.17789443007322275,0.0072916666666671,1123.0828,1140.5342,1.439712534377872,0.05,51.2760009765625,-0.07577097264818276,0.5697878462988732,1.048517341830242,-7.766634321013323,1.0262615661883436e-05,-11.487002715466328,0.0,0.0,0.0,0.0,0.0,0.0,0.0,0.0,1.0,0.0,0.0,50.80899810791016,2.984788751692064
2023-10-27,11.225,2023-10-24,11.480208333333334,0.18314631350769944,-0.5498027111776344,0.2552083333333339,1123.8158,1140.6152,1.4427121649826724,0.06,49.26399993896485,-1.3189604345544321,-0.9549785804990483,1.0302940640617972,-7.361541488432597,0.0016023396988694,-6.436290405455606,0.0,0.0,0.0,0.0,0.0,0.0,0.0,0.0,1.0,0.0,0.0,50.53200149536133,1.9622004817783347
2023-10-30,11.95,2023-10-27,12.215625,0.04239914260237108,-0.5645609763008245,0.265625,1125.5315,1140.7749,1.4492113646264055,0.05,50.53200149536133,-0.11457703698906235,-0.8367183402161685,0.8523778443800849,-7.392811961158775,2.9884135914791087e-05,-10.41818275631955,0.0,0.0,0.0,0.0,0.0,0.0,0.0,0.0,1.0,0.0,0.0,50.547000885009766,1.9924943297463404
2023-10-31,11.65,2023-10-28,11.984375,0.1006393512528516,-0.6619655261138836,0.3343749999999996,1127.6216,1140.8282,1.4582102564408062,0.18,50.53200149536133,-0.11457703698906235,-0.8367183402161685,0.8523778443800849,-7.392811961158775,2.9884135914791087e-05,-10.41818275631955,0.0,0.0,0.0,0.0,0.0,0.0,0.0,0.0,1.0,0.0,0.0,48.00600051879883,0.71649158078789
2023-11-01,12.375,2023-10-29,12.198958333333334,-0.040107819652476756,0.061189464922468496,0.1760416666666664,1129.5761,1140.8814,1.4667092098210732,0.17,50.53200149536133,-0.11457703698906235,-0.8367183402161685,0.8523778443800849,-7.392811961158775,2.9884135914791087e-05,-10.41818275631955,0.0,0.0,0.0,0.0,0.0,0.0,0.0,0.0,1.0,0.0,0.0,47.75699996948242,0.058157089701973703
2023-11-02,11.325,2023-10-30,10.716666666666669,0.16373291062420595,0.6736574675348892,0.6083333333333325,1130.6172,1140.9347,1.4712086557282729,0.09,50.547000885009766,-0.9408037555807824,-0.9491226757105331,0.8460991796515682,-6.44986301391952,8.80816168971834e-08,-16.24499063451485,0.0,0.0,0.0,0.0,0.0,0.0,0.0,0.0,1.0,0.0,0.0,48.56399917602539,1.2360296067979357
2023-11-03,9.625,2023-10-31,8.747916666666667,0.4937607596435966,1.054420707713215,0.8770833333333332,1131.7,1140.988,1.475708101635473,0.09,48.00600051879883,-3.0023729631719376,-0.9530289978429379,0.8448680401700799,-6.730420391298813,0.002660248835171,-5.929335613131089,0.0,0.0,0.0,0.0,0.0,0.0,0.0,0.0,1.0,0.0,0.0,48.05699920654297,0.6927339811456743
2023-11-06,10.475,2023-11-03,10.611458333333331,0.3287468351339013,-0.38155848877325776,0.1364583333333335,1134.215,1141.3226,1.4852069318840064,0.01,48.05699920654297,-0.14817342093789557,-0.669828056285405,0.7682117361974331,-6.309125370410894,0.0001101389135994,-9.113768128913426,0.0,0.0,0.0,0.0,0.0,0.0,0.0,0.0,0.0,1.0,0.0,44.83200073242188,0.7389948292833824
2023-11-07,9.675,2023-11-04,9.364583333333332,0.48405405820184966,0.25157108501163383,0.3104166666666685,1134.821,1141.3236,1.487706624054674,0.05,48.05699920654297,-0.14817342093789557,-0.669828056285405,0.7682117361974331,-6.309125370410894,0.0001101389135994,-9.113768128913426,0.0,0.0,0.0,0.0,0.0,0.0,0.0,0.0,0.0,1.0,0.0,46.05699920654297,0.45098452031560404
2023-11-08,9.675,2023-11-05,9.419791666666669,0.48405405820184966,0.1733522798587204,0.2552083333333339,1135.64,1141.3236,1.491206193093607,0.07,48.05699920654297,-0.14817342093789557,-0.669828056285405,0.7682117361974331,-6.309125370410894,0.0001101389135994,-9.113768128913426,0.0,0.0,0.0,0.0,0.0,0.0,0.0,0.0,0.0,1.0,0.0,45.777000427246094,-0.5963316940087187
2023-11-09,9.9,2023-11-06,8.879166666666666,0.4403739017139892,1.2580847664132502,1.020833333333334,1135.7301,1141.4672,1.491206193093607,0.01,44.83200073242188,-0.4792918804672946,-0.6482932914581414,0.7532141783963563,-6.915286708897735,0.0048254700536529,-5.333847128282805,0.0,0.0,0.0,0.0,0.0,0.0,0.0,0.0,0.0,1.0,0.0,48.12900161743164,0.8690217739957774
2023-11-10,8.775,2023-11-07,7.927083333333333,0.6587746841532919,1.0130975653682817,0.8479166666666673,1135.5505,1141.4382,1.4902063162253405,-0.02,46.05699920654297,0.8580730893282734,0.12038789078456953,0.7667430678136677,-7.066379136550052,0.0007267098317488,-7.226983289748163,0.0,0.0,0.0,0.0,0.0,0.0,0.0,0.0,0.0,1.0,0.0,46.63199996948242,0.1735849879427276
2023-11-13,11.675,2023-11-10,10.607291666666669,0.09578600053197814,1.324496959467609,1.067708333333334,1134.0909,1141.4677,1.4837071165816065,-0.05,46.63199996948242,0.6268613040653064,0.1513666516351541,0.31394507591428666,-7.918972726037169,0.0009984297840841,-6.909326727977484,0.0,0.0,0.0,0.0,0.0,0.0,0.0,0.0,0.0,1.0,0.0,47.87300109863281,0.8377778407953548
2023-11-14,11.825,2023-11-11,11.717708333333334,0.06666589620673805,-0.0362150848905933,0.107291666666665,1134.2299,1141.4677,1.4847069934498736,0.01,46.63199996948242,0.6268613040653064,0.1513666516351541,0.31394507591428666,-7.918972726037169,0.0009984297840841,-6.909326727977484,0.0,0.0,0.0,0.0,0.0,0.0,0.0,0.0,0.0,1.0,0.0,47.608001708984375,0.5197250015387891
2023-11-15,10.9,2023-11-12,10.432291666666666,0.24623987287905344,0.47442088837181484,0.4677083333333343,1134.2922,1141.4677,1.4847069934498736,0.01,46.63199996948242,0.6268613040653064,0.1513666516351541,0.31394507591428666,-7.918972726037169,0.0009984297840841,-6.909326727977484,0.0,0.0,0.0,0.0,0.0,0.0,0.0,0.0,0.0,1.0,0.0,47.0369987487793,-0.018983268572127007
2023-11-16,8.225000000000001,2023-11-13,8.980208333333334,0.7655484000125068,-1.258199437090794,0.7552083333333321,1133.4052,1141.4677,1.480707485976807,-0.08,47.87300109863281,0.30065635312990086,0.23511560591166972,0.23962836834788992,-8.17604575495582,0.0006898341525609,-7.279059346421402,0.0,0.0,0.0,0.0,0.0,0.0,0.0,0.0,0.0,1.0,0.0,45.8489990234375,0.024229700173989406
2023-11-17,7.775,2023-11-14,7.685416666666667,0.8529087129882277,-0.06130413560001519,0.0895833333333335,1133.1513,1141.4677,1.4797076091085397,-0.02,47.608001708984375,0.16984212393961015,-0.2590201748875692,-0.2233337515949573,-7.451539104121763,3.081186778706397e-05,-10.387610591983726,0.0,0.0,0.0,0.0,0.0,0.0,0.0,0.0,0.0,1.0,0.0,45.06399917602539,0.3041297315926224
2023-11-20,10.625,2023-11-17,10.308333333333334,0.2996267308086608,0.2604260440855453,0.3166666666666664,1128.8196,1141.2879,1.4617098254797394,-0.16,45.06399917602539,0.15118192933314228,-0.8117326004901976,-0.6717887324552619,-7.177614565081361,0.0002982419718651,-8.117605411463504,0.0,0.0,0.0,0.0,0.0,0.0,0.0,0.0,0.0,1.0,0.0,45.82099914550781,0.3245973317447706
2023-11-21,9.45,2023-11-18,8.286458333333332,0.5277342146897105,1.460272998600965,1.1635416666666671,1128.0712,1141.3289,1.4582102564408062,-0.07,45.06399917602539,0.15118192933314228,-0.8117326004901976,-0.6717887324552619,-7.177614565081361,0.0002982419718651,-8.117605411463504,0.0,0.0,0.0,0.0,0.0,0.0,0.0,0.0,0.0,1.0,0.0,44.06499862670898,-0.2916076407482184
2023-11-22,6.25,2023-11-19,6.298958333333333,1.1489631069615047,-0.257589061738454,0.0489583333333332,1128.4116,1141.3289,1.4597100717432063,0.03,45.06399917602539,0.15118192933314228,-0.8117326004901976,-0.6717887324552619,-7.177614565081361,0.0002982419718651,-8.117605411463504,0.0,0.0,0.0,0.0,0.0,0.0,0.0,0.0,0.0,1.0,0.0,44.61600112915039,-0.4560669718880364
2023-11-23,9.675,2023-11-20,9.854166666666668,0.48405405820184966,-0.4420673757783407,0.1791666666666671,1127.1018,1141.3289,1.4537108105336058,-0.11,45.82099914550781,-0.12684188949879996,-1.0772135208943086,-0.7365017455823702,-6.568348752827799,0.0002775155961705,-8.189633420337223,0.0,0.0,0.0,0.0,0.0,0.0,0.0,0.0,0.0,1.0,0.0,46.58000183105469,1.2274040161439237
2023-11-24,7.925,2023-11-21,6.957291666666666,0.8237886086629873,1.1828176142849758,0.9677083333333334,1124.8585,1141.3289,1.4442119802850724,-0.2,44.06499862670898,-0.15232595011693603,-1.2867765098243602,-0.7306415092465095,-6.6811387213239,0.0015269882705458,-6.484457933491648,0.0,0.0,0.0,0.0,0.0,0.0,0.0,0.0,0.0,1.0,0.0,46.65700149536133,-0.5388589949453958
2023-11-27,4.85,2023-11-24,4.851041666666667,1.420750747330415,-0.18970104217177713,0.0010416666666674,1116.1641,1141.3629,1.4057167208568049,-0.24,46.65700149536133,0.5199729942884106,-0.4120851308519786,-0.6475920397717954,-6.168192732054906,2.728105989261058e-06,-12.811902599814765,0.0,0.0,0.0,0.0,0.0,0.0,0.0,0.0,0.0,1.0,0.0,43.98400115966797,0.37851479297606144
2023-11-28,3.5,2023-11-25,3.0145833333333334,1.6828316862575783,0.4995099390812379,0.4854166666666666,1113.4702,1141.3629,1.394218136871738,-0.24,46.65700149536133,0.5199729942884106,-0.4120851308519786,-0.6475920397717954,-6.168192732054906,2.728105989261058e-06,-12.811902599814765,0.0,0.0,0.0,0.0,0.0,0.0,0.0,0.0,0.0,1.0,0.0,42.77399826049805,-0.0725634023150898
2023-11-29,3.9,2023-11-26,2.9020833333333336,1.6051780747236035,1.225616583142229,0.9979166666666665,1110.5006,1141.3979,1.3807197991501376,-0.26,46.65700149536133,0.5199729942884106,-0.4120851308519786,-0.6475920397717954,-6.168192732054906,2.728105989261058e-06,-12.811902599814765,0.0,0.0,0.0,0.0,0.0,0.0,0.0,0.0,0.0,1.0,0.0,40.36000061035156,-0.6792241447044601
2023-11-30,3.575,2023-11-27,1.1895833333333332,1.6682716340949584,3.191417497551255,2.385416666666667,1105.5639,1141.3979,1.3592224464824034,-0.43,43.98400115966797,-1.787720150304626,-0.4728668388207565,-0.6563987459146237,-5.908100081173481,0.0034806511875857,-5.660535879544287,0.0,0.0,0.0,0.0,0.0,0.0,0.0,0.0,0.0,1.0,0.0,42.09099960327149,0.5993892256853987
2023-12-01,0.925,2023-11-28,0.3104166666666667,2.1827268105075377,0.682512426608805,0.6145833333333334,1099.9153,1141.3979,1.3347254632098697,-0.49,42.77399826049805,0.7424881096711662,0.02379967343773223,-0.5080555784557933,-5.786186961247009,0.0007781621054894,-7.158575692393417,0.0,0.0,0.0,0.0,0.0,0.0,0.0,0.0,0.0,1.0,0.0,43.49599838256836,0.8931694007781453
2023-12-04,2.8,2023-12-01,2.828125,1.8187255064420333,-0.2280725314920725,0.0281250000000001,1080.5421,1141.2834,1.2502358678413343,-0.54,43.49599838256836,0.5019389459654267,0.2616975103619779,-0.3782868128675437,-6.070478453797628,0.0010781379454402,-6.83251984952421,0.0,0.0,0.0,0.0,0.0,0.0,0.0,0.0,0.0,0.0,1.0,40.104000091552734,-0.566039958998451
2023-12-05,4.625,2023-12-02,5.001041666666667,1.4644309038182755,-0.7209985866066476,0.3760416666666666,1075.0608,1141.2834,1.2262388230029335,-0.48,43.49599838256836,0.5019389459654267,0.2616975103619779,-0.3782868128675437,-6.070478453797628,0.0010781379454402,-6.83251984952421,0.0,0.0,0.0,0.0,0.0,0.0,0.0,0.0,0.0,0.0,1.0,38.132999420166016,-0.12115770154560211
2023-12-06,4.75,2023-12-03,4.859375,1.4401641502139084,-0.3431869994529612,0.109375,1070.1878,1141.2834,1.2047414703351993,-0.43,43.49599838256836,0.5019389459654267,0.2616975103619779,-0.3782868128675437,-6.070478453797628,0.0010781379454402,-6.83251984952421,0.0,0.0,0.0,0.0,0.0,0.0,0.0,0.0,0.0,0.0,1.0,39.3129997253418,-0.30719505427482796
2023-12-07,3.45,2023-12-04,3.673958333333333,1.6925383876993252,-0.5055279158080604,0.223958333333333,1063.3818,1141.2834,1.1747451642871987,-0.6,40.104000091552734,0.32783121436790497,0.35000227860507277,-0.3396708751124272,-6.279869486306756,0.0065922805821711,-5.021855923086136,0.0,0.0,0.0,0.0,0.0,0.0,0.0,0.0,0.0,0.0,1.0,39.96799850463867,1.063772840145863
2023-12-08,5.65,2023-12-05,5.535416666666666,1.2654435242624662,-0.02588429930435652,0.1145833333333339,1056.7791,1141.2834,1.1462486735415975,-0.58,38.132999420166016,0.9684579647382927,0.5620268287755988,-0.1366907024983689,-6.385908461960109,0.0025397617012911,-5.975685020348492,0.0,0.0,0.0,0.0,0.0,0.0,0.0,0.0,0.0,0.0,1.0,38.59799957275391,-0.6495099929065213
2023-12-11,10.275,2023-12-08,10.055208333333333,0.3675736409008883,0.12317417843987175,0.2197916666666675,1039.2411,1141.2834,1.0692581546850626,-0.42,38.59799957275391,-0.15808151099836562,0.419832271976721,-0.19386956663722218,-6.202361682766423,0.0012165199427061,-6.711761001542024,0.0,0.0,0.0,0.0,0.0,0.0,0.0,0.0,0.0,0.0,1.0,36.11800003051758,0.39040602196033536
2023-12-12,9.225,2023-12-09,9.304166666666667,0.571414371177571,-0.30038803059570884,0.0791666666666675,1036.3117,1141.2834,1.0562597553975954,-0.26,38.59799957275391,-0.15808151099836562,0.419832271976721,-0.19386956663722218,-6.202361682766423,0.0012165199427061,-6.711761001542024,0.0,0.0,0.0,0.0,0.0,0.0,0.0,0.0,0.0,0.0,1.0,34.702999114990234,-0.37822958614358065
2023-12-13,8.5,2023-12-10,7.868749999999999,0.7121615420828994,0.706125650805911,0.6312500000000005,1034.0861,1141.2834,1.046760925149062,-0.2,38.59799957275391,-0.15808151099836562,0.419832271976721,-0.19386956663722218,-6.202361682766423,0.0012165199427061,-6.711761001542024,0.0,0.0,0.0,0.0,0.0,0.0,0.0,0.0,0.0,0.0,1.0,35.8120002746582,-0.08854283164795827
2023-12-14,7.025,2023-12-11,6.766666666666667,0.9985092346144295,0.17777975939567733,0.2583333333333337,1030.4717,1141.2834,1.0307628952567953,-0.32,36.11800003051758,0.3705566186970693,0.42965783912370537,-0.1583438842825772,-6.182330512350459,0.0044101677277422,-5.423842556518245,0.0,0.0,0.0,0.0,0.0,0.0,0.0,0.0,0.0,0.0,1.0,34.849998474121094,0.39449944255745967
2023-12-15,7.25,2023-12-12,6.771875,0.954829078126569,0.4891791534950048,0.4781250000000003,1026.5985,1141.2557,1.0137649884962612,-0.34,34.702999114990234,0.8262320182731512,0.25896466756719766,-0.10384800008961038,-5.7279394057068345,0.0015972207144164,-6.439490213026857,0.0,0.0,0.0,0.0,0.0,0.0,0.0,0.0,0.0,0.0,1.0,33.18899917602539,0.6168295788568109
2023-12-18,5.925,2023-12-15,6.513541666666667,1.2120566663328587,-1.022067195119742,0.588541666666667,1014.5261,1141.2834,0.9607715144781265,-0.33,33.18899917602539,0.19538120268432338,0.22218256690408722,-0.06008555701530158,-5.922588803616206,0.0023848203574717,-6.038631478874107,0.0,0.0,0.0,0.0,0.0,0.0,0.0,0.0,0.0,0.0,1.0,35.52199935913086,0.6466926320294796
2023-12-19,6.85,2023-12-16,7.264583333333332,1.0324826896605435,-0.7756041675624532,0.4145833333333328,1012.7216,1141.2834,0.9532724379661259,-0.16,33.18899917602539,0.19538120268432338,0.22218256690408722,-0.06008555701530158,-5.922588803616206,0.0023848203574717,-6.038631478874107,0.0,0.0,0.0,0.0,0.0,0.0,0.0,0.0,0.0,0.0,1.0,32.56800079345703,-0.41096874767288555
2023-12-20,7.675,2023-12-17,7.191666666666666,0.8723221158717213,0.4965582860565999,0.4833333333333334,1010.6713,1141.2834,0.9442735461517261,-0.18,33.18899917602539,0.19538120268432338,0.22218256690408722,-0.06008555701530158,-5.922588803616206,0.0023848203574717,-6.038631478874107,0.0,0.0,0.0,0.0,0.0,0.0,0.0,0.0,0.0,0.0,1.0,33.520999908447266,-0.6299090783019455
2023-12-21,10.1,2023-12-18,9.628125,0.40154709594700216,0.48032419442108826,0.4718749999999989,1006.602,1141.2834,0.9262757625229256,-0.36,35.52199935913086,0.6087149938591684,0.3221481413203132,-0.0024530311632472114,-6.345138700402978,0.0046149922028892,-5.378445100326846,0.0,0.0,0.0,0.0,0.0,0.0,0.0,0.0,0.0,0.0,1.0,34.202999114990234,0.2356572231272985
2023-12-22,9.325,2023-12-19,9.171875,0.5520009682940775,0.02872128165144793,0.1531249999999993,1002.2363,1141.2834,0.907278102025858,-0.38,32.56800079345703,0.8422939856047641,0.3384773220274223,0.0914108406667866,-7.5182563960306785,0.0075380543426939,-4.887791174864435,0.0,0.0,0.0,0.0,0.0,0.0,0.0,0.0,0.0,0.0,1.0,34.17399978637695,0.94810481047274
2023-12-26,9.35,2023-12-23,9.236458333333331,0.547147617573204,-0.02736012581667678,0.1135416666666664,992.4714,1141.2834,0.8642833966903902,-0.12,34.17399978637695,-0.017999121906259175,0.683781747512397,0.23068173450609833,-6.201194012313798,7.194752504772734e-07,-14.144742319534489,0.0,0.0,0.0,0.0,0.0,0.0,0.0,0.0,0.0,0.0,1.0,34.17399978637695,0.3378565144271058
2023-12-27,8.525,2023-12-24,9.161458333333334,0.7073081913620258,-1.08995521468642,0.6364583333333336,991.9429,1141.2834,0.8617837045197236,-0.05,34.17399978637695,-0.017999121906259175,0.683781747512397,0.23068173450609833,-6.201194012313798,7.194752504772734e-07,-14.144742319534489,0.0,0.0,0.0,0.0,0.0,0.0,0.0,0.0,0.0,0.0,1.0,35.51300048828125,-1.2486014992193666
2023-12-28,10.275,2023-12-25,10.003125,0.3675736409008883,0.1969655040558244,0.2718749999999996,991.7394,1141.2834,0.8612837660855908,-0.02,34.17399978637695,-0.017999121906259175,0.683781747512397,0.23068173450609833,-6.201194012313798,7.194752504772734e-07,-14.144742319534489,0.0,0.0,0.0,0.0,0.0,0.0,0.0,0.0,0.0,0.0,1.0,33.10499954223633,0.11143991786200333
2023-12-29,9.775,2023-12-26,9.634375,0.4646406553183562,0.011011363503619883,0.140625,990.9871,1141.2834,0.857784197046657,-0.07,34.17399978637695,-2.2592890405560153,0.5502157881788973,0.2276996326763195,-5.805026000631005,0.0,-27.631021115928547,0.0,0.0,0.0,0.0,0.0,0.0,0.0,0.0,0.0,0.0,1.0,32.349998474121094,0.16315816296268393
2024-01-22,8.65,2024-01-19,7.891666666666667,0.6830414377576589,0.8861764853088397,0.7583333333333337,860.243,1141.2835,0.2853546899639753,-0.68,28.429000854492188,-0.8016591771524051,0.4484001501780875,0.33441656012042326,-6.547043777575138,0.0003622943848851,-7.9230534559462065,0.0,0.0,0.0,0.0,0.0,0.0,0.0,0.0,0.0,0.0,0.0,27.263999938964844,1.2682092074015026
2024-01-23,8.15,2024-01-20,7.942708333333334,0.7801084521751268,0.10546426029204113,0.2072916666666664,853.8786,1141.2835,0.25735813765250776,-0.56,28.429000854492188,-0.8016591771524051,0.4484001501780875,0.33441656012042326,-6.547043777575138,0.0003622943848851,-7.9230534559462065,0.0,0.0,0.0,0.0,0.0,0.0,0.0,0.0,0.0,0.0,0.0,27.226999282836918,-0.7444546302495377
2024-01-24,11.15,2024-01-21,10.803125,0.1977063656703195,0.3032250129428003,0.3468750000000007,847.9545,1141.2835,0.23136133907757395,-0.52,28.429000854492188,-0.8016591771524051,0.4484001501780875,0.33441656012042326,-6.547043777575138,0.0003622943848851,-7.9230534559462065,0.0,0.0,0.0,0.0,0.0,0.0,0.0,0.0,0.0,0.0,0.0,28.929000854492188,-0.9685429959703659
2024-01-25,8.55,2024-01-22,8.611458333333333,0.7024548406411524,-0.275298979886282,0.0614583333333325,842.0951,1141.2835,0.20536454050264014,-0.51,27.263999938964844,-0.058007919140516916,0.47191595948769305,0.2987304331793053,-6.824821354071629,0.0017508059013302,-6.347679081434227,0.0,0.0,0.0,0.0,0.0,0.0,0.0,0.0,0.0,0.0,0.0,27.78400039672852,0.9296415371727575
2024-01-26,8.850000000000001,2024-01-23,8.198958333333334,0.6442146319906719,0.7341663545399747,0.6510416666666679,836.654,1141.2835,0.18186743409837292,-0.48,27.226999282836918,0.4993715875831502,0.49523007264570157,0.24570457528570927,-6.540495746309187,1.8442909368932464e-06,-13.20341512817349,0.0,0.0,0.0,0.0,0.0,0.0,0.0,0.0,0.0,0.0,0.0,28.07900047302246,0.6437141073683547
2024-01-29,7.525,2024-01-26,7.401041666666666,0.9014422201969616,-0.0126018606934843,0.1239583333333342,823.4162,1141.2559,0.12387457573890492,-0.37,28.07900047302246,0.47426834697925524,0.06918175665305533,0.17716245859344676,-7.017150868209661,0.0001115485164832,-9.101050927328744,0.0,0.0,0.0,0.0,0.0,0.0,0.0,0.0,0.0,0.0,0.0,28.173999786376957,0.19161348911515977
2024-01-30,8.5,2024-01-27,8.145833333333332,0.7121615420828994,0.31355579852903454,0.3541666666666678,819.356,1141.2559,0.10587679211010448,-0.36,28.07900047302246,0.47426834697925524,0.06918175665305533,0.17716245859344676,-7.017150868209661,0.0001115485164832,-9.101050927328744,0.0,0.0,0.0,0.0,0.0,0.0,0.0,0.0,0.0,0.0,0.0,29.391000747680664,0.8041348305206109
2024-01-31,7.175,2024-01-28,7.617708333333333,0.969389130289189,-0.8154514833950689,0.442708333333333,815.1971,1141.2835,0.08787900848130403,-0.36,28.07900047302246,0.47426834697925524,0.06918175665305533,0.17716245859344676,-7.017150868209661,0.0001115485164832,-9.101050927328744,0.0,0.0,0.0,0.0,0.0,0.0,0.0,0.0,0.0,0.0,0.0,30.23500061035156,0.37765394913517714
2024-02-01,7.525,2024-01-29,7.170833333333333,0.9014422201969616,0.31355579852903326,0.3541666666666669,809.796,1141.2835,0.06388196364290322,-0.47,28.173999786376957,-0.47479243724868114,0.041167245258894244,0.17943484824806397,-6.796750214732112,1.1408022485460362e-05,-11.38119363561104,0.0,0.0,0.0,0.0,0.0,0.0,0.0,0.0,0.0,0.0,0.0,28.99099922180176,0.17877640081394544
2024-02-02,7.75,2024-01-30,7.634375,0.8577620637091011,-0.024408472792038793,0.1156249999999996,804.5193,1141.2835,0.040884795672768884,-0.46,29.391000747680664,-1.2815243725676457,-0.18527385372847296,0.17966843538207025,-7.159834001151889,0.0017883570863282,-6.326457908900043,0.0,0.0,0.0,0.0,0.0,0.0,0.0,0.0,0.0,0.0,0.0,29.304000854492188,1.2498210062470434
2024-02-05,9.55,2024-02-02,10.452083333333333,0.5083208118062167,-1.4662909753277849,0.9020833333333318,790.3394,1141.2835,-0.021107570159765807,-0.37,29.304000854492188,0.502277260331467,-0.34274466197425046,0.125179005714032,-7.709611802981196,0.0001153184854154,-9.067812810362678,1.0,0.0,0.0,0.0,0.0,0.0,0.0,0.0,0.0,0.0,0.0,28.340999603271484,0.6836616863674725
2024-02-06,10.1,2024-02-03,10.205208333333331,0.40154709594700216,-0.33728369340368514,0.1052083333333335,787.8439,1141.2835,-0.03210621571069937,-0.22,29.304000854492188,0.502277260331467,-0.34274466197425046,0.125179005714032,-7.709611802981196,0.0001153184854154,-9.067812810362678,1.0,0.0,0.0,0.0,0.0,0.0,0.0,0.0,0.0,0.0,0.0,28.60700035095215,-0.5337557048410256
2024-02-07,7.675,2024-02-04,8.394791666666666,0.8723221158717213,-1.2080213356719467,0.7197916666666666,785.4001,1141.2835,-0.042604922827500044,-0.21,29.304000854492188,0.502277260331467,-0.34274466197425046,0.125179005714032,-7.709611802981196,0.0001153184854154,-9.067812810362678,1.0,0.0,0.0,0.0,0.0,0.0,0.0,0.0,0.0,0.0,0.0,28.18600082397461,-0.7150103155839351
2024-02-08,7.425,2024-02-05,7.508333333333333,0.9208556230804551,-0.30629133664498354,0.083333333333333,781.7123,1141.2835,-0.05910289115390038,-0.32,28.340999603271484,-0.46303253716479886,-0.3420586709135723,0.055719079920946754,-7.159653980102495,0.0011165320968609,-6.797527738453373,1.0,0.0,0.0,0.0,0.0,0.0,0.0,0.0,0.0,0.0,0.0,27.812000274658203,-0.05998024181735895
2024-02-09,11.0,2024-02-06,9.710416666666667,0.22682646999555992,1.6388480065915734,1.2895833333333329,778.0658,1141.2835,-0.07510092104616713,-0.32,28.60700035095215,0.340211690985677,-0.162390582436242,-0.038151113088807115,-7.148420945817403,8.727202857353484e-05,-9.346480540802633,1.0,0.0,0.0,0.0,0.0,0.0,0.0,0.0,0.0,0.0,0.0,27.117000579833984,-0.17605706666701507
2024-02-12,7.35,2024-02-09,7.191666666666667,0.9354156752430756,0.036100414213042914,0.1583333333333323,765.9301,1141.2835,-0.12809439506430195,-0.26,27.117000579833984,-0.3085923490374395,-1.1240290229089862,-0.3098228548650536,-7.271697910111245,0.0006404307475458,-7.353369563400613,1.0,0.0,0.0,0.0,0.0,0.0,0.0,0.0,0.0,0.0,0.0,25.72900009155273,1.0584466951459246
2024-02-13,7.325,2024-02-10,7.861458333333333,0.940269025963949,-0.9482758695037868,0.536458333333333,763.9623,1141.2835,-0.13659334844456894,-0.17,27.117000579833984,-0.3085923490374395,-1.1240290229089862,-0.3098228548650536,-7.271697910111245,0.0006404307475458,-7.353369563400613,1.0,0.0,0.0,0.0,0.0,0.0,0.0,0.0,0.0,0.0,0.0,25.43600082397461,-0.5060616649324735
2024-02-14,10.425,2024-02-11,10.267708333333331,0.33845353657564786,0.03462458770072646,0.1572916666666675,761.8656,1137.8723,-0.13559347157630244,-0.18,27.117000579833984,-0.3085923490374395,-1.1240290229089862,-0.3098228548650536,-7.271697910111245,0.0006404307475458,-7.353369563400613,1.0,0.0,0.0,0.0,0.0,0.0,0.0,0.0,0.0,0.0,0.0,24.85700035095215,-0.7053183027302714
2024-02-15,12.375,2024-02-12,11.66875,-0.040107819652476756,0.8123851596928857,0.7062500000000007,757.9335,1141.2835,-0.16309008545363635,-0.34,25.72900009155273,0.14355060063282019,-0.9065448942191705,-0.319300620795251,-8.161671409120688,0.0027606717373525,-5.892281245404969,1.0,0.0,0.0,0.0,0.0,0.0,0.0,0.0,0.0,0.0,0.0,24.965999603271484,0.4370588859043024
2024-02-16,11.65,2024-02-13,11.251041666666666,0.1006393512528516,0.3770163385587555,0.3989583333333346,753.9802,1141.2835,-0.18058793064830317,-0.35,25.43600082397461,0.6604948261705778,-0.4582255756476582,-0.22998302514171756,-8.210662519253876,0.0001311766643397,-8.93896555291451,1.0,0.0,0.0,0.0,0.0,0.0,0.0,0.0,0.0,0.0,0.0,24.82200050354004,0.9497571434240417
2024-02-20,8.8,2024-02-17,8.895833333333334,0.6539213334324184,-0.32400125479281294,0.0958333333333332,745.0395,1141.2835,-0.21958312851070425,-0.11,24.82200050354004,-1.098354868536567,-0.4183171120739581,-0.4643208549247987,-7.1048410069245485,3.3460513652333125e-05,-10.305144481402154,1.0,0.0,0.0,0.0,0.0,0.0,0.0,0.0,0.0,0.0,0.0,24.167999267578125,-0.6928569480315684
2024-02-21,9.05,2024-02-18,9.288541666666667,0.6053878262236845,-0.5261894869805277,0.2385416666666664,743.8023,1141.2835,-0.22508245128617102,-0.11,24.82200050354004,-1.098354868536567,-0.4183171120739581,-0.4643208549247987,-7.1048410069245485,3.3460513652333125e-05,-10.305144481402154,1.0,0.0,0.0,0.0,0.0,0.0,0.0,0.0,0.0,0.0,0.0,23.976999282836918,-0.7944381370471254
2024-02-22,10.3,2024-02-19,9.607291666666669,0.36272029018001484,0.7931994150327374,0.6927083333333339,741.5295,1141.2835,-0.2350812199688381,-0.2,24.82200050354004,-1.098354868536567,-0.4183171120739581,-0.4643208549247987,-7.1048410069245485,3.3460513652333125e-05,-10.305144481402154,1.0,0.0,0.0,0.0,0.0,0.0,0.0,0.0,0.0,0.0,0.0,23.19300079345703,0.6232663938772722
2024-02-23,6.575,2024-02-20,5.940625,1.0858695475901508,0.7105531303428682,0.6343750000000004,739.1399,1141.2835,-0.24557992708563806,-0.21,24.167999267578125,-0.9008099490712215,-0.5495625041573123,-0.6755783254012053,-7.224348482318004,0.0007129414365787,-7.24611127615647,1.0,0.0,0.0,0.0,0.0,0.0,0.0,0.0,0.0,0.0,0.0,22.93400001525879,0.6622621475611299
2024-02-26,6.175,2024-02-23,7.48125,1.1635231591241249,-2.038911662107594,1.3062500000000004,731.1868,1141.3835,-0.28057561747497245,-0.26,22.93400001525879,0.33660063066493817,-1.0273136559890115,-0.6900061414525582,-6.565800023972175,0.000126113280384,-8.978329996319957,1.0,0.0,0.0,0.0,0.0,0.0,0.0,0.0,0.0,0.0,0.0,24.00900077819824,0.6110696560623755
2024-02-27,6.3,2024-02-24,6.734375,1.1392564055197578,-0.8036448712965168,0.4343750000000002,728.9427,1141.3835,-0.29057438615763953,-0.2,22.93400001525879,0.33660063066493817,-1.0273136559890115,-0.6900061414525582,-6.565800023972175,0.000126113280384,-8.978329996319957,1.0,0.0,0.0,0.0,0.0,0.0,0.0,0.0,0.0,0.0,0.0,24.392000198364254,-0.3003252072096596
2024-02-28,6.85,2024-02-25,7.116666666666667,1.0324826896605435,-0.5660368028131447,0.2666666666666675,727.0986,1141.3835,-0.2985734011037729,-0.16,22.93400001525879,0.33660063066493817,-1.0273136559890115,-0.6900061414525582,-6.565800023972175,0.000126113280384,-8.978329996319957,1.0,0.0,0.0,0.0,0.0,0.0,0.0,0.0,0.0,0.0,0.0,25.61899948120117,-0.6905249884383441
2024-02-29,7.925,2024-02-26,8.877083333333333,0.8237886086629873,-1.5371306479191034,0.9520833333333334,723.4581,1141.3835,-0.31457143099603996,-0.32,24.00900077819824,-0.4313728329330169,-0.9834220025980568,-0.6834889239744769,-6.628848033438391,0.0020983972508155,-6.166581439069541,1.0,0.0,0.0,0.0,0.0,0.0,0.0,0.0,0.0,0.0,0.0,24.864999771118164,1.1633893513397542
2024-03-01,7.8,2024-02-27,7.136458333333334,0.8480553622673542,0.7518762726878016,0.6635416666666663,719.3716,1141.3835,-0.3320692761907072,-0.36,24.392000198364254,0.5634453190105242,-0.41354266768321335,-0.7698971736176936,-6.597599558056192,0.0002504757394386,-8.292148486685383,1.0,0.0,0.0,0.0,0.0,0.0,0.0,0.0,0.0,0.0,0.0,25.80900001525879,0.6077426176660731
2024-03-04,8.0,2024-03-01,7.265625,0.8092285565003672,0.8522324755255001,0.734375,710.2454,1141.3835,-0.3720643509213751,-0.2,25.80900001525879,0.260934490452412,-0.13525124005829917,-0.6720879256141002,-7.143809231848959,0.0013884630483628,-6.57955786348158,0.0,1.0,0.0,0.0,0.0,0.0,0.0,0.0,0.0,0.0,0.0,26.88500022888184,0.4174446720951388
2024-03-05,7.25,2024-03-02,7.580208333333333,0.954829078126569,-0.6560622200646077,0.3302083333333332,709.3771,1141.6129,-0.37656379682857505,-0.08,25.80900001525879,0.260934490452412,-0.13525124005829917,-0.6720879256141002,-7.143809231848959,0.0013884630483628,-6.57955786348158,0.0,1.0,0.0,0.0,0.0,0.0,0.0,0.0,0.0,0.0,0.0,27.468000411987305,-0.7635133847568082
2024-03-06,8.149999999999999,2024-03-03,7.685416666666667,0.7801084521751268,0.4699934088348541,0.4645833333333318,708.6572,1141.6129,-0.37956342743337523,-0.06,25.80900001525879,0.260934490452412,-0.13525124005829917,-0.6720879256141002,-7.143809231848959,0.0013884630483628,-6.57955786348158,0.0,1.0,0.0,0.0,0.0,0.0,0.0,0.0,0.0,0.0,0.0,26.57200050354004,-0.7689861938821065
2024-03-07,7.225,2024-03-04,7.758333333333334,0.9596824288474425,-0.9438483899668311,0.5333333333333341,706.1442,1141.613,-0.39106201141844205,-0.22,26.88500022888184,0.4173311004149647,0.02587736801037377,-0.6929638382161876,-6.807347999948223,0.0016683344374709,-6.395929492463105,0.0,1.0,0.0,0.0,0.0,0.0,0.0,0.0,0.0,0.0,0.0,25.992000579833984,0.671058266333781
2024-03-08,7.15,2024-03-05,7.30625,0.9742424810100625,-0.4095991925073202,0.15625,703.034,1141.613,-0.4045603491400425,-0.27,27.468000411987305,0.48230022300238423,-0.025518647220813696,-0.648298633350825,-6.886627135120326,0.0004602392316946,-7.68376413259594,0.0,1.0,0.0,0.0,0.0,0.0,0.0,0.0,0.0,0.0,0.0,26.392000198364254,-0.7510737810936459
2024-03-11,8.475,2024-03-08,7.751041666666666,0.7170148928037728,0.8374742104023101,0.7239583333333339,693.5633,1141.613,-0.4460552391731102,-0.23,26.392000198364254,0.04668779363772999,-0.2361121162536005,-0.6973669148572141,-6.616114271285372,0.0002332376727336,-8.36345256536265,0.0,1.0,0.0,0.0,0.0,0.0,0.0,0.0,0.0,0.0,0.0,24.93000030517578,0.8823761640679649
2024-03-12,8.825,2024-03-09,8.403125,0.6490679827115453,0.40948452182977363,0.421875,692.3154,1141.613,-0.45155456194857696,-0.11,26.392000198364254,0.04668779363772999,-0.2361121162536005,-0.6973669148572141,-6.616114271285372,0.0002332376727336,-8.36345256536265,0.0,1.0,0.0,0.0,0.0,0.0,0.0,0.0,0.0,0.0,0.0,24.774999618530277,-0.6498202248191473
2024-03-13,10.6,2024-03-10,10.165625,0.30448008152953393,0.42719443997760415,0.434375000000001,691.4001,1141.613,-0.45555406942164367,-0.08,26.392000198364254,0.04668779363772999,-0.2361121162536005,-0.6973669148572141,-6.616114271285372,0.0002332376727336,-8.36345256536265,0.0,1.0,0.0,0.0,0.0,0.0,0.0,0.0,0.0,0.0,0.0,24.902999877929688,-0.5106143431085853
2024-03-14,12.575,2024-03-11,12.173958333333331,-0.07893462541946378,0.37996799158339106,0.4010416666666661,688.6612,1141.613,-0.4675525918408441,-0.24,24.93000030517578,-0.21382449349867294,-0.4453091183404782,-0.689655415991536,-6.491026461524186,0.0032477497301807,-5.729792912859362,0.0,1.0,0.0,0.0,0.0,0.0,0.0,0.0,0.0,0.0,0.0,26.048999786376957,0.42758587490562544
2024-03-15,12.675,2024-03-12,12.057291666666666,-0.09834802830295762,0.6869399061457641,0.6177083333333346,685.7393,1141.613,-0.48005105269417775,-0.26,24.774999618530277,0.7179844414061167,-0.17102977556851579,-0.5427226741714507,-6.495859691084272,3.8898235031216656e-05,-10.154561654609262,0.0,1.0,0.0,0.0,0.0,0.0,0.0,0.0,0.0,0.0,0.0,27.025999069213867,1.1402656390190098
2024-03-18,11.8,2024-03-15,11.428125,0.07151924692761116,0.3386448492384564,0.3718749999999993,681.7707,1141.613,-0.49754889788884493,-0.12,27.025999069213867,0.5507083112218523,-0.16478153478593893,-0.6120966254890554,-6.142831169677988,0.0013557094271324,-6.60343039846449,0.0,1.0,0.0,0.0,0.0,0.0,0.0,0.0,0.0,0.0,0.0,28.82200050354004,0.13789340299494665
2024-03-19,12.75,2024-03-16,12.489583333333332,-0.11290808046557767,0.1807314124203166,0.2604166666666678,681.4035,1141.5453,-0.49904871319124505,-0.03,27.025999069213867,0.5507083112218523,-0.16478153478593893,-0.6120966254890554,-6.142831169677988,0.0013557094271324,-6.60343039846449,0.0,1.0,0.0,0.0,0.0,0.0,0.0,0.0,0.0,0.0,0.0,28.86599922180176,-0.04886434403138652
2024-03-20,13.675,2024-03-17,13.247916666666669,-0.2924820571378934,0.4168636543913699,0.4270833333333339,680.9728,1141.5453,-0.5010484669277784,-0.04,27.025999069213867,0.5507083112218523,-0.16478153478593893,-0.6120966254890554,-6.142831169677988,0.0013557094271324,-6.60343039846449,0.0,1.0,0.0,0.0,0.0,0.0,0.0,0.0,0.0,0.0,0.0,27.742000579833984,-0.9834532686876861
2024-03-21,12.35,2024-03-18,11.66875,-0.0352544689316033,0.7769653233972271,0.6812500000000004,679.3258,1141.5177,-0.5080476050056453,-0.14,28.82200050354004,0.4088848148917918,-0.0151382301528084,-0.5547019508487256,-6.536609673817424,0.0041395932272455,-5.487157750019116,0.0,1.0,0.0,0.0,0.0,0.0,0.0,0.0,0.0,0.0,0.0,26.402000427246094,0.2947700745620203
2024-03-22,11.75,2024-03-19,13.111458333333331,0.08122594836935809,-2.117130467260505,1.3614583333333332,677.7172,1141.5177,-0.5150467430835122,-0.14,28.86599922180176,0.8038306183947501,0.08683191974013539,-0.4037618990742549,-6.252673973365868,2.3268546160461563e-06,-12.970992722820458,0.0,1.0,0.0,0.0,0.0,0.0,0.0,0.0,0.0,0.0,0.0,27.775999069213867,0.8755647340696773
2024-03-25,8.375,2024-03-22,7.808333333333334,0.7364282956872663,0.6146244070421265,0.5666666666666664,675.4096,1141.5453,-0.5250455117661789,-0.03,27.775999069213867,0.6184020263507565,0.27258587334480844,-0.28571396021976997,-6.831230220135249,0.0025737889839618,-5.962376152593016,0.0,1.0,0.0,0.0,0.0,0.0,0.0,0.0,0.0,0.0,0.0,28.48900032043457,-0.0742352490525623
2024-03-26,9.525,2024-03-23,8.485416666666667,0.5131741625270901,1.2846496436349921,1.0395833333333329,675.6173,1141.5453,-0.5245455733320455,0.02,27.775999069213867,0.6184020263507565,0.27258587334480844,-0.28571396021976997,-6.831230220135249,0.0025737889839618,-5.962376152593016,0.0,1.0,0.0,0.0,0.0,0.0,0.0,0.0,0.0,0.0,0.0,27.131999969482425,-0.3670346388798718
2024-03-27,9.425,2024-03-24,9.272916666666667,0.5325875654105836,0.027245455139130067,0.1520833333333335,675.3142,1141.5453,-0.5255454502003124,-0.03,27.775999069213867,0.6184020263507565,0.27258587334480844,-0.28571396021976997,-6.831230220135249,0.0025737889839618,-5.962376152593016,0.0,1.0,0.0,0.0,0.0,0.0,0.0,0.0,0.0,0.0,0.0,27.687000274658203,-0.9863887884442563
2024-03-28,9.125,2024-03-25,8.3625,0.5908277740610645,0.8920797913581144,0.7624999999999993,673.4159,1141.5453,-0.534044403580579,-0.17,28.48900032043457,0.6356947117187872,0.3706767337900414,-0.20422881695969172,-6.836978585794616,0.0006424072528676,-7.3502881035716285,0.0,1.0,0.0,0.0,0.0,0.0,0.0,0.0,0.0,0.0,0.0,27.34000015258789,0.9519528793889654
2024-04-02,10.2,2024-03-30,10.142708333333337,0.3821336930635087,-0.10705475748191051,0.0572916666666643,670.2893,1141.5453,-0.5475427413021796,0.03,27.34000015258789,-0.014217422901600843,0.17574884795475357,-0.20098627771238972,-6.8042990465629085,0.0001590666301815,-8.746187379492246,0.0,1.0,0.0,0.0,0.0,0.0,0.0,0.0,0.0,0.0,0.0,26.202999114990234,0.5217947057892086
2024-04-03,11.025,2024-03-31,10.251041666666667,0.22197311927468646,0.9083138829936248,0.7739583333333329,666.1458,1139.1544,-0.55954126372138,-0.36,27.34000015258789,-0.014217422901600843,0.17574884795475357,-0.20098627771238972,-6.8042990465629085,0.0001590666301815,-8.746187379492246,0.0,1.0,0.0,0.0,0.0,0.0,0.0,0.0,0.0,0.0,0.0,25.5629997253418,-0.15648685209545948
2024-04-04,12.5,2024-04-01,11.311458333333333,-0.06437457325684373,1.4956928348966236,1.1885416666666675,669.1111,1129.916,-0.5225458195955123,0.26,27.34000015258789,-0.014217422901600843,0.17574884795475357,-0.20098627771238972,-6.8042990465629085,0.0001590666301815,-8.746187379492246,0.0,1.0,0.0,0.0,0.0,0.0,0.0,0.0,0.0,0.0,0.0,26.20599937438965,-0.10319992231158505
2024-04-05,14.95,2024-04-02,14.370833333333334,-0.5400029439024362,0.6323343251899546,0.5791666666666657,670.6287,1129.916,-0.5160466199517786,0.13,26.202999114990234,-0.3492389990009692,-0.08185592043970652,-0.2038197583307551,-7.094775934923619,0.001804292353699,-6.317586811326049,0.0,0.0,1.0,0.0,0.0,0.0,0.0,0.0,0.0,0.0,0.0,26.606000900268555,1.1143617714812715
2024-04-08,16.65,2024-04-05,14.705208333333331,-0.8700307929218268,2.5671428828402783,1.9447916666666651,673.6079,1130.1589,-0.503548159098445,0.16,26.606000900268555,0.13044612582782478,-0.5202206174016191,-0.256744951373252,-6.090943736750582,0.0002294746221086,-8.379718109267538,0.0,0.0,1.0,0.0,0.0,0.0,0.0,0.0,0.0,0.0,0.0,27.90800094604492,0.20346047027856237
2024-04-09,11.45,2024-04-06,9.80625,0.13946615701983897,2.1406290207800622,1.643749999999999,677.2041,1125.6614,-0.47555160678697783,0.32,26.606000900268555,0.13044612582782478,-0.5202206174016191,-0.256744951373252,-6.090943736750582,0.0002294746221086,-8.379718109267538,0.0,0.0,1.0,0.0,0.0,0.0,0.0,0.0,0.0,0.0,0.0,27.35099983215332,0.012028239277089563
2024-04-10,11.3,2024-04-07,10.411458333333334,0.16858626134507906,1.0706547993487252,0.8885416666666668,680.1409,1125.6614,-0.46255320749951057,0.26,26.606000900268555,0.13044612582782478,-0.5202206174016191,-0.256744951373252,-6.090943736750582,0.0002294746221086,-8.379718109267538,0.0,0.0,1.0,0.0,0.0,0.0,0.0,0.0,0.0,0.0,0.0,27.100000381469727,-0.9745541121523882
2024-04-11,13.2,2024-04-08,12.9875,-0.20026839344129863,0.11284339285363738,0.2125000000000003,683.4832,1125.6614,-0.4475550544755103,0.3,27.90800094604492,-0.21957936737816405,-0.5621424212541998,-0.30531538350511633,-6.296876728823195,0.0022826065535033,-6.08243726334127,0.0,0.0,1.0,0.0,0.0,0.0,0.0,0.0,0.0,0.0,0.0,29.37700080871582,-0.052662944878210875
2024-04-12,16.15,2024-04-09,15.982291666666669,-0.772963778504359,0.04938285282391399,0.1677083333333318,685.2941,1130.1589,-0.45155456194857696,0.16,27.35099983215332,0.593216172161301,-0.16854430368831683,-0.24422014390965377,-5.978519298300429,0.0004064391009246,-7.808076450962696,0.0,0.0,1.0,0.0,0.0,0.0,0.0,0.0,0.0,0.0,0.0,30.73200035095215,0.6875423196911932
2024-04-15,10.15,2024-04-12,9.872916666666669,0.39184039450525526,0.20434463661742067,0.2770833333333335,691.7604,1125.6614,-0.4110595487837758,0.25,30.73200035095215,0.9639595343684235,0.27142417274120806,-0.08986981290012054,-6.139066298350846,0.0020333232429999,-6.198083758450526,0.0,0.0,1.0,0.0,0.0,0.0,0.0,0.0,0.0,0.0,0.0,31.14299964904785,0.5175210623261758
2024-04-16,8.25,2024-04-13,7.634375,0.7606950492916332,0.6839882531211235,0.6156249999999996,695.7098,1125.6614,-0.39356170358910897,0.35,30.73200035095215,0.9639595343684235,0.27142417274120806,-0.08986981290012054,-6.139066298350846,0.0020333232429999,-6.198083758450526,0.0,0.0,1.0,0.0,0.0,0.0,0.0,0.0,0.0,0.0,0.0,33.138999938964844,0.009088742188306239
2024-04-17,7.4,2024-04-14,6.701041666666667,0.9257089738013287,0.8020543741066515,0.6989583333333336,699.3679,1125.6614,-0.37706373526270826,0.32,30.73200035095215,0.9639595343684235,0.27142417274120806,-0.08986981290012054,-6.139066298350846,0.0020333232429999,-6.198083758450526,0.0,0.0,1.0,0.0,0.0,0.0,0.0,0.0,0.0,0.0,0.0,31.28899955749512,0.13166465216588588
2024-04-18,8.025,2024-04-15,8.316666666666666,0.8043752057794937,-0.6014566391088008,0.2916666666666661,701.5052,1125.6436,-0.3675649050141748,0.19,31.14299964904785,0.5522995573926457,0.41297477484831124,-0.12380245169880623,-5.957372997976545,0.0001764917878862,-8.642236204564092,0.0,0.0,1.0,0.0,0.0,0.0,0.0,0.0,0.0,0.0,0.0,32.30899810791016,1.649223464175542
2024-04-19,8.125,2024-04-16,8.017708333333333,0.7849618028960003,-0.03621508489059088,0.1072916666666667,702.7103,1130.1411,-0.37456404309204167,0.11,33.138999938964844,-0.31246027799203513,0.2451005582508877,-0.11989451900123868,-6.211434438377658,0.0038590615140636,-5.557331255879006,0.0,0.0,1.0,0.0,0.0,0.0,0.0,0.0,0.0,0.0,0.0,30.757999420166016,3.437188912777562
2024-04-22,6.375,2024-04-19,6.903124999999999,1.124696353357138,-0.9364692574052335,0.5281249999999993,702.3462,1130.4091,-0.37706373526270826,-0.02,30.757999420166016,0.3113523232651613,0.34396424642800033,0.00653450411781845,-6.851815437011588,0.0024202135983108,-6.023899478530552,0.0,0.0,1.0,0.0,0.0,0.0,0.0,0.0,0.0,0.0,0.0,29.309999465942383,1.279834452294022
2024-04-23,6.525,2024-04-20,6.965624999999999,1.0955762490318974,-0.8124998303704296,0.4406249999999989,702.9335,1130.4091,-0.37456404309204167,0.05,30.757999420166016,0.3113523232651613,0.34396424642800033,0.00653450411781845,-6.851815437011588,0.0024202135983108,-6.023899478530552,0.0,0.0,1.0,0.0,0.0,0.0,0.0,0.0,0.0,0.0,0.0,28.41699981689453,0.07825927245703848
2024-04-24,6.975,2024-04-21,6.722916666666666,1.0082159360561764,0.16892480032176213,0.2520833333333332,703.514,1130.4091,-0.3715644124872415,0.05,30.757999420166016,0.3113523232651613,0.34396424642800033,0.00653450411781845,-6.851815437011588,0.0024202135983108,-6.023899478530552,0.0,0.0,1.0,0.0,0.0,0.0,0.0,0.0,0.0,0.0,0.0,29.01799964904785,-0.9624678695980381
2024-04-25,7.65,2024-04-22,7.375,0.8771754665925947,0.20139298359278265,0.2750000000000003,702.2528,1130.4091,-0.3775636736968419,-0.11,29.309999465942383,0.6139272882936816,0.3737458137770464,-0.036956656547359586,-7.144427536295629,0.0023253002994299,-6.063906086808183,0.0,0.0,1.0,0.0,0.0,0.0,0.0,0.0,0.0,0.0,0.0,29.770999908447266,0.5433722302120898
2024-04-26,8.925,2024-04-23,9.907291666666666,0.6296545798280515,-1.5799296167763546,0.982291666666665,700.6539,1130.4091,-0.38456281177470875,-0.14,28.41699981689453,0.5997726441987625,0.5218601113179719,0.021327939042102305,-7.004573989904446,0.0009573569485931,-6.951334247973462,0.0,0.0,1.0,0.0,0.0,0.0,0.0,0.0,0.0,0.0,0.0,28.88599967956543,0.3056968004846047
2024-04-29,13.825,2024-04-26,13.626041666666667,-0.3216021614631335,0.09365764819348663,0.1989583333333318,697.5113,1130.4091,-0.39856108793044215,-0.03,28.88599967956543,0.15221336249364456,-0.0025597065972982175,-0.096540532910564,-6.408925404873221,0.0009106950659974,-7.001302440120367,0.0,0.0,1.0,0.0,0.0,0.0,0.0,0.0,0.0,0.0,0.0,27.99399948120117,0.346604159463409
2024-04-30,16.525,2024-04-27,15.109375,-0.8457640393174599,1.8174230145821817,1.4156249999999986,699.0063,1130.4091,-0.39156194985257525,0.13,28.88599967956543,0.15221336249364456,-0.0025597065972982175,-0.096540532910564,-6.408925404873221,0.0009106950659974,-7.001302440120367,0.0,0.0,1.0,0.0,0.0,0.0,0.0,0.0,0.0,0.0,0.0,29.118000030517575,0.40353072109721333
2024-05-01,18.25,2024-04-28,16.914583333333333,-1.1321117318489904,1.7037843731336146,1.3354166666666671,701.3379,1130.4091,-0.38156318116990856,0.21,28.88599967956543,0.15221336249364456,-0.0025597065972982175,-0.096540532910564,-6.408925404873221,0.0009106950659974,-7.001302440120367,0.0,0.0,1.0,0.0,0.0,0.0,0.0,0.0,0.0,0.0,0.0,28.729999542236328,-0.37844349204166927
2024-05-02,15.7,2024-04-29,13.75,-0.685603465528638,2.574522015401875,1.9499999999999995,703.2102,1130.4091,-0.3730642277896416,0.17,27.99399948120117,0.26811464247738426,-0.20727912097925733,-0.08915680596818833,-6.32899906270849,0.0009838795687488,-6.924007056868702,0.0,0.0,1.0,0.0,0.0,0.0,0.0,0.0,0.0,0.0,0.0,30.913000106811523,1.0027260109224956
2024-05-03,11.725,2024-04-30,12.320833333333333,0.08607929909023156,-1.032397980705975,0.5958333333333332,705.7761,1130.4091,-0.3615656438045748,0.23,29.118000030517575,0.295462340450557,-0.4458131530439938,-0.12829748808123254,-6.448474003565463,0.0015497101211819,-6.469687383488139,0.0,0.0,1.0,0.0,0.0,0.0,0.0,0.0,0.0,0.0,0.0,30.527999877929688,0.6230434146900723
2024-05-06,13.675,2024-05-03,12.660416666666666,-0.2924820571378934,1.2492298073393364,1.0145833333333345,714.1125,1132.0607,-0.3295695840200406,0.2,30.527999877929688,0.895464262505855,0.22515211869172747,-0.0023287471030531367,-7.335997145185786,0.000157064047307,-8.758856884804974,0.0,0.0,0.0,1.0,0.0,0.0,0.0,0.0,0.0,0.0,0.0,31.801000595092773,-0.31181932443077653
2024-05-07,13.4,2024-05-04,12.914583333333333,-0.23909519920828598,0.4995099390812392,0.4854166666666675,716.8069,1132.0607,-0.3175710616008402,0.24,30.527999877929688,0.895464262505855,0.22515211869172747,-0.0023287471030531367,-7.335997145185786,0.000157064047307,-8.758856884804974,0.0,0.0,0.0,1.0,0.0,0.0,0.0,0.0,0.0,0.0,0.0,31.066999435424805,-0.702108595634257
2024-05-08,12.5,2024-05-05,13.305208333333333,-0.06437457325684373,-1.3290391096821113,0.8052083333333329,719.6126,1133.0607,-0.3080722313523067,0.25,30.527999877929688,0.895464262505855,0.22515211869172747,-0.0023287471030531367,-7.335997145185786,0.000157064047307,-8.758856884804974,0.0,0.0,0.0,1.0,0.0,0.0,0.0,0.0,0.0,0.0,0.0,30.608999252319336,-0.9893090203301321
2024-05-09,14.6,2024-05-06,14.765625,-0.4720560338102091,-0.4228816311181899,0.1656249999999985,721.7591,1133.0607,-0.2985734011037729,0.19,31.801000595092773,-0.3537215669136462,0.15375976082274115,-0.013734510429880085,-7.919311271990524,0.0016690054618361,-6.395527361188445,0.0,0.0,0.0,1.0,0.0,0.0,0.0,0.0,0.0,0.0,0.0,30.864999771118164,-0.5855577225014457
2024-05-10,16.45,2024-05-07,16.395833333333336,-0.8312039871548399,-0.1114822370188689,0.0541666666666635,723.2142,1133.0607,-0.2920742014600396,0.13,31.066999435424805,0.48244250012402234,0.2189147995630644,0.012455929984385307,-8.268457839336532,0.0005452976960753,-7.514178679266216,0.0,0.0,0.0,1.0,0.0,0.0,0.0,0.0,0.0,0.0,0.0,30.02899932861328,0.7608902917000525
2024-05-13,18.4,2024-05-10,16.808333333333334,-1.1321117318489904,2.066837695164107,1.591666666666665,730.4044,1133.0607,-0.260578080109639,0.27,30.02899932861328,-0.6428593371616381,-0.7669511942708077,-0.04015973956093359,-8.705195614369831,0.0007540125732954,-7.190101513310901,0.0,0.0,0.0,1.0,0.0,0.0,0.0,0.0,0.0,0.0,0.0,29.577999114990234,0.907741103090821
2024-05-14,18.125,2024-05-11,16.584374999999998,-1.1321117318489904,1.9945221960604769,1.540625000000002,734.4311,1133.0607,-0.2425802964808386,0.36,30.02899932861328,-0.6428593371616381,-0.7669511942708077,-0.04015973956093359,-8.705195614369831,0.0007540125732954,-7.190101513310901,0.0,0.0,0.0,1.0,0.0,0.0,0.0,0.0,0.0,0.0,0.0,29.66900062561035,-0.3837733657905575
2024-05-15,16.475,2024-05-12,14.757291666666664,-0.8360573378757137,2.245412703154723,1.717708333333336,738.6014,1133.0607,-0.22408257441790455,0.37,30.02899932861328,-0.6428593371616381,-0.7669511942708077,-0.04015973956093359,-8.705195614369831,0.0007540125732954,-7.190101513310901,0.0,0.0,0.0,1.0,0.0,0.0,0.0,0.0,0.0,0.0,0.0,29.733999252319336,-1.230797965900241
2024-05-16,15.725,2024-05-13,14.333333333333332,-0.6904568162495115,1.7834790047988458,1.3916666666666675,742.0061,1133.0607,-0.2090844213939043,0.3,29.577999114990234,0.20131608590099942,-0.6019785041741824,-0.022933040900889105,-8.034438937343406,0.0002290000386113,-8.381788381434776,0.0,0.0,0.0,1.0,0.0,0.0,0.0,0.0,0.0,0.0,0.0,30.24799919128418,0.77461581658438
2024-05-17,14.825,2024-05-14,13.976041666666667,-0.5157361902980693,1.0145733918805981,0.8489583333333321,745.4346,1133.0607,-0.19408626836990334,0.3,29.66900062561035,-0.22031184551036437,-1.0774894996781335,-0.19892803052729854,-7.396169671235403,9.436808725217593e-06,-11.570892587762916,0.0,0.0,0.0,1.0,0.0,0.0,0.0,0.0,0.0,0.0,0.0,30.768999099731445,0.40912111010606306
2024-05-20,16.299999999999997,2024-05-17,15.760416666666668,-0.8020838828295991,0.5762529177218249,0.5395833333333293,753.8838,1133.0607,-0.15659088580990235,0.25,30.768999099731445,-0.13222136322882588,-1.356675422327536,-0.39660338780936266,-6.762897910154449,0.0002916451221782,-8.139972826391725,0.0,0.0,0.0,1.0,0.0,0.0,0.0,0.0,0.0,0.0,0.0,31.76799964904785,0.8487299222107979
2024-05-21,16.075,2024-05-18,16.791666666666664,-0.7584037263417389,-1.203593856134987,0.716666666666665,757.264,1133.0607,-0.14209267122003572,0.3,30.768999099731445,-0.13222136322882588,-1.356675422327536,-0.39660338780936266,-6.762897910154449,0.0002916451221782,-8.139972826391725,0.0,0.0,0.0,1.0,0.0,0.0,0.0,0.0,0.0,0.0,0.0,33.00400161743164,-0.3036055119524575
2024-05-22,15.6,2024-05-19,15.111458333333331,-0.6661900626451446,0.5039374186181949,0.4885416666666664,760.7549,1133.0607,-0.12659457976190186,0.31,30.768999099731445,-0.13222136322882588,-1.356675422327536,-0.39660338780936266,-6.762897910154449,0.0002916451221782,-8.139972826391725,0.0,0.0,0.0,1.0,0.0,0.0,0.0,0.0,0.0,0.0,0.0,34.388999938964844,-0.5062898643682032
2024-05-23,15.375,2024-05-20,15.080208333333331,-0.6225099061572841,0.22943368732684508,0.2947916666666668,763.6009,1133.0607,-0.1140961189085682,0.25,31.76799964904785,-0.13475565203111062,-1.7181334148920127,-0.5195951090699027,-6.897108923150051,0.0010209189561017,-6.887052118952275,0.0,0.0,0.0,1.0,0.0,0.0,0.0,0.0,0.0,0.0,0.0,35.22800064086914,0.08986587360480865
2024-05-24,14.3,2024-05-21,14.410416666666666,-0.41381582515972826,-0.344662825965279,0.1104166666666657,765.1428,1133.0607,-0.10709698083070132,0.14,33.00400161743164,0.3085372802236777,-1.171340253922459,-0.5199518966332914,-7.208486256962002,0.0014568979410246,-6.531445800876744,0.0,0.0,0.0,1.0,0.0,0.0,0.0,0.0,0.0,0.0,0.0,34.1150016784668,0.5819966005005444
2024-05-28,13.8,2024-05-25,14.39375,-0.31674881074226036,-1.029446327681337,0.59375,775.9266,1133.0607,-0.05960282958803328,0.29,34.1150016784668,0.10910943950271952,-0.2463283868569042,-0.6107048973301434,-6.863319729858169,0.0010306680788181,-6.877548065821712,0.0,0.0,0.0,1.0,0.0,0.0,0.0,0.0,0.0,0.0,0.0,33.53400039672852,-0.6213620399591432
2024-05-29,14.725,2024-05-26,13.688541666666666,-0.49632278741457575,1.2802221640980365,1.036458333333334,779.7599,1133.0607,-0.042604922827500044,0.34,34.1150016784668,0.10910943950271952,-0.2463283868569042,-0.6107048973301434,-6.863319729858169,0.0010306680788181,-6.877548065821712,0.0,0.0,0.0,1.0,0.0,0.0,0.0,0.0,0.0,0.0,0.0,33.87900161743164,-0.13446784379691834
2024-05-30,14.25,2024-05-27,13.9125,-0.4041091237179813,0.28994257433192794,0.3375000000000003,782.4725,1133.0607,-0.030606400408299275,0.24,34.1150016784668,0.10910943950271952,-0.2463283868569042,-0.6107048973301434,-6.863319729858169,0.0010306680788181,-6.877548065821712,0.0,0.0,0.0,1.0,0.0,0.0,0.0,0.0,0.0,0.0,0.0,35.19200134277344,0.2585480129303101
2024-05-31,14.4,2024-05-28,13.988541666666666,-0.43322922804322167,0.39472625670658357,0.4114583333333339,784.916,1133.0607,-0.020107693291499314,0.22,33.53400039672852,0.31189988693576803,-0.13479457145326781,-0.5825219189204524,-6.32342911452802,0.0002950616320305,-8.128326297919005,0.0,0.0,0.0,1.0,0.0,0.0,0.0,0.0,0.0,0.0,0.0,34.222999572753906,0.22641962047898753
2024-06-03,15.025,2024-05-31,15.339583333333334,-0.5545629960650565,-0.6339248223798214,0.3145833333333332,792.9097,1133.0607,0.015387935531968674,0.28,34.222999572753906,0.43164330374476445,-0.5536436732414558,-0.6161591061419793,-6.541988284410489,0.0007795767704157,-7.156759386290779,0.0,0.0,0.0,1.0,0.0,0.0,0.0,0.0,0.0,0.0,0.0,36.013999938964844,0.438882492724033
2024-06-04,17.1,2024-06-01,16.811458333333334,-0.9573911058975485,0.22057872825293096,0.2885416666666671,795.5348,1134.5981,0.02238707360983555,0.23,34.222999572753906,0.43164330374476445,-0.5536436732414558,-0.6161591061419793,-6.541988284410489,0.0007795767704157,-7.156759386290779,0.0,0.0,0.0,1.0,0.0,0.0,0.0,0.0,0.0,0.0,0.0,33.797000885009766,-0.13632177777477422
2024-06-05,14.975,2024-06-02,14.980208333333334,-0.5448562946233096,-0.19560434822105324,0.0052083333333339,798.6805,1134.5981,0.035885411331435704,0.28,34.222999572753906,0.43164330374476445,-0.5536436732414558,-0.6161591061419793,-6.541988284410489,0.0007795767704157,-7.156759386290779,0.0,0.0,0.0,1.0,0.0,0.0,0.0,0.0,0.0,0.0,0.0,33.35499954223633,-0.6442159151475515
2024-06-06,14.8,2024-06-03,14.966666666666669,-0.510882839577196,-0.4243574576305127,0.1666666666666678,800.5558,1134.5981,0.04438436471170268,0.17,36.013999938964844,0.21311278553777643,-0.5081230071151113,-0.6543496685394431,-6.764534791782276,0.0026020027448874,-5.951473843593585,0.0,0.0,0.0,0.0,1.0,0.0,0.0,0.0,0.0,0.0,0.0,33.68600082397461,-0.30050592724209474
2024-06-07,15.75,2024-06-04,15.657291666666666,-0.695310166970385,-0.05687665606305694,0.0927083333333342,802.3301,1134.5981,0.05188344122370245,0.16,33.797000885009766,0.6395520320551894,-0.2166572887497046,-0.5392210577478385,-7.966901437784745,0.0040367829778266,-5.512307196587899,0.0,0.0,0.0,0.0,1.0,0.0,0.0,0.0,0.0,0.0,0.0,33.10900115966797,-0.315144498452604
2024-06-10,12.8,2024-06-07,13.697916666666666,-0.1226147819073246,-1.460387669278509,0.8979166666666654,809.2998,1134.5981,0.08287962413997015,0.21,33.10900115966797,-0.5223842607658392,0.09795638993545763,-0.677928752261342,-7.70303619380335,0.0002985003082395,-8.116739589153646,0.0,0.0,0.0,0.0,1.0,0.0,0.0,0.0,0.0,0.0,0.0,34.257999420166016,-0.11194707018136159
2024-06-11,12.575,2024-06-08,13.130208333333334,-0.07893462541946378,-0.9748407467255327,0.5552083333333346,812.5253,1134.5981,0.09687790029570391,0.28,33.10900115966797,-0.5223842607658392,0.09795638993545763,-0.677928752261342,-7.70303619380335,0.0002985003082395,-8.116739589153646,0.0,0.0,0.0,0.0,1.0,0.0,0.0,0.0,0.0,0.0,0.0,34.28499984741211,-1.0246769498690678
2024-06-12,12.8,2024-06-09,12.920833333333333,-0.1226147819073246,-0.35942109108846904,0.1208333333333318,815.7288,1134.5981,0.11137611488557125,0.28,33.10900115966797,-0.5223842607658392,0.09795638993545763,-0.677928752261342,-7.70303619380335,0.0002985003082395,-8.116739589153646,0.0,0.0,0.0,0.0,1.0,0.0,0.0,0.0,0.0,0.0,0.0,35.29399871826172,-0.5963316940087187
2024-06-13,14.85,2024-06-10,14.814583333333331,-0.5205895410189427,-0.1380471142406058,0.0354166666666682,817.9674,1133.7861,0.12337463730477131,0.2,34.257999420166016,-0.12653555494125787,0.045288425386408024,-0.6908386500955063,-7.734833776991262,0.0011638273147375,-6.756041294855803,0.0,0.0,0.0,0.0,1.0,0.0,0.0,0.0,0.0,0.0,0.0,35.7239990234375,-0.3627990286561273
2024-06-14,14.85,2024-06-11,15.548958333333331,-0.5205895410189427,-1.1785048054255653,0.6989583333333336,819.9515,1133.7861,0.1323735291191712,0.17,34.28499984741211,0.35488991213885285,-0.1361289386091491,-0.6424443841970209,-7.646627100769091,6.206905033745065e-07,-14.29243165240009,0.0,0.0,0.0,0.0,1.0,0.0,0.0,0.0,0.0,0.0,0.0,35.36000061035156,-0.12664343700059327
2024-06-17,16.7,2024-06-14,16.655208333333334,-0.8797374943635738,-0.12476467562973856,0.044791666666665,827.4555,1133.7861,0.1653694657719726,0.28,35.36000061035156,-0.3780032784541191,-0.834100883327154,-0.6456399537594169,-8.04825267300023,0.0001048872869354,-9.162624232599232,0.0,0.0,0.0,0.0,1.0,0.0,0.0,0.0,0.0,0.0,0.0,34.209999084472656,-0.6422207858761286
2024-06-18,17.8,2024-06-15,18.128125,-1.0932849260820034,-0.6531105670399697,0.328125,831.1865,1134.5861,0.17936774192770633,0.33,35.36000061035156,-0.3780032784541191,-0.834100883327154,-0.6456399537594169,-8.04825267300023,0.0001048872869354,-9.162624232599232,0.0,0.0,0.0,0.0,1.0,0.0,0.0,0.0,0.0,0.0,0.0,34.70000076293945,-0.3203447360296698
2024-06-20,17.0,2024-06-17,17.751041666666666,-0.9379777030140547,-1.252296131041518,0.7510416666666657,837.9257,1134.5861,0.20886410954157322,0.45,34.209999084472656,-0.49657754374417146,-0.9011845329275109,-0.6408649912426028,-8.509070325771727,0.00109318066971,-6.818663785451553,0.0,0.0,0.0,0.0,1.0,0.0,0.0,0.0,0.0,0.0,0.0,34.4640007019043,-0.14032645414689257
2024-06-21,16.575,2024-06-18,17.121875,-0.8554707407592068,-0.9630341346269781,0.546875,840.5822,1134.5861,0.220862631960774,0.23,34.70000076293945,0.3327335958480795,-0.9271055585661799,-0.5880991535275385,-7.984206350812698,0.0002022577951056,-8.505967455892506,0.0,0.0,0.0,0.0,1.0,0.0,0.0,0.0,0.0,0.0,0.0,33.93600082397461,0.2180488276698806
2024-06-24,20.725,2024-06-21,19.84166666666667,-1.1321117318489904,1.063275666787129,0.8833333333333329,848.6039,1134.5861,0.25585832235010836,0.23,33.93600082397461,-0.7838272842571451,-1.185030161510073,-0.6040951503463224,-7.87809393634825,0.0002383596096719,-8.341730055448217,0.0,0.0,0.0,0.0,1.0,0.0,0.0,0.0,0.0,0.0,0.0,34.08000183105469,-0.020456124407310195
2024-06-25,22.575,2024-06-22,22.09166666666667,-1.1321117318489904,0.4965582860565961,0.4833333333333307,852.4008,1134.5861,0.2728562291106416,0.33,33.93600082397461,-0.7838272842571451,-1.185030161510073,-0.6040951503463224,-7.87809393634825,0.0002383596096719,-8.341730055448217,0.0,0.0,0.0,0.0,1.0,0.0,0.0,0.0,0.0,0.0,0.0,34.85300064086914,-1.0525229984431412
2024-06-26,24.375,2024-06-23,23.575,-1.1321117318489904,0.9452095458016037,0.8000000000000007,856.2176,1134.4843,0.2898541358711756,0.34,33.93600082397461,-0.7838272842571451,-1.185030161510073,-0.6040951503463224,-7.87809393634825,0.0002383596096719,-8.341730055448217,0.0,0.0,0.0,0.0,1.0,0.0,0.0,0.0,0.0,0.0,0.0,33.82400131225586,-0.723381854142832
2024-06-27,23.55,2024-06-24,23.570833333333333,-1.1321117318489904,-0.217741745905837,0.0208333333333321,859.1098,1134.5861,0.3023525967245092,0.25,34.08000183105469,-0.2061389032943399,-1.1394140501442993,-0.6423992994343217,-7.511328776223129,1.7929580923170076e-05,-10.92905858778751,0.0,0.0,0.0,0.0,1.0,0.0,0.0,0.0,0.0,0.0,0.0,34.564998626708984,1.352955964949995
2024-06-28,19.35,2024-06-25,19.27916666666667,-1.1321117318489904,-0.08786901282175977,0.0708333333333328,861.9297,1134.5861,0.3148510575778429,0.25,34.85300064086914,-1.1215555334106493,-1.1826010530218838,-0.7172809035103741,-7.698869891491509,0.0005030366888192,-7.594847448537993,0.0,0.0,0.0,0.0,1.0,0.0,0.0,0.0,0.0,0.0,0.0,34.47999954223633,-0.31884615182673276
2024-07-01,16.4,2024-06-28,16.6125,-0.821497285713093,-0.4892938241725539,0.2125000000000021,871.1888,1135.1505,0.35384625544024395,0.29,34.47999954223633,0.03380005322123063,-0.9496158071417788,-0.7983080236955217,-7.604045452926689,6.062119331927622e-06,-12.013450929323165,0.0,0.0,0.0,0.0,1.0,0.0,0.0,0.0,0.0,0.0,0.0,33.48500061035156,-0.13193440746877158
2024-07-02,15.125,2024-06-29,15.880208333333332,-0.5739763989485501,-1.258199437090794,0.7552083333333321,874.9805,1135.1505,0.3703442237666443,0.33,34.47999954223633,0.03380005322123063,-0.9496158071417788,-0.7983080236955217,-7.604045452926689,6.062119331927622e-06,-12.013450929323165,0.0,0.0,0.0,0.0,1.0,0.0,0.0,0.0,0.0,0.0,0.0,33.685001373291016,-1.4176944845333237
2024-07-03,14.4,2024-06-30,13.709375,-0.4332292280432214,0.7902477620080969,0.6906249999999989,878.8032,1135.1505,0.38734213052717825,0.34,34.47999954223633,0.03380005322123063,-0.9496158071417788,-0.7983080236955217,-7.604045452926689,6.062119331927622e-06,-12.013450929323165,0.0,0.0,0.0,0.0,1.0,0.0,0.0,0.0,0.0,0.0,0.0,32.691001892089844,-1.3462864563114296
2024-07-05,17.075,2024-07-02,17.089583333333334,-0.9525377551766747,-0.20888678683192544,0.0145833333333342,884.4195,1135.1505,0.41183911379971194,0.25,33.685001373291016,0.24678949872907222,-0.7449068417314982,-0.7712616317435065,-7.48476150498938,3.546297294252121e-05,-10.247021393307508,0.0,0.0,0.0,0.0,0.0,1.0,0.0,0.0,0.0,0.0,0.0,33.06700134277344,-0.8139018336903474
2024-07-08,18.4,2024-07-05,18.657291666666666,-1.1321117318489904,-0.5527543642022723,0.2572916666666671,893.5202,1135.1505,0.45183418853037954,0.28,33.06700134277344,0.26282095306588094,-0.8981283400137254,-0.8487421863916953,-7.699348280356799,0.000130781599309,-8.94198179925637,0.0,0.0,0.0,0.0,0.0,1.0,0.0,0.0,0.0,0.0,0.0,32.2859992980957,-0.9195807935101369
2024-07-09,22.0,2024-07-06,22.1125,-1.1321117318489904,-0.3476144789899195,0.1125000000000007,897.0592,1135.6492,0.4658324646861133,0.31,33.06700134277344,0.26282095306588094,-0.8981283400137254,-0.8487421863916953,-7.699348280356799,0.000130781599309,-8.94198179925637,0.0,0.0,0.0,0.0,0.0,1.0,0.0,0.0,0.0,0.0,0.0,31.334999084472656,-0.6830110621379083
2024-07-10,20.625,2024-07-07,20.558333333333334,-1.1321117318489904,-0.09377231887103574,0.0666666666666664,900.5516,1135.6492,0.48133055614424713,0.31,33.06700134277344,0.26282095306588094,-0.8981283400137254,-0.8487421863916953,-7.699348280356799,0.000130781599309,-8.94198179925637,0.0,0.0,0.0,0.0,0.0,1.0,0.0,0.0,0.0,0.0,0.0,30.78400039672852,-0.5643801685492498
2024-07-11,19.6,2024-07-08,20.213541666666668,-1.1321117318489904,-1.0574870314153995,0.6135416666666664,903.7771,1135.6492,0.49532883229998087,0.28,32.2859992980957,-0.41851256271574055,-1.030182245470305,-1.0178870388913333,-7.920555595086534,0.0005713136747584,-7.467572154556955,0.0,0.0,0.0,0.0,0.0,1.0,0.0,0.0,0.0,0.0,0.0,31.11199951171875,-0.6577523924601224
2024-07-12,16.225,2024-07-09,18.91875,-0.7875238306669797,-4.004712576516615,2.693749999999998,906.8107,1135.6492,0.5088271700215811,0.27,31.334999084472656,0.10314485012986085,-0.8204884147008189,-1.323902416497533,-7.453105210883372,0.000893891811353,-7.019925805378777,0.0,0.0,0.0,0.0,0.0,1.0,0.0,0.0,0.0,0.0,0.0,31.7189998626709,-0.6436464108912806
2024-07-15,20.8,2024-07-12,19.738541666666663,-1.1321117318489904,1.31564200039369,1.0614583333333307,914.8096,1135.7735,0.5438228604109154,0.23,31.7189998626709,-0.472328460821083,-0.9904918967814615,-1.2483589255651837,-7.207244004311927,0.0003733506949086,-7.892992376526619,0.0,0.0,0.0,0.0,0.0,1.0,0.0,0.0,0.0,0.0,0.0,31.371000289916992,-0.7044027705714563
2024-07-16,18.425,2024-07-13,19.266666666666666,-1.1321117318489904,-1.3806930376132776,0.841666666666665,918.0186,1135.7735,0.5578211365666492,0.28,31.7189998626709,-0.472328460821083,-0.9904918967814615,-1.2483589255651837,-7.207244004311927,0.0003733506949086,-7.892992376526619,0.0,0.0,0.0,0.0,0.0,1.0,0.0,0.0,0.0,0.0,0.0,32.797000885009766,-1.5934293349870747
2024-07-17,19.7,2024-07-14,19.5875,-1.1321117318489904,-0.028835952328994507,0.1125000000000007,921.3442,1135.7735,0.5723193511565166,0.29,31.7189998626709,-0.472328460821083,-0.9904918967814615,-1.2483589255651837,-7.207244004311927,0.0003733506949086,-7.892992376526619,0.0,0.0,0.0,0.0,0.0,1.0,0.0,0.0,0.0,0.0,0.0,31.89299964904785,-1.3774434475155053
2024-07-18,21.95,2024-07-15,21.53333333333333,-1.1321117318489904,0.4021053892681798,0.4166666666666678,924.0643,1135.7735,0.5843178735757166,0.24,31.371000289916992,-0.047372079247754266,-0.8981781881233688,-1.3279795767311622,-7.211229483994098,0.0001217040876679,-9.013917962249586,0.0,0.0,0.0,0.0,0.0,1.0,0.0,0.0,0.0,0.0,0.0,32.67399978637695,-1.0048196216283753
2024-07-19,24.675,2024-07-16,23.984375,-1.1321117318489904,0.7902477620080994,0.6906250000000007,926.697,1135.7735,0.5958164575607837,0.23,32.797000885009766,-0.44396412755865167,-1.0785038576148314,-1.3153281024805201,-7.950782676044658,0.0019760839897196,-6.226638175134874,0.0,0.0,0.0,0.0,0.0,1.0,0.0,0.0,0.0,0.0,0.0,32.16999816894531,-0.9990211684281249
2024-07-22,20.375,2024-07-19,20.195833333333333,-1.1321117318489904,0.06561694445942677,0.1791666666666671,934.2312,1135.7735,0.629312332647718,0.24,32.16999816894531,0.11170603551194457,-0.46855546432080963,-1.1072427127780167,-7.695497006673669,0.0002416583336053,-8.32798566986731,0.0,0.0,0.0,0.0,0.0,1.0,0.0,0.0,0.0,0.0,0.0,31.839000701904297,0.23158344060797664
2024-07-23,19.6,2024-07-20,19.832291666666663,-1.1321117318489904,-0.5173345279066113,0.232291666666665,937.7588,1135.7735,0.6448104241058512,0.31,32.16999816894531,0.11170603551194457,-0.46855546432080963,-1.1072427127780167,-7.695497006673669,0.0002416583336053,-8.32798566986731,0.0,0.0,0.0,0.0,0.0,1.0,0.0,0.0,0.0,0.0,0.0,31.621999740600582,-0.8154978625325067
2024-07-24,19.4,2024-07-21,19.107291666666665,-1.1321117318489904,0.22648203430220698,0.2927083333333335,941.4457,1135.7735,0.6608084539981186,0.32,32.16999816894531,0.11170603551194457,-0.46855546432080963,-1.1072427127780167,-7.695497006673669,0.0002416583336053,-8.32798566986731,0.0,0.0,0.0,0.0,0.0,1.0,0.0,0.0,0.0,0.0,0.0,32.62099838256836,-0.7863631583213717
2024-07-25,20.575,2024-07-22,20.875,-1.1321117318489904,-0.6132632512073554,0.3000000000000007,944.1683,1135.7735,0.6728069764173187,0.24,31.839000701904297,-0.20127603451898682,-0.49702041833704064,-1.1805818471011476,-7.145042358846793,0.0001069633521343,-9.143024276238638,0.0,0.0,0.0,0.0,0.0,1.0,0.0,0.0,0.0,0.0,0.0,31.77899932861328,0.007811272798094188
2024-07-26,20.0,2024-07-23,20.69895833333333,-1.1321117318489904,-1.1785048054255602,0.69895833333333,946.5927,1135.7735,0.6833056835341194,0.21,31.621999740600582,-0.4896429292266176,-0.5002693357284483,-1.189164739237217,-7.105802400141897,4.677059162271368e-05,-9.970255915305822,0.0,0.0,0.0,0.0,0.0,1.0,0.0,0.0,0.0,0.0,0.0,32.474998474121094,-1.516554867586005
2024-07-29,21.925,2024-07-26,21.56875,-1.1321117318489904,0.3165074515536701,0.3562499999999993,954.0147,1137.2211,0.7108022974114533,0.23,32.474998474121094,0.16675964827986037,-0.9810355454225264,-1.0708535377878663,-6.945844098218827,0.0004693653968525,-7.664128992959926,0.0,0.0,0.0,0.0,0.0,1.0,0.0,0.0,0.0,0.0,0.0,33.87300109863281,-0.5504426021413086
2024-07-30,25.4,2024-07-27,23.97083333333333,-1.1321117318489904,1.8366087592423275,1.4291666666666636,957.2097,1137.2211,0.7248005735671871,0.28,32.474998474121094,0.16675964827986037,-0.9810355454225264,-1.0708535377878663,-6.945844098218827,0.0004693653968525,-7.664128992959926,0.0,0.0,0.0,0.0,0.0,1.0,0.0,0.0,0.0,0.0,0.0,34.36100006103516,-0.7805342536713644
2024-07-31,24.175,2024-07-28,23.246875,-1.1321117318489904,1.1267362068168525,0.9281250000000014,960.6125,1137.2211,0.7397987265911873,0.3,32.474998474121094,0.16675964827986037,-0.9810355454225264,-1.0708535377878663,-6.945844098218827,0.0004693653968525,-7.664128992959926,0.0,0.0,0.0,0.0,0.0,1.0,0.0,0.0,0.0,0.0,0.0,35.86800003051758,-0.3974788797221875
2024-08-01,22.15,2024-07-29,22.063541666666666,-1.1321117318489904,-0.06573161513697344,0.0864583333333328,963.1391,1137.2211,0.7507973721421208,0.22,33.87300109863281,0.03360153686748174,-0.8950386739253249,-1.0735370239974231,-7.117258908952532,0.0017764331444826,-6.33314777592584,0.0,0.0,0.0,0.0,0.0,1.0,0.0,0.0,0.0,0.0,0.0,36.96900177001953,-0.08429678092715422
2024-08-02,22.125,2024-07-30,22.012500000000003,-1.1321117318489904,-0.028835952328999596,0.1124999999999971,965.5134,1137.2211,0.7612960792589215,0.21,34.36100006103516,0.504512874649486,-0.4463143493461716,-1.0059756265151982,-6.924677011700759,0.000204602492898,-8.494441515381121,0.0,0.0,0.0,0.0,0.0,1.0,0.0,0.0,0.0,0.0,0.0,36.64899826049805,-0.36633002961998545
2024-08-05,21.5,2024-08-02,21.663541666666667,-1.1321117318489904,-0.4199299780935544,0.1635416666666671,971.9194,1137.7465,0.7872928778338554,0.23,36.64899826049805,0.2694385326571412,-0.21982385298904777,-0.8925137306650642,-6.704570851555424,7.558000475064697e-05,-9.490318783956049,0.0,0.0,0.0,0.0,0.0,0.0,1.0,0.0,0.0,0.0,0.0,35.49800109863281,1.004487720509659
2024-08-06,23.4,2024-08-03,23.82604166666667,-1.1321117318489904,-0.7918382591979686,0.42604166666667,975.1823,1137.7465,0.8017910924237219,0.29,36.64899826049805,0.2694385326571412,-0.21982385298904777,-0.8925137306650642,-6.704570851555424,7.558000475064697e-05,-9.490318783956049,0.0,0.0,0.0,0.0,0.0,0.0,1.0,0.0,0.0,0.0,0.0,36.67599868774414,-0.609020999559888
2024-08-07,20.85,2024-08-04,21.039583333333333,-1.1321117318489904,-0.4568256409015282,0.1895833333333314,978.54,1137.7465,0.8167892454477229,0.3,36.64899826049805,0.2694385326571412,-0.21982385298904777,-0.8925137306650642,-6.704570851555424,7.558000475064697e-05,-9.490318783956049,0.0,0.0,0.0,0.0,0.0,0.0,1.0,0.0,0.0,0.0,0.0,38.45100021362305,-0.8684973057723492
2024-08-08,21.5,2024-08-05,21.15520833333333,-1.1321117318489904,0.3002733599181598,0.3447916666666657,981.1433,1137.7465,0.8282878294327893,0.23,35.49800109863281,-0.6125183831702778,-0.2839302086898846,-0.8898869192135067,-6.821903431430823,0.0010182294360335,-6.889690006057991,0.0,0.0,0.0,0.0,0.0,0.0,1.0,0.0,0.0,0.0,0.0,40.095001220703125,0.9357711032797529
2024-08-09,21.75,2024-08-06,21.698958333333334,-1.1321117318489904,-0.11590971655582205,0.0510416666666664,983.4548,1138.0965,0.8367867828130564,0.2,36.67599868774414,0.30760397558348246,-0.42366559919482033,-0.882005254637037,-7.034977734978446,0.0010657721931959,-6.844055677580621,0.0,0.0,0.0,0.0,0.0,0.0,1.0,0.0,0.0,0.0,0.0,40.39599990844727,0.03162853242350711
2024-08-12,26.875,2024-08-09,26.366666666666667,-1.1321117318489904,0.5319781223522573,0.5083333333333329,991.1644,1138.0965,0.8707825963341242,0.25,40.39599990844727,0.49978287294815765,-0.08463750223374429,-0.681446540118754,-8.749231315325833,5.593692474871348e-05,-9.791285827926682,0.0,0.0,0.0,0.0,0.0,0.0,1.0,0.0,0.0,0.0,0.0,39.65800094604492,0.35476017633300566
2024-08-13,25.05,2024-08-10,24.73125,-1.1321117318489904,0.26337769711018594,0.3187500000000014,994.2652,1138.0965,0.8842809340557244,0.27,40.39599990844727,0.49978287294815765,-0.08463750223374429,-0.681446540118754,-8.749231315325833,5.593692474871348e-05,-9.791285827926682,0.0,0.0,0.0,0.0,0.0,0.0,1.0,0.0,0.0,0.0,0.0,39.47999954223633,-0.12246674101025606
2024-08-14,22.45,2024-08-11,21.571875,-1.1321117318489904,1.0558965342255353,0.8781250000000007,998.2705,1138.0965,0.9017787792503912,0.35,40.39599990844727,0.49978287294815765,-0.08463750223374429,-0.681446540118754,-8.749231315325833,5.593692474871348e-05,-9.791285827926682,0.0,0.0,0.0,0.0,0.0,0.0,1.0,0.0,0.0,0.0,0.0,38.96699905395508,-1.1033141522632623
2024-08-15,22.575,2024-08-12,23.204166666666666,-1.1321117318489904,-1.0796244291001857,0.6291666666666664,1000.4787,1138.0965,0.9117775479330583,0.19,39.65800094604492,-0.7190028259938438,-0.08724702130020234,-0.6950406455158322,-9.254228197095808,0.0003399617197457,-7.986677532734251,0.0,0.0,0.0,0.0,0.0,0.0,1.0,0.0,0.0,0.0,0.0,39.60100173950195,-0.18332999149366014
2024-08-16,21.7,2024-08-13,21.745833333333334,-1.1321117318489904,-0.2531615822014981,0.0458333333333342,1003.5796,1138.1964,0.9247759472205256,0.27,39.47999954223633,-0.0805186042891531,-0.18289519661050907,-0.6830726200765154,-7.4823315766263985,2.023662875918444e-05,-10.80801624128427,0.0,0.0,0.0,0.0,0.0,0.0,1.0,0.0,0.0,0.0,0.0,39.64400100708008,0.35914816809716665
2024-08-19,19.575,2024-08-16,19.796875,-1.1321117318489904,-0.5025762627834237,0.2218750000000007,1013.6429,1138.6959,0.9672707141218597,0.3,39.64400100708008,-0.17474390474865478,-1.699592294338576,-0.7951001673507615,-7.351240486101069,1.1777101643193786e-06,-13.651937694378724,0.0,0.0,0.0,0.0,0.0,0.0,1.0,0.0,0.0,0.0,0.0,39.845001220703125,-0.17294940300059436
2024-08-20,19.475,2024-08-17,20.535416666666663,-1.1321117318489904,-1.690616605200286,1.060416666666665,1017.5131,1138.6959,0.9842686208823936,0.34,39.64400100708008,-0.17474390474865478,-1.699592294338576,-0.7951001673507615,-7.351240486101069,1.1777101643193786e-06,-13.651937694378724,0.0,0.0,0.0,0.0,0.0,0.0,1.0,0.0,0.0,0.0,0.0,37.95700073242188,0.12171659855100048
2024-08-21,17.875,2024-08-18,17.33125,-1.1078449782446236,0.5821562237711059,0.5437499999999993,1021.5357,1138.6959,1.0017664660770604,0.35,39.64400100708008,-0.17474390474865478,-1.699592294338576,-0.7951001673507615,-7.351240486101069,1.1777101643193786e-06,-13.651937694378724,0.0,0.0,0.0,0.0,0.0,0.0,1.0,0.0,0.0,0.0,0.0,37.0099983215332,-0.8876557421682117
2024-08-22,19.625,2024-08-19,19.5,-1.1321117318489904,-0.011126034181166438,0.125,1024.5295,1138.7989,1.0147648653645278,0.26,39.845001220703125,-2.084930993780275,-1.7540308139726832,-0.8423059498783035,-7.226196653724587,2.557648091402385e-05,-10.573837303952914,0.0,0.0,0.0,0.0,0.0,0.0,1.0,0.0,0.0,0.0,0.0,36.58700180053711,0.1135053961969463
2024-08-23,20.8,2024-08-20,21.38958333333333,-1.1321117318489904,-1.023543021632066,0.5895833333333371,1027.4617,1138.7989,1.0272633262178614,0.26,37.95700073242188,-0.99587552542981,-2.1656984882877524,-0.8777342708907492,-7.817868021096251,0.0023564226674243,-6.050610628423959,0.0,0.0,0.0,0.0,0.0,0.0,1.0,0.0,0.0,0.0,0.0,36.86299896240234,0.35693851146949684
2024-08-26,18.8,2024-08-23,18.819791666666667,-1.1321117318489904,-0.2162659193935193,0.0197916666666664,1036.1411,1138.7989,1.065758585646129,0.26,36.86299896240234,-0.41486586371497264,-0.628575639342332,-0.7164542874442525,-7.737712597980284,5.647935162742078e-05,-9.78163542682407,0.0,0.0,0.0,0.0,0.0,0.0,1.0,0.0,0.0,0.0,0.0,37.65599822998047,0.23141415540565433
2024-08-27,20.75,2024-08-24,21.090625000000003,-1.1321117318489904,-0.6708204851878027,0.3406250000000028,1040.3056,1139.6109,1.0807567386701298,0.37,36.86299896240234,-0.41486586371497264,-0.628575639342332,-0.7164542874442525,-7.737712597980284,5.647935162742078e-05,-9.78163542682407,0.0,0.0,0.0,0.0,0.0,0.0,1.0,0.0,0.0,0.0,0.0,38.68899917602539,-0.6881854470555886
2024-08-28,23.925,2024-08-25,23.759375,-1.1321117318489904,0.046431199799280974,0.1656250000000021,1043.8707,1139.6109,1.096254830128263,0.31,36.86299896240234,-0.41486586371497264,-0.628575639342332,-0.7164542874442525,-7.737712597980284,5.647935162742078e-05,-9.78163542682407,0.0,0.0,0.0,0.0,0.0,0.0,1.0,0.0,0.0,0.0,0.0,38.52000045776367,-0.30680863159199384
2024-08-29,22.9,2024-08-26,24.011458333333334,-1.1321117318489904,-1.762932104303926,1.111458333333335,1045.7776,1139.6109,1.10475378350853,0.17,37.65599822998047,-0.7155884402495503,-0.6144047011071069,-0.7671638581871711,-6.661596356981007,0.0004530064114723,-7.699604277013417,0.0,0.0,0.0,0.0,0.0,0.0,1.0,0.0,0.0,0.0,0.0,38.60100173950195,0.7570633523612095
2024-08-30,19.75,2024-08-27,18.80208333333333,-1.1321117318489904,1.154776910550915,0.947916666666668,1047.9527,1139.6109,1.1142526137570634,0.19,38.68899917602539,0.02105010995174143,-0.5124704010745035,-0.7804704955096746,-6.553649647974911,0.0007324083243051,-7.219172378072357,0.0,0.0,0.0,0.0,0.0,0.0,1.0,0.0,0.0,0.0,0.0,39.823001861572266,0.729621003006771
2024-09-03,21.175,2024-08-31,21.33125,-1.1321117318489904,-0.4095991925073202,0.15625,1055.5968,1142.5292,1.1357499664247976,0.21,39.823001861572266,-1.6175860694974302,-1.372944421618183,-0.8845123347884505,-6.593261508513304,0.0009713478322056,-6.93682593218603,0.0,0.0,0.0,0.0,0.0,0.0,1.0,0.0,0.0,0.0,0.0,37.19300079345703,-0.08119732050842315
2024-09-04,19.725,2024-09-01,19.56458333333333,-1.1321117318489904,0.03905206723768714,0.1604166666666699,1058.0498,1145.6208,1.1342501511223975,0.21,39.823001861572266,-1.6175860694974302,-1.372944421618183,-0.8845123347884505,-6.593261508513304,0.0009713478322056,-6.93682593218603,0.0,0.0,0.0,0.0,0.0,0.0,1.0,0.0,0.0,0.0,0.0,35.79800033569336,-0.2589119812899949
2024-09-05,20.55,2024-09-02,18.532291666666666,-1.1321117318489904,2.670450738702619,2.017708333333335,1059.3972,1145.6208,1.1397494738978644,0.12,39.823001861572266,-1.6175860694974302,-1.372944421618183,-0.8845123347884505,-6.593261508513304,0.0009713478322056,-6.93682593218603,0.0,0.0,0.0,0.0,0.0,0.0,1.0,0.0,0.0,0.0,0.0,36.19499969482422,0.25990850913047175
2024-09-06,20.125,2024-09-03,19.26354166666667,-1.1321117318489904,1.032283310028426,0.8614583333333314,1059.9998,1145.6208,1.1427491045026645,0.05,37.19300079345703,0.2909269242874384,-0.9294523404654395,-0.9429511472995258,-6.835913082689605,0.0046681810976374,-5.366985769543982,0.0,0.0,0.0,0.0,0.0,0.0,0.0,1.0,0.0,0.0,0.0,36.479000091552734,0.6788006406532097
2024-09-09,16.7,2024-09-06,17.15625,-0.8797374943635738,-0.8346372280552184,0.4562500000000007,1062.3533,1145.6858,1.1527478731853316,0.09,36.479000091552734,-0.4441574500949006,0.04742369269905594,-0.6878669108757334,-6.871276408335294,6.108635050822113e-05,-9.703222096310506,0.0,0.0,0.0,0.0,0.0,0.0,0.0,1.0,0.0,0.0,0.0,37.33300018310547,-0.47535131570677164
2024-09-10,15.8,2024-09-07,15.980208333333334,-0.7050168684121315,-0.44354320229066097,0.1802083333333346,1063.4202,1145.6858,1.1572473190925312,0.09,36.479000091552734,-0.4441574500949006,0.04742369269905594,-0.6878669108757334,-6.871276408335294,6.108635050822113e-05,-9.703222096310506,0.0,0.0,0.0,0.0,0.0,0.0,0.0,1.0,0.0,0.0,0.0,35.28200149536133,-0.6366500349450813
2024-09-11,13.35,2024-09-08,13.08125,-0.2293884977665394,0.1925380245188687,0.2687500000000007,1064.8832,1145.6858,1.1637465187362652,0.13,36.479000091552734,-0.4441574500949006,0.04742369269905594,-0.6878669108757334,-6.871276408335294,6.108635050822113e-05,-9.703222096310506,0.0,0.0,0.0,0.0,0.0,0.0,0.0,1.0,0.0,0.0,0.0,36.141998291015625,-0.11722063982110738
2024-09-12,11.9,2024-09-09,11.966666666666669,0.05210584404411766,-0.28267811244787827,0.0666666666666664,1065.9971,1145.6858,1.1682459646434655,0.1,37.33300018310547,-0.687845203981822,0.05379141647603805,-0.7421922868819804,-6.619419468318882,0.0005355014314997,-7.532306993010471,0.0,0.0,0.0,0.0,0.0,0.0,0.0,1.0,0.0,0.0,0.0,35.191001892089844,0.2802075698300876
2024-09-13,12.675,2024-09-10,12.584375,-0.09834802830295762,-0.05982830908769493,0.090625000000001,1067.1731,1145.6858,1.1737452874189322,0.1,35.28200149536133,0.08024116900566172,0.003491080327442163,-0.8419968999145534,-6.858588364899495,0.0031927808579887,-5.746862999302608,0.0,0.0,0.0,0.0,0.0,0.0,0.0,1.0,0.0,0.0,0.0,35.64799880981445,-0.520525979275394
2024-09-16,15.9,2024-09-13,15.95,-0.7244302712956253,-0.2590648882507717,0.0499999999999989,1068.0451,1145.6858,1.1772448564578653,0.02,35.64799880981445,0.1805497908696986,-0.23988125562997345,-0.7073876499622297,-6.2658989033426655,0.0001664768043907,-8.70065456521017,0.0,0.0,0.0,0.0,0.0,0.0,0.0,1.0,0.0,0.0,0.0,34.08100128173828,0.9136678252549455
2024-09-17,17.125,2024-09-14,16.690625,-0.9622444566184216,0.4271944399776017,0.4343749999999993,1068.6857,1145.6858,1.1802444870626656,0.06,35.64799880981445,0.1805497908696986,-0.23988125562997345,-0.7073876499622297,-6.2658989033426655,0.0001664768043907,-8.70065456521017,0.0,0.0,0.0,0.0,0.0,0.0,0.0,1.0,0.0,0.0,0.0,35.547000885009766,-0.47535131570677164
2024-09-18,18.825000000000003,2024-09-15,19.241666666666667,-1.1321117318489904,-0.7785558205870887,0.4166666666666643,1069.6373,1145.6858,1.1842439945357321,0.08,35.64799880981445,0.1805497908696986,-0.23988125562997345,-0.7073876499622297,-6.2658989033426655,0.0001664768043907,-8.70065456521017,0.0,0.0,0.0,0.0,0.0,0.0,0.0,1.0,0.0,0.0,0.0,35.244998931884766,-1.2004087241049353
2024-09-19,19.35,2024-09-16,19.839583333333334,-1.1321117318489904,-0.8818636764494265,0.4895833333333321,1069.7927,1145.6868,1.1852438714039988,0.01,34.08100128173828,-0.3331291409412646,-0.22314348191681982,-0.6995775539913219,-6.216403090685268,0.0020207658306633,-6.204278714832789,0.0,0.0,0.0,0.0,0.0,0.0,0.0,1.0,0.0,0.0,0.0,33.08300018310547,-0.6611832143688618
2024-09-20,18.825,2024-09-17,18.823958333333334,-1.1321117318489904,-0.1867493891471393,0.0010416666666657,1069.9616,1145.8758,1.1852438714039988,0.01,35.547000885009766,0.5501077344276504,-0.017832588920270537,-0.6061162409122783,-6.353306129267422,0.0017737328213745,-6.334669013892339,0.0,0.0,0.0,0.0,0.0,0.0,0.0,1.0,0.0,0.0,0.0,34.444000244140625,-0.46871724986686425
2024-09-23,16.7,2024-09-20,16.425,-0.8797374943635738,0.2013929835927802,0.2749999999999986,1072.1151,1145.8929,1.1942427632183992,0.07,34.444000244140625,0.7923484583883433,0.134446357724402,-0.3712908797859014,-6.723279402421022,0.0016253204392699,-6.422050288628318,0.0,0.0,0.0,0.0,0.0,0.0,0.0,1.0,0.0,0.0,0.0,36.21099853515625,0.74904181903707
2024-09-24,14.95,2024-09-21,14.721875,-0.5400029439024362,0.13498079053842113,0.2281249999999985,1073.5915,1145.8929,1.2007419628621325,0.13,34.444000244140625,0.7923484583883433,0.134446357724402,-0.3712908797859014,-6.723279402421022,0.0016253204392699,-6.422050288628318,0.0,0.0,0.0,0.0,0.0,0.0,0.0,1.0,0.0,0.0,0.0,35.41299819946289,-0.6397191682056872
2024-09-25,15.025,2024-09-22,14.830208333333331,-0.5545629960650565,0.08775434214421308,0.1947916666666671,1074.9676,1145.8929,1.206741224071733,0.12,34.444000244140625,0.7923484583883433,0.134446357724402,-0.3712908797859014,-6.723279402421022,0.0016253204392699,-6.422050288628318,0.0,0.0,0.0,0.0,0.0,0.0,0.0,1.0,0.0,0.0,0.0,37.31900024414063,-1.9648181526126591
2024-09-26,15.975,2024-09-23,15.591666666666669,-0.7389903234582458,0.35487894087396665,0.3833333333333328,1075.3317,1145.8929,1.208241039374133,0.03,36.21099853515625,0.473058485471706,0.2703533267951425,-0.39892453852940873,-7.1083290249916455,0.0025028083584172,-5.990341833819579,0.0,0.0,0.0,0.0,0.0,0.0,0.0,1.0,0.0,0.0,0.0,37.88999938964844,0.46495738554693683
2024-09-27,13.525,2024-09-24,13.78125,-0.26336195281265296,-0.551278537689952,0.2562499999999996,1076.0205,1145.8929,1.2112406699789333,0.06,35.41299819946289,0.6258002397383848,0.3107017464004073,-0.3300280482994887,-7.228255288810649,0.0004965751452588,-7.607775733950004,0.0,0.0,0.0,0.0,0.0,0.0,0.0,1.0,0.0,0.0,0.0,38.11399841308594,0.5141122400362403
2024-09-30,13.05,2024-09-27,12.826041666666669,-0.17114828911605853,0.12907748448914771,0.2239583333333339,1078.3043,1146.1425,1.220239561793333,0.08,38.11399841308594,-0.21789029962169515,0.08882428827840746,-0.23428584510188177,-7.529727843719125,3.4744165305816024e-05,-10.267498876137866,0.0,0.0,0.0,0.0,0.0,0.0,0.0,1.0,0.0,0.0,0.0,39.04399871826172,0.08615651414951692
2024-10-01,14.0,2024-09-28,13.829166666666666,-0.3555756165092474,0.05381033236087466,0.1708333333333342,1079.6547,1146.1425,1.2262388230029335,0.12,38.11399841308594,-0.21789029962169515,0.08882428827840746,-0.23428584510188177,-7.529727843719125,3.4744165305816024e-05,-10.267498876137866,0.0,0.0,0.0,0.0,0.0,0.0,0.0,1.0,0.0,0.0,0.0,39.27299880981445,-1.025936396972689
2024-10-02,13.0,2024-09-29,13.372916666666669,-0.1614415876743116,-0.7165711070696906,0.3729166666666668,1080.9931,1146.1425,1.2322380842125331,0.12,38.11399841308594,-0.21789029962169515,0.08882428827840746,-0.23428584510188177,-7.529727843719125,3.4744165305816024e-05,-10.267498876137866,0.0,0.0,0.0,0.0,0.0,0.0,0.0,1.0,0.0,0.0,0.0,38.617000579833984,-0.44319620055464193
2024-10-03,11.95,2024-09-30,11.973958333333334,0.04239914260237108,-0.22216922544279782,0.0239583333333346,1081.3933,1146.1425,1.2337378995149333,0.03,39.04399871826172,-0.8874906459062053,-0.10249801769774826,-0.2569501469803688,-7.628603147381992,0.000581174228062,-7.450459968163101,0.0,0.0,0.0,0.0,0.0,0.0,0.0,1.0,0.0,0.0,0.0,39.9119987487793,0.5039389699847852
2024-10-04,11.8,2024-10-01,12.336458333333333,0.07151924692761116,-0.9482758695037855,0.5364583333333321,1082.021,1147.2981,1.2317381457784002,0.05,39.27299880981445,0.10919927259951956,-0.41638606006341594,-0.238649247693913,-7.259214989001052,3.419965460264889e-05,-10.283294984044405,0.0,0.0,0.0,0.0,0.0,0.0,0.0,0.0,1.0,0.0,0.0,40.97999954223633,0.10275963889006041
2024-10-07,15.45,2024-10-04,14.44375,-0.6370699583199041,1.2374231952407815,1.0062499999999996,1082.1023,1147.2981,1.2322380842125331,0.03,40.97999954223633,0.3310431302042788,-0.9909810629824365,-0.3865559516032968,-7.071284107360234,0.000697336643233,-7.268242273514765,0.0,0.0,0.0,0.0,0.0,0.0,0.0,0.0,1.0,0.0,0.0,40.24399948120117,0.23974492630936642
2024-10-08,15.525,2024-10-05,15.116666666666664,-0.6516300104825244,0.39029877716962785,0.408333333333335,1083.2066,1147.2981,1.2367375301197334,0.1,40.97999954223633,0.3310431302042788,-0.9909810629824365,-0.3865559516032968,-7.071284107360234,0.000697336643233,-7.268242273514765,0.0,0.0,0.0,0.0,0.0,0.0,0.0,0.0,1.0,0.0,0.0,38.91899871826172,-0.9283271956301234
2024-10-09,13.95,2024-10-06,13.816666666666666,-0.34586891506750045,0.000680577917385517,0.1333333333333328,1084.4697,1147.2981,1.2422368528952001,0.11,40.97999954223633,0.3310431302042788,-0.9909810629824365,-0.3865559516032968,-7.071284107360234,0.000697336643233,-7.268242273514765,0.0,0.0,0.0,0.0,0.0,0.0,0.0,0.0,1.0,0.0,0.0,38.34099960327149,-0.6560740825578035
2024-10-10,12.875,2024-10-07,12.1375,-0.13717483406994463,0.8566599550624558,0.7374999999999989,1084.9203,1147.2981,1.2442366066317339,0.04,40.24399948120117,0.17366928709424936,-0.7599055508306422,-0.41594680133027084,-7.081363488826736,0.0003284511068606,-8.021122565634998,0.0,0.0,0.0,0.0,0.0,0.0,0.0,0.0,1.0,0.0,0.0,40.292999267578125,-0.7971079212952042
2024-10-11,10.625,2024-10-08,10.34375,0.2996267308086608,0.21024794266669675,0.28125,1085.9377,1147.2931,1.2487360525389342,0.09,38.91899871826172,-0.09270552046471087,-0.8405075659627458,-0.4078986264809289,-7.325050616342581,0.0011208020087748,-6.793710769782046,0.0,0.0,0.0,0.0,0.0,0.0,0.0,0.0,1.0,0.0,0.0,39.87900161743164,-0.5045535102738986
2024-10-14,10.9,2024-10-11,11.39375,0.24623987287905344,-0.8877669824987051,0.4937500000000003,1088.5717,1147.2031,1.2607345749581342,0.05,39.87900161743164,0.620545286914779,-0.2800026526933676,-0.40707656716121826,-8.445113432141977,0.0001066640375099,-9.145826490111574,0.0,0.0,0.0,0.0,0.0,0.0,0.0,0.0,1.0,0.0,0.0,40.55899810791016,0.45441894668166155
2024-10-15,12.475,2024-10-12,11.565625,-0.05952122253597027,1.100171329595105,0.9093749999999988,1089.5707,1147.2331,1.264734082431201,0.09,39.87900161743164,0.620545286914779,-0.2800026526933676,-0.40707656716121826,-8.445113432141977,0.0001066640375099,-9.145826490111574,0.0,0.0,0.0,0.0,0.0,0.0,0.0,0.0,1.0,0.0,0.0,39.97299957275391,-0.5464522193068313
2024-10-16,16.7,2024-10-13,15.938541666666666,-0.8797374943635738,0.8906039648457967,0.7614583333333336,1090.5725,1147.2331,1.2692335283384013,0.09,39.87900161743164,0.620545286914779,-0.2800026526933676,-0.40707656716121826,-8.445113432141977,0.0001066640375099,-9.145826490111574,0.0,0.0,0.0,0.0,0.0,0.0,0.0,0.0,1.0,0.0,0.0,39.24100112915039,-1.2608198637781725
2024-10-17,16.6,2024-10-14,16.66979166666667,-0.8603240914800806,-0.2871055919848365,0.0697916666666671,1090.0551,1147.3331,1.2667338361677347,-0.05,40.55899810791016,-0.4906343739343019,-0.38618746748386223,-0.4255835151010422,-8.320492827877809,0.0002858719216107,-8.159966670486327,0.0,0.0,0.0,0.0,0.0,0.0,0.0,0.0,1.0,0.0,0.0,39.650001525878906,0.35693851146949684
2024-10-18,15.2,2024-10-15,15.990625,-0.5885364511111701,-1.3083775385096452,0.7906250000000004,1090.1778,1147.5331,1.266233897733601,0.01,39.97299957275391,-0.14182962704254956,-0.39440406381670723,-0.44253083956880596,-8.26301512821286,0.000211802673635,-8.45985549676033,0.0,0.0,0.0,0.0,0.0,0.0,0.0,0.0,1.0,0.0,0.0,39.20399856567383,-0.06264256856753818
2024-10-21,15.575,2024-10-18,15.647916666666667,-0.6613367119242711,-0.29153307152179475,0.0729166666666678,1091.3743,1147.6116,1.2712332820749341,0.02,39.20399856567383,-0.48783005903465665,-1.5224377715100794,-0.5858930742245899,-7.669662823221621,0.0001279667906467,-8.963739767964569,0.0,0.0,0.0,0.0,0.0,0.0,0.0,0.0,1.0,0.0,0.0,40.02399826049805,-0.0760633303710327
2024-10-22,13.575,2024-10-19,13.141666666666667,-0.2730686542543995,0.4257186134652814,0.4333333333333318,1092.4893,1147.6116,1.2762326664162682,0.1,39.20399856567383,-0.48783005903465665,-1.5224377715100794,-0.5858930742245899,-7.669662823221621,0.0001279667906467,-8.963739767964569,0.0,0.0,0.0,0.0,0.0,0.0,0.0,0.0,1.0,0.0,0.0,40.70399856567383,-0.9335700652368489
2024-10-23,12.8,2024-10-20,12.440625,-0.1226147819073246,0.3209349310906284,0.359375,1093.7417,1147.6116,1.281731989191735,0.11,39.20399856567383,-0.48783005903465665,-1.5224377715100794,-0.5858930742245899,-7.669662823221621,0.0001279667906467,-8.963739767964569,0.0,0.0,0.0,0.0,0.0,0.0,0.0,0.0,1.0,0.0,0.0,41.380001068115234,-0.8425510547882145
2024-10-24,12.425,2024-10-21,13.554166666666667,-0.049814521094223685,-1.788021155013348,1.1291666666666664,1093.9419,1147.6116,1.2822319276258678,0.02,40.02399826049805,-0.4262106985125995,-1.5061173986479797,-0.5833034657338644,-7.625450224471747,0.000428510075249,-7.755196305035894,0.0,0.0,0.0,0.0,0.0,0.0,0.0,0.0,1.0,0.0,0.0,42.15399932861328,-0.17110590951979798
2024-10-25,14.675,2024-10-22,14.25625,-0.48661608597282907,0.4050570422928178,0.418750000000001,1093.8088,1147.6116,1.281731989191735,-0.01,40.70399856567383,0.0013812251087115767,-1.4045281093253246,-0.7684865805118737,-7.718444353681182,0.000283824837552,-8.167153275743022,0.0,0.0,0.0,0.0,0.0,0.0,0.0,0.0,1.0,0.0,0.0,43.51300048828125,1.3780109206434883
2024-10-28,13.9,2024-10-25,14.155208333333333,-0.3361622136257539,-0.5498027111776318,0.2552083333333321,1092.5842,1147.6116,1.276732604850401,-0.01,43.51300048828125,-0.07692733293617417,-1.259154402124597,-1.0114369712872788,-7.101239078797182,0.0010068050879144,-6.900973240172362,0.0,0.0,0.0,0.0,0.0,0.0,0.0,0.0,1.0,0.0,0.0,42.51900100708008,0.6592421094950303
2024-10-29,13.7,2024-10-26,14.134375,-0.29733540785876683,-0.8036448712965156,0.4343749999999993,1093.3114,1147.6116,1.2797322354552012,0.06,43.51300048828125,-0.07692733293617417,-1.259154402124597,-1.0114369712872788,-7.101239078797182,0.0010068050879144,-6.900973240172362,0.0,0.0,0.0,0.0,0.0,0.0,0.0,0.0,1.0,0.0,0.0,42.86899948120117,-0.252575842491179
2024-10-30,13.125,2024-10-27,13.960416666666667,-0.18570834127867858,-1.3718380785393662,0.8354166666666671,1093.77,1147.6116,1.281731989191735,0.04,43.51300048828125,-0.07692733293617417,-1.259154402124597,-1.0114369712872788,-7.101239078797182,0.0010068050879144,-6.900973240172362,0.0,0.0,0.0,0.0,0.0,0.0,0.0,0.0,1.0,0.0,0.0,40.90299987792969,-0.5807199193223035
2024-10-31,12.275,2024-10-28,13.119791666666666,-0.020694416768983252,-1.3851205171502359,0.8447916666666657,1093.8498,1147.6726,1.281731989191735,0.01,42.51900100708008,0.3036118810269974,-0.8739789434528153,-1.1514921010441834,-7.037996795483878,0.0005340118634325,-7.535092501212397,0.0,0.0,0.0,0.0,0.0,0.0,0.0,0.0,1.0,0.0,0.0,40.5880012512207,0.25435292177848706
2024-11-01,11.65,2024-10-29,12.94375,0.1006393512528516,-2.021201743959766,1.293750000000001,1092.7145,1147.6726,1.276732604850401,-0.1,42.86899948120117,0.07925563489219438,-0.837937339316581,-1.1255049296563797,-7.048267004783647,6.720529161927123e-05,-9.607758554321167,0.0,0.0,0.0,0.0,0.0,0.0,0.0,0.0,1.0,0.0,0.0,39.17499923706055,0.5090155373883483
2024-11-04,9.6,2024-11-01,10.135416666666666,0.49861411036447006,-0.9468000429914678,0.5354166666666664,1092.7379,1147.7026,1.276732604850401,0.04,39.17499923706055,-0.6955698020196619,-0.4613661689708298,-0.9935019200733937,-7.805090432453341,0.0012555484051263,-6.680182824851941,0.0,0.0,0.0,0.0,0.0,0.0,0.0,0.0,0.0,1.0,0.0,40.30099868774414,0.02465651763711338
2024-11-05,9.45,2024-11-02,10.7625,0.5277342146897105,-2.0477666211815078,1.3125,1092.8884,1147.7026,1.2772325432845346,0.01,39.17499923706055,-0.6955698020196619,-0.4613661689708298,-0.9935019200733937,-7.805090432453341,0.0012555484051263,-6.680182824851941,0.0,0.0,0.0,0.0,0.0,0.0,0.0,0.0,0.0,1.0,0.0,40.492000579833984,-0.811340058870182
2024-11-06,9.225,2024-11-03,11.6,0.571414371177571,-3.553109663746978,2.375,1092.5872,1147.7026,1.2762326664162682,-0.03,39.17499923706055,-0.6955698020196619,-0.4613661689708298,-0.9935019200733937,-7.805090432453341,0.0012555484051263,-6.680182824851941,0.0,0.0,0.0,0.0,0.0,0.0,0.0,0.0,0.0,1.0,0.0,40.38800048828125,-0.4586644184064886
2024-11-07,8.125,2024-11-04,10.411458333333334,0.7849618028960003,-3.4276644101998563,2.286458333333334,1090.3432,1147.7026,1.266233897733601,-0.2,40.30099868774414,0.381729219211283,-0.41060641712648516,-0.9250055426198355,-7.7409297988113295,0.0008030128414554,-7.127139851050255,0.0,0.0,0.0,0.0,0.0,0.0,0.0,0.0,0.0,1.0,0.0,41.2760009765625,-0.2422101689939125
2024-11-08,6.675,2024-11-05,10.21875,1.066456144706657,-5.208987010568995,3.54375,1087.2813,1147.7026,1.2532354984461338,-0.27,40.492000579833984,0.22359240372177916,-0.3590520320801604,-0.9445679701804987,-7.686680602482875,2.2355762491822552e-05,-10.708426395794095,0.0,0.0,0.0,0.0,0.0,0.0,0.0,0.0,0.0,1.0,0.0,42.40900039672852,-1.1748522516776896
2024-11-11,9.3,2024-11-08,10.284375,0.5568543190149506,-1.582881269800995,0.984375,1076.1116,1147.7026,1.2042415319010664,-0.3,42.40900039672852,0.03632926731138598,-0.7984244867332757,-1.0663920139652239,-7.001679924629564,0.0007332924044885,-7.217966019540887,0.0,0.0,0.0,0.0,0.0,0.0,0.0,0.0,0.0,1.0,0.0,43.72800064086914,-0.3367170512102188
2024-11-12,8.7,2024-11-09,9.004166666666666,0.6733347363159123,-0.6191665572566313,0.3041666666666671,1073.5011,1147.7026,1.1927429479159992,-0.23,42.40900039672852,0.03632926731138598,-0.7984244867332757,-1.0663920139652239,-7.001679924629564,0.0007332924044885,-7.217966019540887,0.0,0.0,0.0,0.0,0.0,0.0,0.0,0.0,0.0,1.0,0.0,44.255001068115234,-0.849793776748366
2024-11-13,8.35,2024-11-10,8.711458333333333,0.7412816464081398,-0.7003370154341804,0.3614583333333332,1071.1242,1147.7026,1.1827441792333322,-0.21,42.40900039672852,0.03632926731138598,-0.7984244867332757,-1.0663920139652239,-7.001679924629564,0.0007332924044885,-7.217966019540887,0.0,0.0,0.0,0.0,0.0,0.0,0.0,0.0,0.0,1.0,0.0,43.66600036621094,-1.230797965900241
2024-11-14,9.5,2024-11-11,9.357291666666663,0.5180275132479636,0.013963016528260408,0.142708333333335,1067.8764,1147.7026,1.1682459646434655,-0.28,43.72800064086914,0.1914574104084649,-0.9843779794529363,-1.0269073336877916,-7.217145889963428,0.0009380762598245,-6.97167931074409,0.0,0.0,0.0,0.0,0.0,0.0,0.0,0.0,0.0,1.0,0.0,46.2239990234375,0.4018950432245542
2024-11-15,9.35,2024-11-12,9.388541666666669,0.547147617573204,-0.24283079661526383,0.0385416666666671,1062.5534,1147.7026,1.1452487966733311,-0.46,44.255001068115234,0.2785955322941146,-0.9320749657364689,-1.1507991873822083,-7.073910310861985,0.0001435141636341,-8.849076819384107,0.0,0.0,0.0,0.0,0.0,0.0,0.0,0.0,0.0,1.0,0.0,46.55099868774414,-0.36984698562946594
2024-11-18,7.7,2024-11-15,6.292708333333334,0.8674687651508481,1.8056164024836308,1.4072916666666666,1047.4951,1147.7026,1.0797568618018627,-0.4,46.55099868774414,0.7172429665267405,-0.21538445468833714,-0.9242148716607297,-7.388565895643431,4.9693123698038845e-05,-9.90964397048656,0.0,0.0,0.0,0.0,0.0,0.0,0.0,0.0,0.0,1.0,0.0,46.900001525878906,-0.5208513747670827
2024-11-19,7.975,2024-11-16,7.035416666666666,0.8140819072212406,1.1429702984523602,0.9395833333333332,1044.4619,1147.7026,1.0662585240802624,-0.26,46.55099868774414,0.7172429665267405,-0.21538445468833714,-0.9242148716607297,-7.388565895643431,4.9693123698038845e-05,-9.90964397048656,0.0,0.0,0.0,0.0,0.0,0.0,0.0,0.0,0.0,1.0,0.0,45.667999267578125,-0.5260383131395606
2024-11-20,4.575,2024-11-17,4.213541666666666,1.4741376052600224,0.3238865841152676,0.3614583333333341,1041.4584,1147.7026,1.0532601247927953,-0.26,46.55099868774414,0.7172429665267405,-0.21538445468833714,-0.9242148716607297,-7.388565895643431,4.9693123698038845e-05,-9.90964397048656,0.0,0.0,0.0,0.0,0.0,0.0,0.0,0.0,0.0,1.0,0.0,46.79600143432617,-1.5585937775794512
2024-11-21,2.475,2024-11-18,2.752083333333333,1.8818190658133873,-0.5807950679363341,0.2770833333333331,1036.433,1147.7026,1.0317627721250617,-0.44,46.900001525878906,-0.7608788423770545,-0.3294469348950142,-0.9442413292378757,-7.334422617062049,5.578970164466277e-05,-9.793921246024915,0.0,0.0,0.0,0.0,0.0,0.0,0.0,0.0,0.0,1.0,0.0,48.303001403808594,2.0133335618771553
2024-11-22,3.175,2024-11-19,3.253125,1.7459252456289323,-0.2989122040833886,0.078125,1031.3818,1147.7026,1.009265542589061,-0.44,45.667999267578125,-0.7199352570803015,-0.5050923221143471,-0.9478358507631288,-7.533849123561934,0.0007086185548377,-7.252193179257421,0.0,0.0,0.0,0.0,0.0,0.0,0.0,0.0,0.0,1.0,0.0,47.01800155639648,1.1065057946105046
2024-11-25,12.65,2024-11-22,11.410416666666666,-0.09349467758208417,1.5680083340002586,1.239583333333334,1013.3609,1147.8226,0.930775208430126,-0.56,47.01800155639648,0.30284760762031754,-0.846431672518575,-0.8508823664800295,-8.303610474846877,0.0007270119635083,-7.226567623195725,0.0,0.0,0.0,0.0,0.0,0.0,0.0,0.0,0.0,1.0,0.0,47.733001708984375,-0.4473494054265952
2024-11-26,9.075,2024-11-23,8.4625,0.6005344755028114,0.6795607735841652,0.6124999999999989,1008.9186,1147.8226,0.9112776094989254,-0.39,47.01800155639648,0.30284760762031754,-0.846431672518575,-0.8508823664800295,-8.303610474846877,0.0007270119635083,-7.226567623195725,0.0,0.0,0.0,0.0,0.0,0.0,0.0,0.0,0.0,1.0,0.0,47.21599960327149,0.8779272694042901
2024-11-27,9.125,2024-11-24,8.571875,0.5908277740610645,0.5954386623819782,0.5531249999999996,1006.5843,1147.8226,0.9012788408162583,-0.2,47.01800155639648,0.30284760762031754,-0.846431672518575,-0.8508823664800295,-8.303610474846877,0.0007270119635083,-7.226567623195725,0.0,0.0,0.0,0.0,0.0,0.0,0.0,0.0,0.0,1.0,0.0,46.762001037597656,-0.7162124642453606
2024-11-29,5.4,2024-11-26,5.266666666666667,1.3139770314712,0.0006805779173867753,0.1333333333333337,999.1301,1147.8226,0.8687828425975905,-0.38,47.21599960327149,-0.22219735739174942,-0.6006949668807029,-0.8298122134259199,-7.877900557243146,0.0001185966433222,-9.039782365879642,0.0,0.0,0.0,0.0,0.0,0.0,0.0,0.0,0.0,1.0,0.0,47.81100082397461,0.6466926320294796
2024-12-02,8.275,2024-11-29,8.540624999999999,0.7558416985707598,-0.5645609763008219,0.2656249999999982,984.1403,1147.8226,0.8032909077261221,-0.47,47.81100082397461,-0.5377995867482084,-0.9328105162298972,-0.9150387688514522,-8.163840689660008,0.0004921665180432,-7.616693445394467,0.0,0.0,0.0,0.0,0.0,0.0,0.0,0.0,0.0,1.0,0.0,48.65499877929688,1.5869682717091662
2024-12-03,6.85,2024-11-30,6.0,1.0324826896605435,1.0160492183929184,0.8499999999999996,980.3169,1147.8226,0.7867929393997217,-0.33,47.81100082397461,-0.5377995867482084,-0.9328105162298972,-0.9150387688514522,-8.163840689660008,0.0004921665180432,-7.616693445394467,0.0,0.0,0.0,0.0,0.0,0.0,0.0,0.0,0.0,1.0,0.0,48.55699920654297,-0.39029283474607346
2024-12-04,5.3,2024-12-01,4.446875,1.3333904343546936,1.0204766979298754,0.8531249999999995,976.5291,1147.8226,0.7702949710733213,-0.33,47.81100082397461,-0.5377995867482084,-0.9328105162298972,-0.9150387688514522,-8.163840689660008,0.0004921665180432,-7.616693445394467,0.0,0.0,0.0,0.0,0.0,0.0,0.0,0.0,0.0,1.0,0.0,47.04600143432617,0.8957663501300709
2024-12-05,6.1,2024-12-02,5.68125,1.1780832112867452,0.40505704229281536,0.4187499999999993,971.6369,1147.8226,0.7487976184055879,-0.43,48.65499877929688,0.0503845965204566,-1.1522595584662556,-0.8869169873008176,-7.648387005719065,0.000306207910635,-8.091246236945754,0.0,0.0,0.0,0.0,0.0,0.0,0.0,0.0,0.0,0.0,1.0,46.55099868774414,1.0987338388827403
2024-12-06,8.4,2024-12-03,8.760416666666668,0.7315749449663929,-0.6988611889218626,0.3604166666666675,965.894,1147.8226,0.7238006966989206,-0.5,48.55699920654297,-0.11751581188318669,-1.390765808487247,-1.0197288732226248,-7.554875378255468,4.065078267502736e-06,-12.41307731515395,0.0,0.0,0.0,0.0,0.0,0.0,0.0,0.0,0.0,0.0,1.0,46.47999954223633,0.5772680496656322
2024-12-09,5.525,2024-12-06,4.865625,1.2897102778668332,0.7459729666385267,0.6593750000000007,949.0952,1147.7616,0.6508096853154516,-0.42,46.47999954223633,-0.47373690777933103,-1.035800107450015,-1.098516657815529,-6.8755327212292014,2.329759234285748e-06,-12.96974519942164,0.0,0.0,0.0,0.0,0.0,0.0,0.0,0.0,0.0,0.0,1.0,44.85499954223633,0.3467764276648912
2024-12-10,5.125,2024-12-07,4.884375,1.3673638894008076,0.15269070868625303,0.2406250000000005,945.277,1147.7616,0.6343117169890512,-0.33,46.47999954223633,-0.47373690777933103,-1.035800107450015,-1.098516657815529,-6.8755327212292014,2.329759234285748e-06,-12.96974519942164,0.0,0.0,0.0,0.0,0.0,0.0,0.0,0.0,0.0,0.0,1.0,45.55199813842773,0.3502986039229014
2024-12-11,4.15,2024-12-08,4.0625,1.5566445675148697,-0.06425578862465318,0.0875000000000003,941.6223,1147.7616,0.6183136870967845,-0.32,46.47999954223633,-0.47373690777933103,-1.035800107450015,-1.098516657815529,-6.8755327212292014,2.329759234285748e-06,-12.96974519942164,0.0,0.0,0.0,0.0,0.0,0.0,0.0,0.0,0.0,0.0,1.0,44.69400024414063,-0.9922140886369454
2024-12-12,3.6,2024-12-09,3.760416666666667,1.6634182833740845,-0.41550249855659677,0.1604166666666668,935.878,1147.7616,0.5933167653901171,-0.5,44.85499954223633,-1.8435660696824345,-1.2768270803792106,-1.1001603937901576,-7.029404144832778,0.0012664379774684,-6.671547060532205,0.0,0.0,0.0,0.0,0.0,0.0,0.0,0.0,0.0,0.0,1.0,42.80400085449219,0.6746475600728881
2024-12-13,1.975,2024-12-10,3.0,1.9788860802308552,-1.6404385037814393,1.025,928.3729,1147.7616,0.5608207671714494,-0.65,45.55199813842773,0.3847846186989172,-0.856635140695596,-1.0020745580490356,-6.7128182776551215,0.0002377589714903,-8.344253118069446,0.0,0.0,0.0,0.0,0.0,0.0,0.0,0.0,0.0,0.0,1.0,41.21500015258789,1.0579482857029638
2024-12-16,9.375,2024-12-13,9.092708333333334,0.5422942668523305,0.2117237691790145,0.2822916666666657,904.0645,1147.8346,0.4543338807010468,-0.68,41.21500015258789,0.5220880467160186,-0.4906608596618474,-0.9786041357797041,-6.712987037086309,0.0014310562910762,-6.549342441602011,0.0,0.0,0.0,0.0,0.0,0.0,0.0,0.0,0.0,0.0,1.0,40.277000427246094,1.0068606963413314
2024-12-17,7.6,2024-12-14,7.90625,0.8868821680343416,-0.622118210281268,0.3062499999999994,898.4746,1147.8346,0.430336835862646,-0.49,41.21500015258789,0.5220880467160186,-0.4906608596618474,-0.9786041357797041,-6.712987037086309,0.0014310562910762,-6.549342441602011,0.0,0.0,0.0,0.0,0.0,0.0,0.0,0.0,0.0,0.0,1.0,42.06499862670898,-0.453026301411081
2024-12-18,10.225,2024-12-15,10.34375,0.3772803423426352,-0.35646943806383347,0.1187500000000003,894.3206,1147.8346,0.41183911379971194,-0.36,41.21500015258789,0.5220880467160186,-0.4906608596618474,-0.9786041357797041,-6.712987037086309,0.0014310562910762,-6.549342441602011,0.0,0.0,0.0,0.0,0.0,0.0,0.0,0.0,0.0,0.0,1.0,41.00699996948242,-1.061340868251333
2024-12-19,9.2,2024-12-16,8.378125,0.5762677218984444,0.9762019025603015,0.8218749999999986,889.5879,1147.8346,0.3913416380002449,-0.41,40.277000427246094,0.42802154785092644,-0.22661317944059597,-0.890279127985665,-6.639065900397421,0.0005299974936761,-7.542638278455376,0.0,0.0,0.0,0.0,0.0,0.0,0.0,0.0,0.0,0.0,1.0,43.07799911499024,1.0504907878033023
2024-12-20,5.925,2024-12-17,5.346875,1.2120566663328587,0.6308584986776369,0.578125,884.946,1147.8346,0.3713441006349108,-0.4,42.06499862670898,0.07658588117169124,-0.3520474016805787,-0.867634083649476,-6.975773148772561,0.0018866349566215,-6.272960482490753,0.0,0.0,0.0,0.0,0.0,0.0,0.0,0.0,0.0,0.0,1.0,44.130001068115234,0.06098074699004895
2024-12-23,6.0,2024-12-20,5.458333333333334,1.1974966141702388,0.5792045707464679,0.5416666666666661,873.6681,1147.8346,0.32185019565570977,-0.35,44.130001068115234,0.614990247780417,0.012516857196270628,-0.7698367973450037,-7.470165763843987,0.0005821334610575,-7.448810820271714,0.0,0.0,0.0,0.0,0.0,0.0,0.0,0.0,0.0,0.0,1.0,45.54499816894531,-0.01492166663270792
2024-12-24,5.95,2024-12-21,4.811458333333333,1.2072033156119857,1.4248531623053065,1.1385416666666668,870.9826,1147.8346,0.31035161167064257,-0.23,44.130001068115234,0.614990247780417,0.012516857196270628,-0.7698367973450037,-7.470165763843987,0.0005821334610575,-7.448810820271714,0.0,0.0,0.0,0.0,0.0,0.0,0.0,0.0,0.0,0.0,1.0,45.73099899291992,-0.6573797661484027
2024-12-26,7.225,2024-12-23,6.78125,0.9596824288474425,0.4404768785884739,0.4437499999999996,864.3377,1147.8346,0.2813551824909086,-0.34,45.54499816894531,0.10978275374094713,-0.09410779935483168,-0.7771252204333553,-7.588791829708422,0.0009960942282054,-6.9116686972187455,0.0,0.0,0.0,0.0,0.0,0.0,0.0,0.0,0.0,0.0,1.0,45.73099899291992,0.2771850459313547
2024-12-27,4.85,2024-12-24,6.719791666666667,1.420750747330415,-2.8373338052722206,1.869791666666667,860.7774,1147.8346,0.2658570910327747,-0.31,45.73099899291992,0.29982774649418553,-0.03384813534109992,-0.7542289827541024,-7.32535254120088,1.6610310753508848e-05,-11.00548686548999,0.0,0.0,0.0,0.0,0.0,0.0,0.0,0.0,0.0,0.0,1.0,47.73099899291992,0.2249676456379234
2024-12-30,4.2,2024-12-27,5.475,1.5469378660731232,-1.99463686673802,1.2749999999999997,849.3725,1147.8346,0.21636318605357371,-0.46,47.73099899291992,-7.030837660801018,-0.4302458246341144,-0.8564814826754144,-7.16261686846035,0.0018322404579041,-6.302215766482999,0.0,0.0,0.0,0.0,0.0,0.0,0.0,0.0,0.0,0.0,1.0,47.632999420166016,0.6353634498035768
2024-12-31,3.475,2024-12-28,5.290625,1.6876850369784515,-2.760590826631627,1.8156249999999996,844.0245,1147.8346,0.1928660796493065,-0.47,47.73099899291992,-7.030837660801018,-0.4302458246341144,-0.8564814826754144,-7.16261686846035,0.0018322404579041,-6.302215766482999,0.0,0.0,0.0,0.0,0.0,0.0,0.0,0.0,0.0,0.0,1.0,48.88899993896485,-0.3803127138902195
2025-01-02,4.45,2024-12-30,4.953125,1.4984043588643894,-0.9010494211095762,0.5031249999999998,832.0439,1147.8346,0.14087248249943815,-0.61,47.632999420166016,0.5154568562478686,-0.5608016253597797,-0.7604901718674048,-7.161192158539465,4.224154147321196e-06,-12.374691282281908,0.0,0.0,0.0,0.0,0.0,0.0,0.0,0.0,0.0,0.0,1.0,50.27299880981445,-0.3479773758721813
2025-01-03,2.575,2024-12-31,2.4604166666666667,1.862405662929894,-0.025884299304357226,0.1145833333333334,828.2722,1147.8346,0.12437451417303781,-0.33,48.88899993896485,-1.6330314411043387,-0.711351225477926,-0.7670113821294844,-6.928252268032107,0.0006773857233165,-7.297269692032726,0.0,0.0,0.0,0.0,0.0,0.0,0.0,0.0,0.0,0.0,1.0,49.62200164794922,-1.0778375993551745
2025-01-06,9.35,2025-01-03,9.40625,0.547147617573204,-0.26791984732468815,0.0562500000000003,811.9318,1147.6446,0.05388319496023614,-0.58,49.62200164794922,0.21298116168176068,-0.5933011449177998,-0.7184663176053615,-7.1039545964769,0.0001698802813208,-8.680416590636858,0.0,0.0,0.0,0.0,0.0,0.0,0.0,0.0,0.0,0.0,0.0,47.32600021362305,0.12940826188471158
2025-01-07,5.025,2025-01-04,4.304166666666666,1.3867772922843011,0.8330467308653531,0.7208333333333341,805.4288,1147.6446,0.025386704214635743,-0.57,49.62200164794922,0.21298116168176068,-0.5933011449177998,-0.7184663176053615,-7.1039545964769,0.0001698802813208,-8.680416590636858,0.0,0.0,0.0,0.0,0.0,0.0,0.0,0.0,0.0,0.0,0.0,47.4739990234375,-0.972557615673017
2025-01-08,4.2,2025-01-05,3.3895833333333334,1.5469378660731232,0.9599678109247937,0.8104166666666668,800.1648,1147.6446,0.002389536244501414,-0.46,49.62200164794922,0.21298116168176068,-0.5933011449177998,-0.7184663176053615,-7.1039545964769,0.0001698802813208,-8.680416590636858,0.0,0.0,0.0,0.0,0.0,0.0,0.0,0.0,0.0,0.0,0.0,45.55899810791016,-1.326287994922986
2025-01-09,4.075,2025-01-06,3.515625,1.5712046196774905,0.6042936214558935,0.5593750000000002,795.5577,1147.6446,-0.017608001120832724,-0.4,47.32600021362305,-0.32596879069864154,-0.5522974482899363,-0.7258963407078105,-6.609927712526075,0.0022443418406504,-6.099342967072269,0.0,0.0,0.0,0.0,0.0,0.0,0.0,0.0,0.0,0.0,0.0,44.98699951171875,-0.508953806909594
2025-01-10,2.075,2025-01-07,1.8677083333333333,1.9594726773473619,0.10546426029204113,0.2072916666666664,789.9718,1147.6446,-0.04210498439336644,-0.49,47.4739990234375,0.5872348048375371,-0.4606408883031707,-0.6108043194301457,-6.504037153313777,9.749009083689578e-06,-11.538344807987018,0.0,0.0,0.0,0.0,0.0,0.0,0.0,0.0,0.0,0.0,0.0,45.007999420166016,-0.19413752174148155
2025-01-13,0.475,2025-01-10,0.775,2.270087123483259,-0.6132632512073544,0.3,769.1061,1149.6521,-0.1385931021811019,-0.62,45.007999420166016,-0.34798124699302696,-0.37983882664917407,-0.5752257060734747,-6.709716657003457,2.178000913229191e-07,-15.339683615794728,0.0,0.0,0.0,0.0,0.0,0.0,0.0,0.0,0.0,0.0,0.0,48.26100158691406,-1.0430072311231728
2025-01-14,1.425,2025-01-11,1.4260416666666664,2.08565979609007,-0.18970104217177555,0.0010416666666663,762.0499,1147.6446,-0.16359002388776922,-0.61,45.007999420166016,-0.34798124699302696,-0.37983882664917407,-0.5752257060734747,-6.709716657003457,2.178000913229191e-07,-15.339683615794728,0.0,0.0,0.0,0.0,0.0,0.0,0.0,0.0,0.0,0.0,0.0,46.946998596191406,-0.9433630028954214
2025-01-15,3.85,2025-01-12,4.514583333333333,1.6148847761653506,-1.129802530519035,0.6645833333333333,754.8549,1147.6446,-0.19508614523817053,-0.63,45.007999420166016,-0.34798124699302696,-0.37983882664917407,-0.5752257060734747,-6.709716657003457,2.178000913229191e-07,-15.339683615794728,0.0,0.0,0.0,0.0,0.0,0.0,0.0,0.0,0.0,0.0,0.0,47.00600051879883,-0.7763580548475538
2025-01-16,3.15,2025-01-13,3.9489583333333336,1.7507785963498055,-1.320184150608198,0.7989583333333337,745.7917,1147.6446,-0.2345812815347045,-0.79,48.26100158691406,-2.682068413541307,-0.4128200760383043,-0.6360225304046035,-6.825761948600328,0.0048697473528444,-5.324713221294036,0.0,0.0,0.0,0.0,0.0,0.0,0.0,0.0,0.0,0.0,0.0,46.24100112915039,-0.36984698562946594
2025-01-17,1.525,2025-01-14,2.738541666666667,2.0662463932065767,-1.9075631025111948,1.213541666666667,736.251,1147.6446,-0.27607617156777214,-0.83,46.946998596191406,0.8613047355034484,-0.010095018306574836,-0.4307803065649092,-6.836287189386654,0.0007620105188028,-7.179550196857435,0.0,0.0,0.0,0.0,0.0,0.0,0.0,0.0,0.0,0.0,0.0,46.887001037597656,0.29011734162242137
2025-01-21,1.825,2025-01-18,3.0635416666666666,2.0080061845560957,-1.9429829388068527,1.2385416666666669,699.6927,1147.6446,-0.43505659362217663,-0.75,46.887001037597656,-0.16304336311309514,-0.11756998623245647,-0.5415109568620696,-6.639760043820028,0.0001924767439754,-8.555535216856168,0.0,0.0,0.0,0.0,0.0,0.0,0.0,0.0,0.0,0.0,0.0,50.027000427246094,-0.8537095846038466
2025-01-22,3.45,2025-01-19,4.20625,1.6925383876993252,-1.2596752636031143,0.7562499999999996,691.0199,1147.6446,-0.47305191461631085,-0.76,46.887001037597656,-0.16304336311309514,-0.11756998623245647,-0.5415109568620696,-6.639760043820028,0.0001924767439754,-8.555535216856168,0.0,0.0,0.0,0.0,0.0,0.0,0.0,0.0,0.0,0.0,0.0,48.71599960327149,-0.9979793559715422
2025-01-23,5.65,2025-01-20,5.971875000000001,1.2654435242624662,-0.6442556079660556,0.3218750000000003,680.858,1147.6446,-0.5170464968200454,-0.89,46.887001037597656,-0.16304336311309514,-0.11756998623245647,-0.5415109568620696,-6.639760043820028,0.0001924767439754,-8.555535216856168,0.0,0.0,0.0,0.0,0.0,0.0,0.0,0.0,0.0,0.0,0.0,49.12300109863281,0.36373179488956203
2025-01-24,7.95,2025-01-21,7.739583333333334,0.8189352579421142,0.10989173982899811,0.2104166666666662,670.1654,1147.6446,-0.5640407096285799,-0.93,50.027000427246094,-0.2817848052009609,-0.09144182296678889,-0.556755359784492,-7.645256906116061,0.0042019428368819,-5.47220828020208,0.0,0.0,0.0,0.0,0.0,0.0,0.0,0.0,0.0,0.0,0.0,49.70199966430664,-1.294556838526452
2025-01-27,9.75,2025-01-24,7.885416666666666,0.46949400603922964,2.453504241391711,1.864583333333334,648.7409,1147.6446,-0.6570292583773824,-0.49,49.70199966430664,-0.6436176150843169,-0.18441714961960973,-0.5561482956074837,-6.739641457502107,0.0001373065492875,-8.893294538480239,0.0,0.0,0.0,0.0,0.0,0.0,0.0,0.0,0.0,0.0,0.0,47.86199951171875,0.3108598748638038
2025-01-28,8.3,2025-01-25,6.982291666666667,0.7509883478498863,1.6786953224241903,1.317708333333334,644.7389,1147.6446,-0.6745271035720495,-0.35,49.70199966430664,-0.6436176150843169,-0.18441714961960973,-0.5561482956074837,-6.739641457502107,0.0001373065492875,-8.893294538480239,0.0,0.0,0.0,0.0,0.0,0.0,0.0,0.0,0.0,0.0,0.0,48.2239990234375,-0.73135988539589
2025-01-29,7.6,2025-01-26,6.561458333333333,0.8868821680343416,1.2831738171226734,1.0385416666666665,640.5664,1149.6521,-0.6975242715421834,-0.36,49.70199966430664,-0.6436176150843169,-0.18441714961960973,-0.5561482956074837,-6.739641457502107,0.0001373065492875,-8.893294538480239,0.0,0.0,0.0,0.0,0.0,0.0,0.0,0.0,0.0,0.0,0.0,51.15599822998047,-0.024374045220529134
2025-01-30,6.125,2025-01-27,6.129166666666666,1.1732298605658718,-0.19412852170873296,0.0041666666666664,636.1854,1147.6446,-0.7120224861320504,-0.38,47.86199951171875,-0.40128663735210574,-0.20443766461807084,-0.5766188983955065,-6.99099761856009,0.0014230478934529,-6.554954303059968,0.0,0.0,0.0,0.0,0.0,0.0,0.0,0.0,0.0,0.0,0.0,51.72600173950195,1.2965225925106216
2025-01-31,3.975,2025-01-28,4.3375,1.5906180225609836,-0.7018128419465,0.3625000000000002,631.7915,1147.6446,-0.7310201466291177,-0.38,48.2239990234375,0.4260360283313479,-0.034413993109219804,-0.5569620958888409,-6.788627232459711,5.677535453518253e-05,-9.776408207813793,0.0,0.0,0.0,0.0,0.0,0.0,0.0,0.0,0.0,0.0,0.0,53.23699951171875,0.5482156265146567
2025-02-03,2.65,2025-01-31,3.0791666666666666,1.8478456107672734,-0.7962657387349212,0.4291666666666667,615.0046,1147.6446,-0.804011158012586,-0.55,53.23699951171875,-0.44083580523066457,-0.2172133686197649,-0.47781219339266834,-7.497903810255527,0.0008290393869527,-7.095242891348815,0.0,0.0,0.0,0.0,0.0,0.0,0.0,0.0,0.0,0.0,0.0,53.79399871826172,-0.321237522819891
2025-02-04,3.1500000000000004,2025-02-01,4.002083333333333,1.7507785963498055,-1.3954513027364701,0.8520833333333329,609.7506,1147.7502,-0.82700832598272,-0.46,53.23699951171875,-0.44083580523066457,-0.2172133686197649,-0.47781219339266834,-7.497903810255527,0.0008290393869527,-7.095242891348815,0.0,0.0,0.0,0.0,0.0,0.0,0.0,0.0,0.0,0.0,0.0,52.04800033569336,-1.0477132851727544
2025-02-05,4.55,2025-02-02,5.414583333333333,1.4789909559808956,-1.4131612208842994,0.864583333333333,604.1699,1149.7577,-0.8560047551624543,-0.49,53.23699951171875,-0.44083580523066457,-0.2172133686197649,-0.47781219339266834,-7.497903810255527,0.0008290393869527,-7.095242891348815,0.0,0.0,0.0,0.0,0.0,0.0,0.0,0.0,0.0,0.0,0.0,53.4379997253418,-1.100620628313536
2025-02-06,3.85,2025-02-03,4.275,1.6148847761653506,-0.7903624326856458,0.4250000000000007,596.465,1147.7502,-0.8850011843421883,-0.67,53.79399871826172,0.23487779210438547,-0.11583617760605759,-0.44396370020911885,-7.05366153060676,0.0001083322675938,-9.130307492714955,1.0,0.0,0.0,0.0,0.0,0.0,0.0,0.0,0.0,0.0,0.0,54.50199890136719,0.2685716358572454
2025-02-07,3.85,2025-02-04,2.7104166666666667,1.6148847761653506,1.4263289888176254,1.1395833333333334,588.7688,1149.7577,-0.9229965053363226,-0.67,52.04800033569336,-0.4851436339211842,-0.3207388413310917,-0.4671826593305768,-7.337087489747826,0.0010887054472297,-6.822765950745245,1.0,0.0,0.0,0.0,0.0,0.0,0.0,0.0,0.0,0.0,0.0,55.72299957275391,0.1939074154690957
2025-02-10,3.7,2025-02-07,3.7,1.6440048804905913,-0.188225215659457,0.0,567.0777,1147.7502,-1.012985423480325,-0.56,55.72299957275391,-0.03312433541252458,-0.6401035443782548,-0.5103896734605609,-6.251156131898842,0.0004908707150811,-7.619329772211591,1.0,0.0,0.0,0.0,0.0,0.0,0.0,0.0,0.0,0.0,0.0,58.03900146484375,-0.08334284265415583
2025-02-11,4.275,2025-02-08,4.058333333333334,1.5323778139105029,0.11874669890291335,0.2166666666666667,561.4825,1147.7502,-1.0374824067528587,-0.49,55.72299957275391,-0.03312433541252458,-0.6401035443782548,-0.5103896734605609,-6.251156131898842,0.0004908707150811,-7.619329772211591,1.0,0.0,0.0,0.0,0.0,0.0,0.0,0.0,0.0,0.0,0.0,57.76599884033203,0.03803377736952655
2025-02-12,3.975,2025-02-09,4.219791666666667,1.5906180225609836,-0.5350444460544423,0.2447916666666665,556.2994,1149.7577,-1.0644790821960595,-0.45,55.72299957275391,-0.03312433541252458,-0.6401035443782548,-0.5103896734605609,-6.251156131898842,0.0004908707150811,-7.619329772211591,1.0,0.0,0.0,0.0,0.0,0.0,0.0,0.0,0.0,0.0,0.0,55.6609992980957,-2.110670979883459
2025-02-13,2.75,2025-02-10,2.8708333333333336,1.8284322078837802,-0.3594210910884715,0.1208333333333335,549.5619,1147.7502,-1.089476003902727,-0.59,58.03900146484375,0.04945184392230269,-0.7339629632301667,-0.48978641430297803,-6.336884833231182,0.0016583010898516,-6.401961639931208,1.0,0.0,0.0,0.0,0.0,0.0,0.0,0.0,0.0,0.0,0.0,51.382999420166016,-0.13932690084507457
2025-02-14,1.4,2025-02-11,1.91875,2.090513146810944,-0.9231868187943628,0.51875,542.1613,1147.7502,-1.121472063687261,-0.64,57.76599884033203,0.4801660030768525,-0.37182174474491314,-0.49135459019617683,-6.297170171346219,2.223005926856176e-05,-10.714065118855462,1.0,0.0,0.0,0.0,0.0,0.0,0.0,0.0,0.0,0.0,0.0,50.685001373291016,-0.15893328428144352
2025-02-18,1.1749999999999998,2025-02-15,2.7041666666666666,2.134193303298804,-2.3547385357438784,1.5291666666666668,512.098,1147.7502,-1.252455933430198,-0.58,50.685001373291016,0.9577400959451983,0.3076624646698485,-0.3809086196309889,-8.081096346077645,0.0001870693898943,-8.584030935639623,1.0,0.0,0.0,0.0,0.0,0.0,0.0,0.0,0.0,0.0,0.0,49.21500015258789,-0.3481881744794784
2025-02-19,2.6750000000000003,2025-02-16,3.1010416666666667,1.8429922600464002,-0.7918382591979636,0.4260416666666664,505.744,1147.7502,-1.280452485741665,-0.55,50.685001373291016,0.9577400959451983,0.3076624646698485,-0.3809086196309889,-8.081096346077645,0.0001870693898943,-8.584030935639623,1.0,0.0,0.0,0.0,0.0,0.0,0.0,0.0,0.0,0.0,0.0,48.26399993896485,-0.700644813088185
2025-02-20,6.775,2025-02-17,7.059374999999999,1.0470427418231634,-0.5911258535225677,0.2843749999999998,497.3774,1147.7502,-1.3169479914333997,-0.73,50.685001373291016,0.9577400959451983,0.3076624646698485,-0.3809086196309889,-8.081096346077645,0.0001870693898943,-8.584030935639623,1.0,0.0,0.0,0.0,0.0,0.0,0.0,0.0,0.0,0.0,0.0,47.49399948120117,0.4348735904364382
2025-02-21,11.85,2025-02-18,11.007291666666667,0.06181254548586459,1.0057184328066842,0.8427083333333325,488.8278,1147.7502,-1.353943435559267,-0.74,49.21500015258789,-0.2918668085242528,0.2823714652279297,-0.40279987830512176,-6.996071990759574,0.0008662177686999,-7.051374214847972,1.0,0.0,0.0,0.0,0.0,0.0,0.0,0.0,0.0,0.0,0.0,47.19499969482422,1.434510913397432
2025-02-24,10.325,2025-02-21,9.684375,0.3578669394591417,0.7194080894167821,0.640625,470.9774,1149.9987,-1.4359333387571358,-0.37,47.19499969482422,-0.17723605562906125,0.13920423994461806,-0.36348861259456694,-5.756966764108348,3.988463130967397e-05,-10.129519463405764,1.0,0.0,0.0,0.0,0.0,0.0,0.0,0.0,0.0,0.0,0.0,47.14400100708008,0.8514173558705727
2025-02-25,8.475,2025-02-22,8.352083333333333,0.7170148928037728,-0.014077687205804563,0.1229166666666667,468.0365,1149.9987,-1.4484317996104694,-0.26,47.19499969482422,-0.17723605562906125,0.13920423994461806,-0.36348861259456694,-5.756966764108348,3.988463130967397e-05,-10.129519463405764,1.0,0.0,0.0,0.0,0.0,0.0,0.0,0.0,0.0,0.0,0.0,44.29100036621094,-0.07743215411051561
2025-02-26,7.325,2025-02-23,7.295833333333333,0.940269025963949,-0.14690207331452249,0.0291666666666667,465.8165,1149.7577,-1.4579306298590033,-0.19,47.19499969482422,-0.17723605562906125,0.13920423994461806,-0.36348861259456694,-5.756966764108348,3.988463130967397e-05,-10.129519463405764,1.0,0.0,0.0,0.0,0.0,0.0,0.0,0.0,0.0,0.0,0.0,41.33599853515625,-0.5318917032410051
2025-02-27,6.15,2025-02-24,5.515625,1.1683765098449983,0.7105531303428682,0.6343750000000004,462.4295,1149.7577,-1.4724288444488702,-0.29,47.14400100708008,-0.8386724740158159,-1.116848762728928,-0.5316101691453837,-5.732169573553839,1.1689489236039362e-06,-13.659404713343166,1.0,0.0,0.0,0.0,0.0,0.0,0.0,0.0,0.0,0.0,0.0,44.93000030517578,0.2356572231272985
2025-02-28,5.475,2025-02-25,5.751041666666667,1.2994169793085801,-0.5793192414240157,0.2760416666666669,458.2221,1149.7577,-1.4909265665118039,-0.37,44.29100036621094,-2.0875728822192605,-1.209374839157662,-0.5633494942985682,-5.888206386249921,0.0038969136464891,-5.547570411585682,1.0,0.0,0.0,0.0,0.0,0.0,0.0,0.0,0.0,0.0,0.0,44.31999969482422,0.5826188044086394
2025-03-03,6.125,2025-02-28,5.841666666666667,1.1732298605658718,0.21319959569133476,0.2833333333333332,438.9927,1149.7577,-1.5744162850120729,-0.87,44.31999969482422,0.9871990826109308,0.6776120381626993,-0.07650693498031906,-5.970927017518163,0.0001868605428302,-8.585147974241572,1.0,0.0,0.0,0.0,0.0,0.0,0.0,0.0,0.0,0.0,0.0,45.2130012512207,-0.11194707018136159
2025-03-04,7.325,2025-03-01,7.091666666666667,0.940269025963949,0.1423599231000188,0.2333333333333334,438.332,1148.5719,-1.5754161618803397,-0.06,44.31999969482422,0.9871990826109308,0.6776120381626993,-0.07650693498031906,-5.970927017518163,0.0001868605428302,-8.585147974241572,1.0,0.0,0.0,0.0,0.0,0.0,0.0,0.0,0.0,0.0,0.0,43.4640007019043,-0.15797027271933387
2025-03-05,9.25,2025-03-02,8.520833333333334,0.5665610204566975,0.8448533429639038,0.7291666666666661,435.4441,1148.5719,-1.5879146227336733,-0.25,44.31999969482422,0.9871990826109308,0.6776120381626993,-0.07650693498031906,-5.970927017518163,0.0001868605428302,-8.585147974241572,1.0,0.0,0.0,0.0,0.0,0.0,0.0,0.0,0.0,0.0,0.0,41.507999420166016,-0.7463734444591207
2025-03-06,10.825,2025-03-03,9.913541666666667,0.2607999250416738,1.103122982619743,0.911458333333332,431.3793,1148.5719,-1.6054124679283404,-0.35,45.2130012512207,-0.2922620253279656,0.6852289779248383,-0.07299642134396074,-5.927463132255541,0.0003979485660554,-7.829187789534414,0.0,1.0,0.0,0.0,0.0,0.0,0.0,0.0,0.0,0.0,0.0,38.2400016784668,0.4018950432245542
2025-03-07,11.875,2025-03-04,11.21875,0.056959194764991124,0.7415454871015685,0.65625,427.7978,1148.572,-1.620910559386474,-0.31,43.4640007019043,-0.024797528207821606,0.7054433636639018,-0.1601030674944773,-5.951468786913508,0.0015564333490305,-6.465358389410278,0.0,1.0,0.0,0.0,0.0,0.0,0.0,0.0,0.0,0.0,0.0,39.97100067138672,2.01836538429332
2025-03-10,11.55,2025-03-07,10.783333333333331,0.12005275413634511,0.897983097407393,0.7666666666666675,421.0133,1148.572,-1.6504069270003416,-0.15,39.97100067138672,0.9754924534553434,0.3888387201048314,0.0817382020896393,-7.65689510593959,0.001960016704055,-6.234802282788776,0.0,1.0,0.0,0.0,0.0,0.0,0.0,0.0,0.0,0.0,0.0,41.23199844360352,0.8140351561489384
2025-03-11,8.375,2025-03-08,8.192708333333334,0.7364282956872663,0.07004442399638244,0.182291666666666,420.7237,1148.5721,-1.6519067423027414,-0.03,39.97100067138672,0.9754924534553434,0.3888387201048314,0.0817382020896393,-7.65689510593959,0.001960016704055,-6.234802282788776,0.0,1.0,0.0,0.0,0.0,0.0,0.0,0.0,0.0,0.0,0.0,42.709999084472656,1.0782021042486551
2025-03-12,6.025,2025-03-09,6.092708333333334,1.1926432634493653,-0.2841539389601985,0.0677083333333339,420.3974,1148.5722,-1.6534065576051415,-0.03,39.97100067138672,0.9754924534553434,0.3888387201048314,0.0817382020896393,-7.65689510593959,0.001960016704055,-6.234802282788776,0.0,1.0,0.0,0.0,0.0,0.0,0.0,0.0,0.0,0.0,0.0,42.25400161743164,-0.3883663144553275
2025-03-13,5.025,2025-03-10,5.035416666666666,1.3867772922843011,-0.2029834807826469,0.010416666666666,418.35,1148.5723,-1.6624054494195417,-0.18,41.23199844360352,0.5393082625522592,0.5108110298211477,0.1013670750702747,-7.813343510186385,0.0009647489570242,-6.943642637594565,0.0,1.0,0.0,0.0,0.0,0.0,0.0,0.0,0.0,0.0,0.0,42.07600021362305,1.7740082850310015
2025-03-14,4.35,2025-03-11,4.59375,1.5178177617478827,-0.533568619542124,0.2437500000000003,415.3113,1148.5723,-1.675403848707009,-0.26,42.709999084472656,0.28851512176001265,0.5462422912975512,0.10736846304232842,-8.594333660932646,0.0012403390270363,-6.692370527028081,0.0,1.0,0.0,0.0,0.0,0.0,0.0,0.0,0.0,0.0,0.0,42.290000915527344,1.5000439247739725
2025-03-17,6.025,2025-03-14,5.970833333333333,1.1926432634493653,-0.11148223701886381,0.0541666666666671,403.8788,1148.5725,-1.7253976921203438,-0.31,42.290000915527344,-1.1236950435314745,-0.3761814833971461,0.08121324133904845,-6.956865426716019,2.573696434896318e-05,-10.567582259057287,0.0,1.0,0.0,0.0,0.0,0.0,0.0,0.0,0.0,0.0,0.0,41.24800109863281,1.5333046139897273
2025-03-18,6.199999999999999,2025-03-15,6.220833333333333,1.1586698084032518,-0.21774174590583956,0.0208333333333339,401.5407,1148.5726,-1.7353964608030104,-0.2,42.290000915527344,-1.1236950435314745,-0.3761814833971461,0.08121324133904845,-6.956865426716019,2.573696434896318e-05,-10.567582259057287,0.0,1.0,0.0,0.0,0.0,0.0,0.0,0.0,0.0,0.0,0.0,40.755001068115234,0.3423083920899405
2025-03-19,9.6,2025-03-16,8.897916666666667,0.49861411036447006,0.8064818536436072,0.7020833333333325,399.4292,1148.5726,-1.7443953526174105,-0.18,42.290000915527344,-1.1236950435314745,-0.3761814833971461,0.08121324133904845,-6.956865426716019,2.573696434896318e-05,-10.567582259057287,0.0,1.0,0.0,0.0,0.0,0.0,0.0,0.0,0.0,0.0,0.0,43.35499954223633,-0.5963316940087187
2025-03-20,12.325,2025-03-17,11.25,-0.030401118210729834,1.3348277450538408,1.0749999999999993,395.9337,1148.5726,-1.7598934440755445,-0.3,41.24800109863281,-0.993662442689056,-0.8635708465525255,0.08129313466118081,-7.09427628611945,0.0006224036890271,-7.381921656410887,0.0,1.0,0.0,0.0,0.0,0.0,0.0,0.0,0.0,0.0,0.0,42.85499954223633,0.4300796622032723
2025-03-21,14.475,2025-03-18,13.302083333333334,-0.4477892802058418,1.4735554372118345,1.1729166666666655,392.7138,1148.5727,-1.7738917202312783,-0.28,40.755001068115234,0.13344865167676678,-0.9911057938988306,0.06391858301767843,-6.947374683035369,0.0001445788758869,-8.841685338530041,0.0,1.0,0.0,0.0,0.0,0.0,0.0,0.0,0.0,0.0,0.0,42.60499954223633,1.1658085636584044
2025-03-24,11.575,2025-03-21,11.044791666666669,0.115199403415472,0.5629704791109577,0.5302083333333325,387.9437,1148.5731,-1.7943891960307452,-0.03,42.60499954223633,-0.40845314149123474,-0.2943704857999885,-0.017206644886037067,-8.194906659971537,3.423077396322085e-05,-10.282385465794706,0.0,1.0,0.0,0.0,0.0,0.0,0.0,0.0,0.0,0.0,0.0,42.74800109863281,0.4767181083179667
2025-03-25,10.325,2025-03-22,10.5375,0.3578669394591417,-0.48929382417255135,0.2125000000000003,388.6284,1148.5732,-1.791389565425945,0.06,42.60499954223633,-0.40845314149123474,-0.2943704857999885,-0.017206644886037067,-8.194906659971537,3.423077396322085e-05,-10.282385465794706,0.0,1.0,0.0,0.0,0.0,0.0,0.0,0.0,0.0,0.0,0.0,41.55500030517578,-0.5638877251046087
2025-03-26,9.975,2025-03-23,10.280208333333334,0.42581384955136914,-0.6206423837689515,0.3052083333333346,389.0064,1148.5734,-1.7898897501235453,0.03,42.60499954223633,-0.40845314149123474,-0.2943704857999885,-0.017206644886037067,-8.194906659971537,3.423077396322085e-05,-10.282385465794706,0.0,1.0,0.0,0.0,0.0,0.0,0.0,0.0,0.0,0.0,0.0,40.869998931884766,-0.5318917032410051
2025-03-27,10.3,2025-03-24,11.233333333333333,0.36272029018001484,-1.5105657706973576,0.9333333333333318,387.7754,1148.5735,-1.795389072899012,-0.11,42.74800109863281,-0.892757635222505,-0.2929146694540759,-0.026033428909700947,-8.200246449382206,1.1228060531599456e-05,-11.397094419287326,0.0,1.0,0.0,0.0,0.0,0.0,0.0,0.0,0.0,0.0,0.0,41.20199966430664,0.1946534138423252
2025-03-28,10.3,2025-03-25,11.040625,0.36272029018001484,-1.237537865918328,0.7406249999999996,386.5466,1148.5738,-1.8008883956744788,-0.11,41.55500030517578,-1.2871501914875156,-0.40493042828011133,-0.03238828638828918,-7.636302964262764,0.0008011491365492,-7.129463439026944,0.0,1.0,0.0,0.0,0.0,0.0,0.0,0.0,0.0,0.0,0.0,40.58700180053711,0.16555574853742516
2025-03-31,9.6,2025-03-28,9.173958333333337,0.49861411036447006,0.41538782787904704,0.4260416666666646,384.9341,1148.5747,-1.8078875337523457,0.0,40.58700180053711,-0.6633980198875307,-1.4242080790027154,-0.10739974414859248,-6.140289467775578,0.0002261693574149,-8.394226465814562,0.0,1.0,0.0,0.0,0.0,0.0,0.0,0.0,0.0,0.0,0.0,40.66699981689453,0.4381904369189444
2025-04-01,9.575,2025-03-29,9.682291666666666,0.5034674610853436,-0.3402353464283231,0.1072916666666667,385.7546,1148.5747,-1.8038880262792787,0.07,40.58700180053711,-0.6633980198875307,-1.4242080790027154,-0.10739974414859248,-6.140289467775578,0.0002261693574149,-8.394226465814562,0.0,1.0,0.0,0.0,0.0,0.0,0.0,0.0,0.0,0.0,0.0,42.45000076293945,0.04450265963095644
2025-04-02,12.0,2025-03-30,11.06875,0.032692441160624156,1.1311636863538082,0.9312500000000004,386.7327,1148.5747,-1.799888518806212,0.09,40.58700180053711,-0.6633980198875307,-1.4242080790027154,-0.10739974414859248,-6.140289467775578,0.0002261693574149,-8.394226465814562,0.0,1.0,0.0,0.0,0.0,0.0,0.0,0.0,0.0,0.0,0.0,41.26300048828125,-1.2137367022053949
2025-04-03,14.725,2025-03-31,13.735416666666667,-0.49632278741457575,1.2138099710436747,0.989583333333332,387.5658,1146.5096,-1.7933893191624788,0.07,40.66699981689453,-0.22471253492638982,-1.302151703580178,-0.24402807894487694,-6.116210123454841,3.877298094485626e-06,-12.460371756394578,0.0,1.0,0.0,0.0,0.0,0.0,0.0,0.0,0.0,0.0,0.0,39.20299911499024,0.9579581538642997
2025-04-04,15.9,2025-04-01,14.798958333333331,-0.7244302712956251,1.3717234078618172,1.1010416666666654,387.6746,1130.2509,-1.7683923974558113,0.01,42.45000076293945,-1.663345848377571,-1.306504638751417,-0.502398835837658,-6.251908104495539,0.0018412665964088,-6.297301576020944,0.0,0.0,1.0,0.0,0.0,0.0,0.0,0.0,0.0,0.0,0.0,36.4010009765625,-0.6296268120064433
2025-04-07,9.375,2025-04-04,8.8625,0.5422942668523305,0.5378814284015333,0.5124999999999993,391.0148,1129.714,-1.7528943059976776,0.14,36.4010009765625,0.6423644862920072,-0.17542033779532049,-0.377072135823933,-6.684762747180847,0.0054992574283003,-5.203142208713257,0.0,0.0,1.0,0.0,0.0,0.0,0.0,0.0,0.0,0.0,0.0,37.0,0.7722962861543218
2025-04-08,11.025,2025-04-05,10.577083333333334,0.22197311927468646,0.44638018463775,0.4479166666666661,393.2683,1129.714,-1.7428955373150106,0.2,36.4010009765625,0.6423644862920072,-0.17542033779532049,-0.377072135823933,-6.684762747180847,0.0054992574283003,-5.203142208713257,0.0,0.0,1.0,0.0,0.0,0.0,0.0,0.0,0.0,0.0,0.0,36.23099899291992,0.3129315677803298
2025-04-09,11.2,2025-04-06,10.861458333333331,0.1879996642285729,0.29141840084424575,0.3385416666666661,395.6378,1129.714,-1.7323968301982102,0.21,36.4010009765625,0.6423644862920072,-0.17542033779532049,-0.377072135823933,-6.684762747180847,0.0054992574283003,-5.203142208713257,0.0,0.0,1.0,0.0,0.0,0.0,0.0,0.0,0.0,0.0,0.0,33.66600036621094,-0.22477826765345327
2025-04-10,10.075,2025-04-07,11.613541666666666,0.40640044666787567,-2.3680209743547507,1.5385416666666671,395.4332,1129.7124,-1.733396707066477,-0.02,37.0,0.9043174898813798,0.3727487000709023,-0.258440342302391,-6.583891002016588,0.000266395900414,-8.23052700449897,0.0,0.0,1.0,0.0,0.0,0.0,0.0,0.0,0.0,0.0,0.0,33.292999267578125,-0.06264256856753818
2025-04-11,12.7,2025-04-08,13.245833333333334,-0.10320137902383074,-0.9615583081146604,0.5458333333333343,395.1828,1129.7121,-1.734396583934744,-0.02,36.23099899291992,-0.16679441306581333,0.3923779057816517,-0.5003489353619206,-6.648733572325441,0.0004411190561508,-7.726195748089476,0.0,0.0,1.0,0.0,0.0,0.0,0.0,0.0,0.0,0.0,0.0,33.4630012512207,-0.023605674353600656
2025-04-14,14.325,2025-04-11,14.108333333333334,-0.4186691758806014,0.11874669890291095,0.216666666666665,396.7629,1129.7121,-1.727397445856877,0.1,33.4630012512207,-0.4369855480276303,0.44170995821384407,-0.4266327203642918,-7.983414219221502,2.5941150189029807e-05,-10.559680001146669,0.0,0.0,1.0,0.0,0.0,0.0,0.0,0.0,0.0,0.0,0.0,34.499000549316406,0.08453749135550036
2025-04-15,14.675,2025-04-12,13.352083333333333,-0.48661608597282907,1.686074454985787,1.322916666666668,399.4541,1129.7121,-1.7153989234376765,0.24,33.4630012512207,-0.4369855480276303,0.44170995821384407,-0.4266327203642918,-7.983414219221502,2.5941150189029807e-05,-10.559680001146669,0.0,0.0,1.0,0.0,0.0,0.0,0.0,0.0,0.0,0.0,0.0,34.40700149536133,-0.5848594521147741
2025-04-16,11.875,2025-04-13,11.438541666666666,0.056959194764991124,0.4301460930022422,0.4364583333333343,402.479,1129.7121,-1.701900585716076,0.27,33.4630012512207,-0.4369855480276303,0.44170995821384407,-0.4266327203642918,-7.983414219221502,2.5941150189029807e-05,-10.559680001146669,0.0,0.0,1.0,0.0,0.0,0.0,0.0,0.0,0.0,0.0,0.0,35.3120002746582,-0.6191608351624264
2025-04-17,11.0,2025-04-14,10.951041666666669,0.22682646999555992,-0.11886136958046005,0.0489583333333332,404.5345,1129.7121,-1.6929016939016759,0.18,34.499000549316406,-0.9908665633809466,-0.07109968147526759,-0.4301696949657797,-7.637297243297046,0.0009296380149292,-6.98071527777025,0.0,0.0,1.0,0.0,0.0,0.0,0.0,0.0,0.0,0.0,0.0,35.65700149536133,0.6281818793262025
2025-04-21,11.7,2025-04-18,12.464583333333334,0.09093264981110502,-1.2714818757016688,0.7645833333333343,411.7976,1129.5277,-1.6604056956830084,0.2,35.65700149536133,0.16166098539994808,-1.1036200326205052,-0.3934075397573868,-7.37361845970745,9.453022766523816e-05,-9.266590894559863,0.0,0.0,1.0,0.0,0.0,0.0,0.0,0.0,0.0,0.0,0.0,35.65700149536133,0.9477053371685815
2025-04-22,12.9,2025-04-19,12.096875,-0.1420281847908181,0.9496370253385594,0.8031249999999996,415.069,1129.5277,-1.6459074810931413,0.29,35.65700149536133,0.16166098539994808,-1.1036200326205052,-0.3934075397573868,-7.37361845970745,9.453022766523816e-05,-9.266590894559863,0.0,0.0,1.0,0.0,0.0,0.0,0.0,0.0,0.0,0.0,0.0,34.24399948120117,-0.19817861556167657
2025-04-23,12.05,2025-04-20,11.863541666666666,0.022985739718877227,0.07594773004566098,0.1864583333333342,418.4597,1129.5277,-1.6309093280691411,0.3,35.65700149536133,0.16166098539994808,-1.1036200326205052,-0.3934075397573868,-7.37361845970745,9.453022766523816e-05,-9.266590894559863,0.0,0.0,1.0,0.0,0.0,0.0,0.0,0.0,0.0,0.0,0.0,34.15999984741211,0.6605327537981984
2025-04-24,10.85,2025-04-21,11.230208333333334,0.25594657432080037,-0.7269018926559249,0.3802083333333339,421.6516,1129.5277,-1.6169110519134073,0.28,35.65700149536133,-0.5333617441836859,-1.1174386171237596,-0.39531841670747203,-7.373267908308691,0.0,-27.631021115928547,0.0,0.0,1.0,0.0,0.0,0.0,0.0,0.0,0.0,0.0,0.0,33.57400131225586,0.4698020247658204
2025-04-25,11.8,2025-04-22,12.297916666666666,0.07151924692761116,-0.8936702885479786,0.497916666666665,424.0635,1129.5277,-1.6064123447966072,0.21,34.24399948120117,-7.030837660801018,-1.1297454880930058,-0.5544890765819391,-7.93566477343301,0.0016349222029669,-6.416160057436551,0.0,0.0,1.0,0.0,0.0,0.0,0.0,0.0,0.0,0.0,0.0,32.43199920654297,0.05978978457547297
2025-04-28,16.225,2025-04-25,15.220833333333331,-0.7875238306669797,1.234471542216146,1.0041666666666682,430.8406,1129.5277,-1.5764160387486064,0.22,32.43199920654297,-0.12546305699903013,-0.9857316695790215,-0.47779993312772145,-8.231384562518134,0.0011976051178657,-6.727431450597972,0.0,0.0,1.0,0.0,0.0,0.0,0.0,0.0,0.0,0.0,0.0,32.39799880981445,0.9864820889974525
2025-04-29,17.25,2025-04-26,16.54375,-0.9865112102227886,0.8123851596928857,0.7062500000000007,434.0204,1129.5277,-1.5624177625928726,0.28,32.43199920654297,-0.12546305699903013,-0.9857316695790215,-0.47779993312772145,-8.231384562518134,0.0011976051178657,-6.727431450597972,0.0,0.0,1.0,0.0,0.0,0.0,0.0,0.0,0.0,0.0,0.0,31.856000900268555,-0.09953257342779474
2025-04-30,19.0,2025-04-27,17.988541666666666,-1.1321117318489904,1.2448023278023779,1.0114583333333336,437.0962,1129.5277,-1.5484194864371388,0.27,32.43199920654297,-0.12546305699903013,-0.9857316695790215,-0.47779993312772145,-8.231384562518134,0.0011976051178657,-6.727431450597972,0.0,0.0,1.0,0.0,0.0,0.0,0.0,0.0,0.0,0.0,0.0,32.31700134277344,0.3993545222734028
2025-05-01,21.2,2025-04-28,19.990625,-1.1321117318489904,1.5252093651430063,1.2093750000000014,440.0938,1129.487,-1.5354210871496718,0.27,32.39799880981445,0.3650122939281404,-0.6326469688972257,-0.46137520408760624,-8.21720247882415,1.1002111031844198e-06,-13.7200075756708,0.0,0.0,1.0,0.0,0.0,0.0,0.0,0.0,0.0,0.0,0.0,32.14899826049805,-0.25689273944202984
2025-05-02,20.875,2025-04-29,19.978125,-1.1321117318489904,1.08246141144728,0.8968750000000014,443.0395,1129.3285,-1.5219227494280716,0.26,31.856000900268555,-2.1090146385768143,-0.6323612034118044,-0.4727443124511575,-7.146637694889635,0.0002846265980192,-8.164332415610124,0.0,0.0,1.0,0.0,0.0,0.0,0.0,0.0,0.0,0.0,0.0,33.077999114990234,-0.027442184148081625
2025-05-05,10.275,2025-05-02,10.333333333333334,0.3675736409008883,-0.27087150034932617,0.0583333333333335,455.5432,1130.3984,-1.4684293369758037,0.4,33.077999114990234,-0.9745358185884709,-1.1242364439205994,-0.4635316946002723,-7.157565471531571,0.0008115143073249,-7.1166085392181495,0.0,0.0,0.0,1.0,0.0,0.0,0.0,0.0,0.0,0.0,0.0,32.93000030517578,0.8392141548908296
2025-05-06,10.875,2025-05-03,11.163541666666667,0.2510932235999269,-0.597029159571845,0.2885416666666671,460.5519,1130.3984,-1.4464320458739361,0.44,33.077999114990234,-0.9745358185884709,-1.1242364439205994,-0.4635316946002723,-7.157565471531571,0.0008115143073249,-7.1166085392181495,0.0,0.0,0.0,1.0,0.0,0.0,0.0,0.0,0.0,0.0,0.0,34.74300003051758,-0.722985488129465
2025-05-07,11.675,2025-05-04,11.464583333333334,0.09578600053197814,0.10989173982899941,0.2104166666666671,465.0759,1130.3984,-1.4264345085086023,0.4,33.077999114990234,-0.9745358185884709,-1.1242364439205994,-0.4635316946002723,-7.157565471531571,0.0008115143073249,-7.1166085392181495,0.0,0.0,0.0,1.0,0.0,0.0,0.0,0.0,0.0,0.0,0.0,34.53099822998047,-0.5566892509653286
2025-05-08,12.925,2025-05-05,12.8375,-0.14688153551169156,-0.06425578862465318,0.0875000000000003,468.0224,1130.3984,-1.4134361092211354,0.26,32.93000030517578,0.2273184624219217,-1.331888071956586,-0.5069202453646446,-7.044473604287562,2.010873505295128e-05,-10.814356207823224,0.0,0.0,0.0,1.0,0.0,0.0,0.0,0.0,0.0,0.0,0.0,35.340999603271484,1.3743838422483563
2025-05-09,13.775,2025-05-06,13.4875,-0.3118954600213869,0.2191029017406107,0.2874999999999996,470.5283,1131.3342,-1.4039372789726017,0.22,34.74300003051758,-1.0809729538036081,-1.3203269997559401,-0.541391013630244,-8.054827102948611,0.0028723177034777,-5.852636012577968,0.0,0.0,0.0,1.0,0.0,0.0,0.0,0.0,0.0,0.0,0.0,34.61800003051758,1.3870958931681197
2025-05-12,17.025,2025-05-09,15.275,-0.9428310537349278,2.2911633250366084,1.7499999999999982,476.5988,1130.3984,-1.3754407882270012,0.24,34.61800003051758,0.08162892677041844,-0.3798188051201632,-0.794486586796889,-8.481395220040937,0.0004272477808253,-7.7581464277308125,0.0,0.0,0.0,1.0,0.0,0.0,0.0,0.0,0.0,0.0,0.0,35.38999938964844,0.33436988557575065
2025-05-13,16.75,2025-05-10,15.958333333333334,-0.8894441958053207,0.933402933703049,0.7916666666666661,480.445,1131.3342,-1.3599426967688675,0.34,34.61800003051758,0.08162892677041844,-0.3798188051201632,-0.794486586796889,-8.481395220040937,0.0004272477808253,-7.7581464277308125,0.0,0.0,0.0,1.0,0.0,0.0,0.0,0.0,0.0,0.0,0.0,35.74399948120117,-0.2049854467695928
2025-05-14,16.7,2025-05-11,16.075,-0.8797374943635738,0.6972706917319957,0.625,484.5063,1131.3343,-1.341944913140067,0.36,34.61800003051758,0.08162892677041844,-0.3798188051201632,-0.794486586796889,-8.481395220040937,0.0004272477808253,-7.7581464277308125,0.0,0.0,0.0,1.0,0.0,0.0,0.0,0.0,0.0,0.0,0.0,35.04800033569336,-0.4078746317943159
2025-05-15,13.675,2025-05-12,14.032291666666666,-0.2924820571378934,-0.6944337093849018,0.357291666666665,487.7306,1131.7337,-1.3284465754184664,0.28,35.38999938964844,0.00033744912817531333,-0.45652304738022453,-0.795304691294024,-9.108061751103168,0.0004864450019605,-7.628386709058292,0.0,0.0,0.0,1.0,0.0,0.0,0.0,0.0,0.0,0.0,0.0,35.29399871826172,1.15040485316339
2025-05-16,13.375,2025-05-13,13.660416666666666,-0.23424184848741253,-0.5926016800348867,0.2854166666666664,490.6674,1131.7337,-1.3154481761309995,0.26,35.74399948120117,0.046247430372282024,-0.3643318524383596,-1.1427296039280839,-7.481813697574633,9.906482191000902e-05,-9.219736145233751,0.0,0.0,0.0,1.0,0.0,0.0,0.0,0.0,0.0,0.0,0.0,35.15599822998047,0.333420794676387
2025-05-19,15.65,2025-05-16,15.704166666666666,-0.6758967640868914,-0.26496819430004764,0.0541666666666653,499.3776,1131.7337,-1.2769529167027318,0.24,35.15599822998047,-0.7664167187836156,-1.2629120955231783,-1.1908616694950214,-7.593215010662643,1.5348303948233884e-05,-11.084505516853714,0.0,0.0,0.0,1.0,0.0,0.0,0.0,0.0,0.0,0.0,0.0,35.224998474121094,1.2567791003706912
2025-05-20,16.7,2025-05-17,16.40625,-0.8797374943635738,0.2279578608145248,0.2937499999999993,502.833,1131.7337,-1.2619547636787314,0.31,35.15599822998047,-0.7664167187836156,-1.2629120955231783,-1.1908616694950214,-7.593215010662643,1.5348303948233884e-05,-11.084505516853714,0.0,0.0,0.0,1.0,0.0,0.0,0.0,0.0,0.0,0.0,0.0,36.979000091552734,-0.10600742168754436
2025-05-21,14.225,2025-05-18,14.247916666666669,-0.39925577299710796,-0.2206933989304775,0.0229166666666671,506.054,1131.7337,-1.2479564875229976,0.28,35.15599822998047,-0.7664167187836156,-1.2629120955231783,-1.1908616694950214,-7.593215010662643,1.5348303948233884e-05,-11.084505516853714,0.0,0.0,0.0,1.0,0.0,0.0,0.0,0.0,0.0,0.0,0.0,36.62099838256836,0.1327004986241489
2025-05-22,12.325,2025-05-19,12.7,-0.030401118210729834,-0.7195227600943286,0.375,508.4645,1131.7337,-1.2369578419720642,0.21,35.224998474121094,-1.176553846222148,-1.5356938966097258,-1.1901169763856718,-7.507548670489731,3.844595902353546e-06,-12.468841797341565,0.0,0.0,0.0,1.0,0.0,0.0,0.0,0.0,0.0,0.0,0.0,36.35599899291992,1.6669173722755428
2025-05-23,11.65,2025-05-20,12.013541666666669,0.1006393512528516,-0.7032886684588183,0.3635416666666664,511.0729,1131.7337,-1.2254592579869974,0.23,36.979000091552734,-1.6663426136679949,-2.046545275551486,-1.2529199363475152,-9.297673992046889,0.0023613935483169,-6.04850334721476,0.0,0.0,0.0,1.0,0.0,0.0,0.0,0.0,0.0,0.0,0.0,36.45000076293945,0.6138030776258648
2025-05-27,15.0,2025-05-24,15.403125,-0.5497096453441831,-0.759370075926943,0.4031249999999993,520.3227,1132.2823,-1.1859641216904626,0.28,36.45000076293945,-0.7397908255512782,-0.8088556445039677,-1.1802866081644332,-7.307695018227437,6.668040005953522e-06,-11.91818444343154,0.0,0.0,0.0,1.0,0.0,0.0,0.0,0.0,0.0,0.0,0.0,37.00600051879883,-0.6498202248191473
2025-05-28,15.15,2025-05-25,15.107291666666669,-0.5788297496694232,-0.1277163286543767,0.0427083333333317,524.382,1132.2823,-1.1679663380616623,0.36,36.45000076293945,-0.7397908255512782,-0.8088556445039677,-1.1802866081644332,-7.307695018227437,6.668040005953522e-06,-11.91818444343154,0.0,0.0,0.0,1.0,0.0,0.0,0.0,0.0,0.0,0.0,0.0,36.6870002746582,0.20603181555436573
2025-05-29,15.825,2025-05-26,14.996875,-0.709870219133005,0.985056861634218,0.828125,527.6026,1132.2823,-1.1534681234717952,0.28,36.45000076293945,-0.7397908255512782,-0.8088556445039677,-1.1802866081644332,-7.307695018227437,6.668040005953522e-06,-11.91818444343154,0.0,0.0,0.0,1.0,0.0,0.0,0.0,0.0,0.0,0.0,0.0,35.15800094604492,0.835338990398902
2025-05-30,20.375,2025-05-27,20.132291666666667,-1.1321117318489904,0.15564236171088974,0.2427083333333328,530.8541,1132.2823,-1.1394698473160614,0.29,37.00600051879883,-1.4715158288339403,-0.8116595622076774,-1.1802295966764658,-7.215530240652859,0.0002291770977239,-8.381015496423185,0.0,0.0,0.0,1.0,0.0,0.0,0.0,0.0,0.0,0.0,0.0,34.22800064086914,1.2020654269469797
2025-06-02,16.625,2025-05-30,16.33020833333333,-0.8651774422009537,0.22943368732684752,0.2947916666666685,542.3017,1132.2823,-1.0889760654685936,0.37,34.22800064086914,0.5115709989997379,-0.9311620818751368,-1.1264281143889985,-8.084768029656237,0.0007186781935755,-7.238096874042543,0.0,0.0,0.0,1.0,0.0,0.0,0.0,0.0,0.0,0.0,0.0,35.01499938964844,0.9083804592440854
2025-06-03,18.200000000000003,2025-05-31,17.708333333333332,-1.1321117318489904,0.5083648981551583,0.4916666666666707,547.3702,1132.2823,-1.0664788359325927,0.45,34.22800064086914,0.5115709989997379,-0.9311620818751368,-1.1264281143889985,-8.084768029656237,0.0007186781935755,-7.238096874042543,0.0,0.0,0.0,1.0,0.0,0.0,0.0,0.0,0.0,0.0,0.0,35.847999572753906,-1.2157199616259942
2025-06-04,15.975,2025-06-01,15.695833333333333,-0.7389903234582454,0.20729628964205876,0.2791666666666668,554.2967,1134.0428,-1.0394821604893922,0.61,34.22800064086914,0.5115709989997379,-0.9311620818751368,-1.1264281143889985,-8.084768029656237,0.0007186781935755,-7.238096874042543,0.0,0.0,0.0,1.0,0.0,0.0,0.0,0.0,0.0,0.0,0.0,35.650001525878906,0.518419690823085
2025-06-05,15.625,2025-06-02,14.177083333333334,-0.671043413366018,1.8631736364640745,1.447916666666666,558.1412,1134.0428,-1.0224842537288585,0.34,35.01499938964844,0.1843349600667581,-0.7134897770829077,-1.0904496665315806,-8.218914931157958,0.0005167657559295,-7.567920867502348,0.0,0.0,0.0,0.0,1.0,0.0,0.0,0.0,0.0,0.0,0.0,36.39300155639648,1.9166083226189627
2025-06-06,16.075,2025-06-03,15.80625,-0.7584037263417389,0.19253802451886612,0.2687499999999989,561.933,1134.0428,-1.0059862854024582,0.33,35.847999572753906,0.06764070773248013,-0.578906934420569,-1.0655612200563398,-8.077057323807152,0.0005527784951742,-7.500553186096933,0.0,0.0,0.0,0.0,1.0,0.0,0.0,0.0,0.0,0.0,0.0,36.2509994506836,1.2305354195119915
2025-06-09,15.65,2025-06-06,15.13125,-0.6758967640868911,0.5467363874754448,0.5187499999999972,573.0248,1134.0428,-0.9569923188573901,0.36,36.2509994506836,-0.00112487121849362,-0.905852279566306,-1.0537566019612161,-6.992898766191441,1.5284497141901845e-05,-11.08867143653297,0.0,0.0,0.0,0.0,1.0,0.0,0.0,0.0,0.0,0.0,0.0,35.60499954223633,0.1341519762986864
2025-06-10,16.825000000000003,2025-06-07,17.498958333333334,-0.9040042479679414,-1.143084969129904,0.6739583333333314,578.0355,1134.0428,-0.934995027755523,0.44,36.2509994506836,-0.00112487121849362,-0.905852279566306,-1.0537566019612161,-6.992898766191441,1.5284497141901845e-05,-11.08867143653297,0.0,0.0,0.0,0.0,1.0,0.0,0.0,0.0,0.0,0.0,0.0,34.63800048828125,-0.33437552116135666
2025-06-11,17.625,2025-06-08,19.06145833333333,-1.0593114710358895,-2.2233899761474807,1.4364583333333345,582.9537,1134.0428,-0.9134976750877891,0.43,36.2509994506836,-0.00112487121849362,-0.905852279566306,-1.0537566019612161,-6.992898766191441,1.5284497141901845e-05,-11.08867143653297,0.0,0.0,0.0,0.0,1.0,0.0,0.0,0.0,0.0,0.0,0.0,35.91299819946289,-0.4373206865427618
2025-06-12,21.775,2025-06-09,21.4375,-1.1321117318489904,0.2899425743319255,0.3374999999999986,587.3371,1134.0428,-0.8940000761565886,0.39,35.60499954223633,-1.178027780477676,-1.2123679535593233,-1.3093333366885127,-7.065886112054441,0.0003233123115687,-8.036891789922462,0.0,0.0,0.0,0.0,1.0,0.0,0.0,0.0,0.0,0.0,0.0,36.17699813842773,0.2571044899201989
2025-06-13,25.55,2025-06-10,25.172916666666666,-1.1321117318489904,0.3460239818000552,0.377083333333335,591.0686,1134.0428,-0.8775021078301882,0.33,34.63800048828125,-0.09828479266626886,-1.3217229712858296,-1.2803244340888764,-6.942052123844816,0.0007581599890091,-7.1846161259800985,0.0,0.0,0.0,0.0,1.0,0.0,0.0,0.0,0.0,0.0,0.0,37.89400100708008,0.9597825064338203
2025-06-16,19.35,2025-06-13,18.909375,-1.1321117318489904,0.43604939905151824,0.4406250000000007,601.2336,1134.0428,-0.8325076487581867,0.27,37.89400100708008,-0.7338111766677444,-0.8320448824451943,-1.2159733252901397,-6.9430606064849645,0.0021501127665197,-6.142234988208824,0.0,0.0,0.0,0.0,1.0,0.0,0.0,0.0,0.0,0.0,0.0,37.90599822998047,0.6063443368098865
2025-06-17,21.175,2025-06-14,20.70208333333333,-1.1321117318489904,0.48180002093340357,0.4729166666666629,605.5624,1134.0428,-0.8135099882611199,0.38,37.89400100708008,-0.7338111766677444,-0.8320448824451943,-1.2159733252901397,-6.9430606064849645,0.0021501127665197,-6.142234988208824,0.0,0.0,0.0,0.0,1.0,0.0,0.0,0.0,0.0,0.0,0.0,39.30899810791016,2.8948289545284447
2025-06-18,21.85,2025-06-15,21.726041666666667,-1.1321117318489904,-0.0126018606934843,0.1239583333333342,609.875,1134.0428,-0.7945123277640526,0.38,37.89400100708008,-0.7338111766677444,-0.8320448824451943,-1.2159733252901397,-6.9430606064849645,0.0021501127665197,-6.142234988208824,0.0,0.0,0.0,0.0,1.0,0.0,0.0,0.0,0.0,0.0,0.0,38.69300079345703,0.6439510072183006
2025-06-20,21.6,2025-06-17,20.896875,-1.1321117318489904,0.8079576801559275,0.703125,616.7316,1134.0428,-0.7645160217160517,0.31,39.30899810791016,-2.9567536185509478,-0.3817870835335479,-1.0726601648547451,-5.5113604553766855,0.0013208927287474,-6.6294474605639575,0.0,0.0,0.0,0.0,1.0,0.0,0.0,0.0,0.0,0.0,0.0,40.92900085449219,2.665940445992868
2025-06-23,20.2,2025-06-20,19.690625,-1.1321117318489904,0.533453948864575,0.5093749999999986,628.224,1134.0428,-0.7135223014344506,0.34,40.92900085449219,-0.19001527229561543,-0.48214699156281005,-0.9597773752557228,-5.564827073158934,0.0031562096470062,-5.758383449812422,0.0,0.0,0.0,0.0,1.0,0.0,0.0,0.0,0.0,0.0,0.0,40.52199935913086,2.53054808012493
2025-06-24,20.575,2025-06-21,20.28333333333333,-1.1321117318489904,0.22500620778988428,0.2916666666666643,632.9427,1134.0429,-0.6930248256349831,0.42,40.92900085449219,-0.19001527229561543,-0.48214699156281005,-0.9597773752557228,-5.564827073158934,0.0031562096470062,-5.758383449812422,0.0,0.0,0.0,0.0,1.0,0.0,0.0,0.0,0.0,0.0,0.0,35.6150016784668,0.42579706974275994
2025-06-25,24.525,2025-06-22,24.110416666666666,-1.1321117318489904,0.3991537362435393,0.4145833333333328,637.7261,1134.0429,-0.6720274114013829,0.42,40.92900085449219,-0.19001527229561543,-0.48214699156281005,-0.9597773752557228,-5.564827073158934,0.0031562096470062,-5.758383449812422,0.0,0.0,0.0,0.0,1.0,0.0,0.0,0.0,0.0,0.0,0.0,35.4010009765625,1.79381291361987
2025-06-26,21.575,2025-06-23,20.13125,-1.1321117318489904,1.8572703304147964,1.443749999999998,641.762,1134.0429,-0.6540296277725821,0.36,40.52199935913086,0.707868890688975,0.006931262994936867,-0.7605880903603344,-5.568334793457226,9.987720647182772e-05,-9.21156905177588,0.0,0.0,0.0,0.0,1.0,0.0,0.0,0.0,0.0,0.0,0.0,34.02399826049805,6.689212337707275
2025-06-27,20.025,2025-06-24,21.65625,-1.1321117318489904,-2.4993695339511506,1.6312500000000014,645.3566,1134.0429,-0.6380315978803154,0.32,35.6150016784668,-0.5138945952404614,-0.2816611381076303,-0.8989878949377813,-7.420857492457043,0.0166611497374785,-4.094675632711177,0.0,0.0,0.0,0.0,1.0,0.0,0.0,0.0,0.0,0.0,0.0,33.08700180053711,3.6192617353316963
2025-06-30,26.125,2025-06-27,27.20833333333333,-1.1321117318489904,-1.7230847884713063,1.083333333333332,655.1932,1134.0429,-0.5950368925448473,0.35,33.08700180053711,0.4617123354198737,0.9372108536787845,-0.13225549209722456,-8.955020094287848,0.0007798389351454,-7.156423151724234,0.0,0.0,0.0,0.0,1.0,0.0,0.0,0.0,0.0,0.0,0.0,32.89799880981445,1.6565574161933327
2025-07-01,29.95,2025-06-28,27.790625,-1.1321117318489904,2.8711631443780132,2.1593750000000007,659.7692,1134.0429,-0.5745394167453802,0.4,33.08700180053711,0.4617123354198737,0.9372108536787845,-0.13225549209722456,-8.955020094287848,0.0007798389351454,-7.156423151724234,0.0,0.0,0.0,0.0,1.0,0.0,0.0,0.0,0.0,0.0,0.0,33.69300079345703,-0.2813304628926946
2025-07-02,26.7,2025-06-29,26.523958333333333,-1.1321117318489904,0.061189464922468496,0.1760416666666664,664.4431,1134.0429,-0.5540419409459129,0.41,33.08700180053711,0.4617123354198737,0.9372108536787845,-0.13225549209722456,-8.955020094287848,0.0007798389351454,-7.156423151724234,0.0,0.0,0.0,0.0,1.0,0.0,0.0,0.0,0.0,0.0,0.0,33.590999603271484,-0.5566892509653286
2025-07-03,20.075,2025-06-30,21.11145833333333,-1.1321117318489904,-1.6566725954169474,1.036458333333332,667.9449,1134.0429,-0.5385438494877793,0.31,32.89799880981445,0.21323174789991478,0.8418590534206121,-0.11657215017595467,-8.955579059933758,3.281778529477095e-05,-10.324539924462275,0.0,0.0,0.0,0.0,1.0,0.0,0.0,0.0,0.0,0.0,0.0,33.62099838256836,0.2947700745620203
2025-07-04,21.0,2025-07-01,21.14479166666667,-1.1321117318489904,-0.39336510087181487,0.1447916666666699,670.7453,1134.0429,-0.5260453886344457,0.25,33.69300079345703,-0.9076722052183587,0.838999600007188,-0.11776283817160954,-9.469809782577148,0.0005701729590553,-7.469570804470213,0.0,0.0,0.0,0.0,0.0,1.0,0.0,0.0,0.0,0.0,0.0,33.43000030517578,0.9759192889723716
2025-07-07,15.8,2025-07-04,16.07604166666667,-0.7050168684121318,-0.5793192414240169,0.2760416666666678,680.1492,1134.046,-0.48455049860137805,0.28,33.43000030517578,-2.2231520661664015,-1.2947795855593975,-0.19031903269107006,-8.428036377000483,3.245710871990716e-05,-10.335591041126676,0.0,0.0,0.0,0.0,0.0,1.0,0.0,0.0,0.0,0.0,0.0,33.62099838256836,0.4432540779928147
2025-07-08,16.1,2025-07-05,16.597916666666666,-0.7632570770626128,-0.8936702885479786,0.497916666666665,683.8555,1134.0457,-0.46855246870911094,0.33,33.43000030517578,-2.2231520661664015,-1.2947795855593975,-0.19031903269107006,-8.428036377000483,3.245710871990716e-05,-10.335591041126676,0.0,0.0,0.0,0.0,0.0,1.0,0.0,0.0,0.0,0.0,0.0,34.21900177001953,-0.46485178012220624
2025-07-09,18.625,2025-07-06,18.323958333333334,-1.1321117318489904,0.238288646400759,0.3010416666666664,687.8204,1134.0456,-0.45105462351444375,0.35,33.43000030517578,-2.2231520661664015,-1.2947795855593975,-0.19031903269107006,-8.428036377000483,3.245710871990716e-05,-10.335591041126676,0.0,0.0,0.0,0.0,0.0,1.0,0.0,0.0,0.0,0.0,0.0,34.30400085449219,-1.3170600248761286
2025-07-10,20.925,2025-07-07,20.336458333333333,-1.1321117318489904,0.6456167638008294,0.5885416666666679,691.1066,1134.0456,-0.43655640892457676,0.29,33.62099838256836,-0.9115821748451388,-1.9217874696940127,-0.20637679883573717,-8.449650215898748,3.245710871990742e-05,-10.33559104112667,0.0,0.0,0.0,0.0,0.0,1.0,0.0,0.0,0.0,0.0,0.0,35.16999816894531,-0.22815179111999692
2025-07-11,21.175,2025-07-08,21.43645833333333,-1.1321117318489904,-0.5586576702515483,0.2614583333333335,698.4266,1134.0455,-0.4040604107059089,0.65,34.21900177001953,-0.9115821748451363,-1.922243132086753,-0.20632134583022124,-8.051791583580394,0.0003108265421424,-8.07627554047118,0.0,0.0,0.0,0.0,0.0,1.0,0.0,0.0,0.0,0.0,0.0,35.56100082397461,0.3610334235662011
2025-07-14,21.3,2025-07-11,22.65625,-1.1321117318489904,-2.1097513346989083,1.3562499999999993,705.7032,1133.9381,-0.3720643509213751,0.32,35.56100082397461,0.1329772145028121,-1.5620517751262966,-0.20090593257249972,-8.011276777541845,0.0001222386846244,-9.009534985021885,0.0,0.0,0.0,0.0,0.0,1.0,0.0,0.0,0.0,0.0,0.0,35.45399856567383,0.08082316023494218
2025-07-15,20.175,2025-07-12,21.021875,-1.1321117318489904,-1.3880721701748764,0.8468750000000007,710.2419,1133.9381,-0.35206681355604097,0.4,35.56100082397461,0.1329772145028121,-1.5620517751262966,-0.20090593257249972,-8.011276777541845,0.0001222386846244,-9.009534985021885,0.0,0.0,0.0,0.0,0.0,1.0,0.0,0.0,0.0,0.0,0.0,34.44499969482422,-0.10575908700748562
2025-07-16,18.3,2025-07-13,18.9875,-1.1321117318489904,-1.16227071379006,0.6875000000000036,714.6148,1133.9381,-0.3325692146248404,0.39,35.56100082397461,0.1329772145028121,-1.5620517751262966,-0.20090593257249972,-8.011276777541845,0.0001222386846244,-9.009534985021885,0.0,0.0,0.0,0.0,0.0,1.0,0.0,0.0,0.0,0.0,0.0,34.80899810791016,-1.4152386683291491
2025-07-17,20.35,2025-07-14,20.234375,-1.1321117318489904,-0.024408472792036253,0.1156250000000014,718.0468,1133.9381,-0.3175710616008402,0.3,35.45399856567383,-0.4424133966817997,-1.4921963788792851,-0.2207993728393643,-7.918319351206881,9.081265243417238e-06,-11.609296920953051,0.0,0.0,0.0,0.0,0.0,1.0,0.0,0.0,0.0,0.0,0.0,34.40700149536133,-0.35727774579448107
2025-07-18,23.375,2025-07-15,23.461458333333333,-1.1321117318489904,-0.3107188161819405,0.0864583333333328,721.2713,1133.9381,-0.3030728470109732,0.28,34.44499969482422,-1.3622290601155584,-1.5098157328069441,-0.2627754033150608,-8.528696604044582,0.0008336039877119,-7.089752102053453,0.0,0.0,0.0,0.0,0.0,1.0,0.0,0.0,0.0,0.0,0.0,33.595001220703125,0.6026804680917827
2025-07-21,18.975,2025-07-18,18.54375,-1.1321117318489904,0.4227669604406484,0.4312500000000021,729.5904,1133.9381,-0.2665773413192387,0.29,33.595001220703125,-0.4074697540519736,-1.409244927352497,-0.30077757814424305,-9.294601930878834,0.0005703877920942,-7.469194089699306,0.0,0.0,0.0,0.0,0.0,1.0,0.0,0.0,0.0,0.0,0.0,33.15900039672852,0.17079936389394063
2025-07-22,18.775,2025-07-19,19.157291666666666,-1.1321117318489904,-0.7298535456805628,0.3822916666666671,733.6984,1133.9381,-0.24857955769043824,0.36,33.595001220703125,-0.4074697540519736,-1.409244927352497,-0.30077757814424305,-9.294601930878834,0.0005703877920942,-7.469194089699306,0.0,0.0,0.0,0.0,0.0,1.0,0.0,0.0,0.0,0.0,0.0,33.11100006103516,-1.1605733183033915
2025-07-23,19.2,2025-07-20,19.0125,-1.1321117318489904,0.07742355655797883,0.1875,737.9326,1133.9381,-0.22958189719337133,0.37,33.595001220703125,-0.4074697540519736,-1.409244927352497,-0.30077757814424305,-9.294601930878834,0.0005703877920942,-7.469194089699306,0.0,0.0,0.0,0.0,0.0,1.0,0.0,0.0,0.0,0.0,0.0,32.689998626708984,-0.6628147906176761
2025-07-24,19.65,2025-07-21,18.385416666666664,-1.1321117318489904,1.6034281702959174,1.2645833333333345,741.1396,1133.9381,-0.21558362103763756,0.28,33.15900039672852,0.10257099706724451,-1.152458726527274,-0.32703449240050025,-9.34137419038646,0.0001706445227375,-8.675927973735599,0.0,0.0,0.0,0.0,0.0,1.0,0.0,0.0,0.0,0.0,0.0,32.358001708984375,0.24052498058967103
2025-07-25,20.725,2025-07-22,20.019791666666663,-1.1321117318489904,0.8109093331805629,0.7052083333333314,744.4957,1133.9778,-0.2010854064477702,0.3,33.11100006103516,-0.3243806836970468,-1.0766808972157265,-0.32983631452722556,-7.969993166114617,2.098527889371643e-06,-13.074273987590546,0.0,0.0,0.0,0.0,0.0,1.0,0.0,0.0,0.0,0.0,0.0,32.499000549316406,-0.1792723668864542
2025-07-28,18.125,2025-07-25,18.571875,-1.1321117318489904,-0.8213547894443436,0.4468749999999986,753.7458,1133.9778,-0.16009045484883616,0.28,32.499000549316406,-0.4989035270372226,-1.5558949036522574,-1.6416677385170257,-7.27060029660923,1.890508779122248e-05,-10.876079423926642,0.0,0.0,0.0,0.0,0.0,1.0,0.0,0.0,0.0,0.0,0.0,32.89899826049805,-0.10841582063424011
2025-07-29,18.625,2025-07-26,18.55208333333333,-1.1321117318489904,-0.08491735979711923,0.0729166666666678,757.8855,1133.9778,-0.14209267122003572,0.37,32.499000549316406,-0.4989035270372226,-1.5558949036522574,-1.6416677385170257,-7.27060029660923,1.890508779122248e-05,-10.876079423926642,0.0,0.0,0.0,0.0,0.0,1.0,0.0,0.0,0.0,0.0,0.0,34.10300064086914,-0.08976983863571594
2025-07-30,18.625,2025-07-27,18.398958333333333,-1.1321117318489904,0.13202913751378573,0.2260416666666671,762.9945,1133.9778,-0.11959544168403498,0.45,32.499000549316406,-0.4989035270372226,-1.5558949036522574,-1.6416677385170257,-7.27060029660923,1.890508779122248e-05,-10.876079423926642,0.0,0.0,0.0,0.0,0.0,1.0,0.0,0.0,0.0,0.0,0.0,34.5369987487793,0.3755464602287328
2025-07-31,19.025,2025-07-28,19.160416666666663,-1.1321117318489904,-0.38008266226094,0.1354166666666678,766.4301,1133.9778,-0.10409735022590114,0.3,32.89899826049805,-1.1028110998987415,-2.198610693669339,-1.644247317701233,-7.289931397036827,0.0001496431760723,-8.807256917272094,0.0,0.0,0.0,0.0,0.0,1.0,0.0,0.0,0.0,0.0,0.0,35.27899932861328,0.2068678010689178
2025-08-01,18.175,2025-07-29,18.119791666666664,-1.1321117318489904,-0.11000641050654099,0.0552083333333364,770.4294,1133.9778,-0.08659950503123429,0.35,34.10300064086914,-0.37084586870399977,-2.236738903939627,-1.8842038349111887,-7.7597628179460925,0.001291911214662,-6.651632594510767,0.0,0.0,0.0,0.0,0.0,1.0,0.0,0.0,0.0,0.0,0.0,33.97200012207031,-0.04302562034247805
2025-08-04,20.675,2025-08-01,21.279166666666665,-1.1321117318489904,-1.0442045928045296,0.6041666666666679,781.3814,1134.8745,-0.041105107525099945,0.33,33.97200012207031,0.020143326697314404,-0.970911868298396,-1.789058400355504,-8.063881932408835,0.0014251536695103,-6.553475632121116,0.0,0.0,0.0,0.0,0.0,0.0,1.0,0.0,0.0,0.0,0.0,34.28300094604492,0.8063857519699921
2025-08-05,18.9,2025-08-02,18.696875,-1.1321117318489904,0.09956095424276516,0.203125,785.7627,1134.8745,-0.02160750859389941,0.39,33.97200012207031,0.020143326697314404,-0.970911868298396,-1.789058400355504,-8.063881932408835,0.0014251536695103,-6.553475632121116,0.0,0.0,0.0,0.0,0.0,0.0,1.0,0.0,0.0,0.0,0.0,34.40599822998047,-0.25512220514901846
2025-08-06,18.75,2025-08-03,18.81875,-1.1321117318489904,-0.2856297654725188,0.0687500000000014,790.1456,1134.8745,-0.002609848096831765,0.39,33.97200012207031,0.020143326697314404,-0.970911868298396,-1.789058400355504,-8.063881932408835,0.0014251536695103,-6.553475632121116,0.0,0.0,0.0,0.0,0.0,0.0,1.0,0.0,0.0,0.0,0.0,33.25699996948242,-0.6521426139567336
2025-08-07,21.225,2025-08-04,21.757291666666664,-1.1321117318489904,-0.9423725634545045,0.5322916666666622,793.9788,1134.8745,0.014388058663701471,0.34,34.28300094604492,0.4265591934226673,-0.5486677422013817,-1.5712237223555405,-7.942783336066179,8.304626906706078e-05,-9.396112634809256,0.0,0.0,0.0,0.0,0.0,0.0,1.0,0.0,0.0,0.0,0.0,32.95100021362305,-0.02663565575023321
2025-08-08,21.95,2025-08-05,23.68958333333333,-1.1321117318489904,-2.652855491232332,1.739583333333332,797.7614,1134.8745,0.03138596542423542,0.33,34.40599822998047,-0.5791875268409424,-0.5644262338718408,-1.560023609249414,-7.780633241724653,1.2825596868099924e-05,-11.264067550598291,0.0,0.0,0.0,0.0,0.0,0.0,1.0,0.0,0.0,0.0,0.0,32.44599914550781,0.5608906385281851
2025-08-11,23.225,2025-08-08,22.992708333333333,-1.1321117318489904,0.14088409658770223,0.2322916666666685,808.5427,1134.8745,0.07888011666690346,0.31,32.44599914550781,-0.5691122560428473,-0.7372314633713379,-1.448468862704135,-7.783906009401757,0.0002385317565127,-8.341008101310313,0.0,0.0,0.0,0.0,0.0,0.0,1.0,0.0,0.0,0.0,0.0,32.999000549316406,0.7451698861275656
2025-08-12,25.95,2025-08-09,26.198958333333334,-1.1321117318489904,-0.5409477521037203,0.2489583333333342,812.6139,1135.3745,0.0948781465591702,0.36,32.44599914550781,-0.5691122560428473,-0.7372314633713379,-1.448468862704135,-7.783906009401757,0.0002385317565127,-8.341008101310313,0.0,0.0,0.0,0.0,0.0,0.0,1.0,0.0,0.0,0.0,0.0,32.40900039672852,-0.22815179111999692
2025-08-13,27.3,2025-08-10,28.242708333333333,-1.1321117318489904,-1.52384820930823,0.942708333333332,817.5365,1135.3745,0.11687543766103804,0.43,32.44599914550781,-0.5691122560428473,-0.7372314633713379,-1.448468862704135,-7.783906009401757,0.0002385317565127,-8.341008101310313,0.0,0.0,0.0,0.0,0.0,0.0,1.0,0.0,0.0,0.0,0.0,32.599998474121094,-0.4194430754111661
2025-08-14,27.2,2025-08-11,28.665625,-1.1321117318489904,-2.2647131184924127,1.4656249999999993,820.9914,1135.3745,0.1318735906850383,0.3,32.999000549316406,-0.20588347039675559,-1.1953418462906593,-1.421017822325445,-7.898688523771465,0.0002856144606407,-8.160867692783658,0.0,0.0,0.0,0.0,0.0,0.0,1.0,0.0,0.0,0.0,0.0,32.14099884033203,0.7704463295086791
2025-08-15,24.875,2025-08-12,26.32604166666667,-1.1321117318489904,-2.244051547319949,1.4510416666666686,823.9587,1135.9033,0.14337217467010546,0.26,32.40900039672852,-0.14214841562497074,-1.0966236574882415,-1.4609740135515683,-8.090134397408988,0.0003254813028931,-8.030205536081448,0.0,0.0,0.0,0.0,0.0,0.0,1.0,0.0,0.0,0.0,0.0,31.0310001373291,0.17248674708537073
2025-08-18,21.4,2025-08-15,21.73333333333333,-1.1321117318489904,-0.6604896996015684,0.3333333333333357,833.0921,1136.4733,0.18186743409837292,0.31,31.0310001373291,-0.26633683659577295,-1.4982057448091142,-1.5114174959733648,-7.734176388111238,0.0012352222231997,-6.6965043864659455,0.0,0.0,0.0,0.0,0.0,0.0,1.0,0.0,0.0,0.0,0.0,31.27199935913086,0.1550580773273347
2025-08-19,22.15,2025-08-16,23.11145833333333,-1.1321117318489904,-1.5504130865299743,0.9614583333333327,836.7871,1136.513,0.19786546399063967,0.33,31.0310001373291,-0.26633683659577295,-1.4982057448091142,-1.5114174959733648,-7.734176388111238,0.0012352222231997,-6.6965043864659455,0.0,0.0,0.0,0.0,0.0,0.0,1.0,0.0,0.0,0.0,0.0,31.226999282836918,-0.48828895593799976
2025-08-20,20.05,2025-08-17,20.460416666666667,-1.1321117318489904,-0.7697008615131773,0.4104166666666664,840.4749,1136.513,0.21386349388290712,0.32,31.0310001373291,-0.26633683659577295,-1.4982057448091142,-1.5114174959733648,-7.734176388111238,0.0012352222231997,-6.6965043864659455,0.0,0.0,0.0,0.0,0.0,0.0,1.0,0.0,0.0,0.0,0.0,31.9060001373291,0.41403286680604356
2025-08-21,19.4,2025-08-18,18.730208333333334,-1.1321117318489904,0.7607312317617143,0.669791666666665,843.7771,1136.513,0.22836170847277376,0.29,31.27199935913086,0.3759545258377209,-0.967108680405413,-1.377274034663549,-7.745308619786461,5.985186567304818e-05,-9.72363793725622,0.0,0.0,0.0,0.0,0.0,0.0,1.0,0.0,0.0,0.0,0.0,33.17499923706055,1.5438808375110273
2025-08-22,16.975,2025-08-19,17.011458333333334,-0.9331243522931816,-0.23987914359062332,0.0364583333333321,847.0535,1136.513,0.24285992306264112,0.29,31.226999282836918,-0.6950684847078371,-1.060678071521252,-1.385644658524327,-7.706701899028802,2.0736741950778705e-06,-13.08618806838756,0.0,0.0,0.0,0.0,0.0,0.0,1.0,0.0,0.0,0.0,0.0,33.573001861572266,0.09844497918857947
2025-08-25,19.475,2025-08-22,20.151041666666664,-1.1321117318489904,-1.1460366221545397,0.6760416666666629,856.3328,1136.513,0.28385487466157516,0.27,33.573001861572266,0.4496328250095989,-0.5962952737514873,-1.2560064957652968,-7.905633987168027,0.0001422216223995,-8.858123988867666,0.0,0.0,0.0,0.0,0.0,0.0,1.0,0.0,0.0,0.0,0.0,33.77399826049805,-0.4076162294920926
2025-08-26,22.15,2025-08-23,22.870833333333334,-1.1321117318489904,-1.209497162184268,0.720833333333335,859.9587,1136.513,0.2998529045538426,0.32,33.573001861572266,0.4496328250095989,-0.5962952737514873,-1.2560064957652968,-7.905633987168027,0.0001422216223995,-8.858123988867666,0.0,0.0,0.0,0.0,0.0,0.0,1.0,0.0,0.0,0.0,0.0,33.459999084472656,-0.3148126397960691
2025-08-27,21.975,2025-08-24,22.241666666666667,-1.1321117318489904,-0.5660368028131422,0.2666666666666657,863.6361,1136.513,0.3158509344461094,0.32,33.573001861572266,0.4496328250095989,-0.5962952737514873,-1.2560064957652968,-7.905633987168027,0.0001422216223995,-8.858123988867666,0.0,0.0,0.0,0.0,0.0,0.0,1.0,0.0,0.0,0.0,0.0,32.55099868774414,-0.7069429186477127
2025-08-28,19.475,2025-08-25,19.81145833333333,-1.1321117318489904,-0.6649171791385217,0.3364583333333328,866.4489,1136.513,0.328349395299443,0.25,33.77399826049805,-0.3888430278130532,-0.9265696626802263,-1.2581032967878316,-7.912839493823119,3.562891627164907e-05,-10.242352966918023,0.0,0.0,0.0,0.0,0.0,0.0,1.0,0.0,0.0,0.0,0.0,31.55900001525879,0.038399443349873295
2025-08-29,17.85,2025-08-26,17.809375,-1.1029916275237504,-0.1306679816790096,0.0406250000000021,868.9304,1136.513,0.3393480408503766,0.22,33.459999084472656,-0.8785938308355553,-0.9356445304449802,-1.2648147730773658,-7.89870152269044,8.724598655609955e-05,-9.34677898583492,0.0,0.0,0.0,0.0,0.0,0.0,1.0,0.0,0.0,0.0,0.0,31.621999740600582,-0.33937291479555165
2025-09-02,17.675,2025-08-30,18.308333333333334,-1.0690181724776364,-1.0855277351494617,0.6333333333333329,879.3787,1136.3907,0.38534237679064454,0.3,31.621999740600582,0.28597794517235964,-1.0073862766087551,-1.2316997552148707,-8.081655938980038,3.977082534905493e-06,-12.43496178745705,0.0,0.0,0.0,0.0,0.0,0.0,1.0,0.0,0.0,0.0,0.0,31.77199935913086,-0.4725936572751084
2025-09-03,19.675,2025-08-31,19.06875,-1.1321117318489904,0.6707058145102512,0.6062499999999993,882.4131,1136.3907,0.3988407145122454,0.27,31.621999740600582,0.28597794517235964,-1.0073862766087551,-1.2316997552148707,-8.081655938980038,3.977082534905493e-06,-12.43496178745705,0.0,0.0,0.0,0.0,0.0,0.0,1.0,0.0,0.0,0.0,0.0,32.11199951171875,-1.3814067969200965
2025-09-04,18.9,2025-09-01,17.873958333333334,-1.1321117318489904,1.2654638989748415,1.0260416666666643,887.907,1136.814,0.4213379440482454,0.48,31.621999740600582,0.28597794517235964,-1.0073862766087551,-1.2316997552148707,-8.081655938980038,3.977082534905493e-06,-12.43496178745705,0.0,0.0,0.0,0.0,0.0,0.0,1.0,0.0,0.0,0.0,0.0,32.4119987487793,0.2356572231272985
2025-09-05,17.8,2025-09-02,18.113541666666663,-1.0932849260820034,-0.6324489958675011,0.3135416666666657,890.2405,1137.114,0.4308367742967796,0.21,31.77199935913086,-1.6543556069585112,-1.0663399337360875,-1.2465971067639725,-8.085641772693169,2.2394719274895784e-05,-10.706685328898946,0.0,0.0,0.0,0.0,0.0,0.0,0.0,1.0,0.0,0.0,0.0,31.9689998626709,-0.11194707018136159
2025-09-08,19.475,2025-09-05,20.022916666666667,-1.1321117318489904,-0.9645099611392959,0.5479166666666657,897.9175,1137.344,0.4638327109495803,0.21,31.9689998626709,-0.5648950129167731,-1.4271917293853378,-1.4313155057513725,-7.881120686250806,0.000189392837559,-8.57168718912516,0.0,0.0,0.0,0.0,0.0,0.0,0.0,1.0,0.0,0.0,0.0,33.06399917602539,0.21368768289815843
2025-09-09,16.700000000000003,2025-09-06,16.911458333333332,-0.8797374943635745,-0.48781799766022615,0.2114583333333293,900.9769,1137.594,0.47633117180291396,0.27,31.9689998626709,-0.5648950129167731,-1.4271917293853378,-1.4313155057513725,-7.881120686250806,0.000189392837559,-8.57168718912516,0.0,0.0,0.0,0.0,0.0,0.0,0.0,1.0,0.0,0.0,0.0,32.930999755859375,-0.43422644637256047
2025-09-10,16.925,2025-09-07,17.327083333333334,-0.9234176508514347,-0.7578942494146252,0.4020833333333335,904.1357,1137.594,0.4903294479586477,0.28,31.9689998626709,-0.5648950129167731,-1.4271917293853378,-1.4313155057513725,-7.881120686250806,0.000189392837559,-8.57168718912516,0.0,0.0,0.0,0.0,0.0,0.0,0.0,1.0,0.0,0.0,0.0,33.12200164794922,-0.9013590188504718
2025-09-11,16.75,2025-09-08,16.816666666666666,-0.8894441958053207,-0.28267811244787827,0.0666666666666664,905.8998,1137.594,0.49782852447064746,0.16,33.06399917602539,-0.2874994965667479,-2.280760103828988,-1.410765025538228,-8.51665950444696,0.0011342328299093,-6.781798776489284,0.0,0.0,0.0,0.0,0.0,0.0,0.0,1.0,0.0,0.0,0.0,32.323001861572266,-0.23360856662481105
2025-09-12,15.725,2025-09-09,15.532291666666666,-0.6904568162495115,0.08480268911957509,0.1927083333333339,907.2578,1137.878,0.5028279088119814,0.12,32.930999755859375,0.3457767180691822,-1.2098310128827034,-1.413004404463871,-8.503537963971377,1.6245706769341255e-05,-11.027681821350228,0.0,0.0,0.0,0.0,0.0,0.0,0.0,1.0,0.0,0.0,0.0,32.6619987487793,-0.556960455305613
2025-09-15,18.2,2025-09-12,18.166666666666664,-1.1321117318489904,-0.14099876726524393,0.0333333333333349,912.0313,1138.39,0.5223255077431819,0.17,32.6619987487793,0.11827238925880572,-1.0123210070181217,-1.4088173534726205,-8.564251779552617,0.0001088511536471,-9.12552916264898,0.0,0.0,0.0,0.0,0.0,0.0,0.0,1.0,0.0,0.0,0.0,32.15399932861328,-0.4209473770291595
2025-09-16,15.725,2025-09-13,15.814583333333331,-0.6904568162495118,-0.31514629571889385,0.08958333333333,914.7343,1138.39,0.5338240917282484,0.24,32.6619987487793,0.11827238925880572,-1.0123210070181217,-1.4088173534726205,-8.564251779552617,0.0001088511536471,-9.12552916264898,0.0,0.0,0.0,0.0,0.0,0.0,0.0,1.0,0.0,0.0,0.0,32.32899856567383,-0.7474996509336013
2025-09-17,16.325,2025-09-14,16.663541666666667,-0.8069372335504729,-0.6678688321631622,0.3385416666666678,917.5251,1138.39,0.546322552581582,0.25,32.6619987487793,0.11827238925880572,-1.0123210070181217,-1.4088173534726205,-8.564251779552617,0.0001088511536471,-9.12552916264898,0.0,0.0,0.0,0.0,0.0,0.0,0.0,1.0,0.0,0.0,0.0,32.4010009765625,-0.5727927233465948
2025-09-18,19.45,2025-09-15,20.09375,-1.1321117318489904,-1.1002860002726542,0.6437500000000007,920.1172,1138.39,0.5578211365666492,0.23,32.15399932861328,-0.4834530241853487,-1.0463569715779673,-1.4340410990183023,-8.603216341070961,0.000245719591184,-8.311319541347395,0.0,0.0,0.0,0.0,0.0,0.0,0.0,1.0,0.0,0.0,0.0,32.95199966430664,-0.4720410566807435
2025-09-19,21.825,2025-09-16,22.255208333333336,-1.1321117318489904,-0.7977415652472446,0.4302083333333364,921.7775,1138.39,0.564820274644516,0.15,32.32899856567383,-0.19537943073786884,-1.5644409373774446,-1.409442241427253,-8.458343657920425,2.946076325053605e-05,-10.432451205292889,0.0,0.0,0.0,0.0,0.0,0.0,0.0,1.0,0.0,0.0,0.0,32.30799865722656,-0.44055736492284664
2025-09-22,13.1,2025-09-19,12.888541666666669,-0.18085499055780513,0.11136756634131711,0.2114583333333328,926.3952,1138.39,0.585317750443983,0.15,32.30799865722656,-0.14372037091207315,-1.8873002263631609,-1.5558005177285124,-8.66902266611054,0.0003895535477851,-7.850509221268204,0.0,0.0,0.0,0.0,0.0,0.0,0.0,1.0,0.0,0.0,0.0,31.8439998626709,0.18361283678513937
2025-09-23,13.2,2025-09-20,12.911458333333334,-0.20026839344129863,0.22057872825292846,0.2885416666666653,929.0938,1138.39,0.5968163344290502,0.24,32.30799865722656,-0.14372037091207315,-1.8873002263631609,-1.5558005177285124,-8.66902266611054,0.0003895535477851,-7.850509221268204,0.0,0.0,0.0,0.0,0.0,0.0,0.0,1.0,0.0,0.0,0.0,32.26499938964844,0.48912912490584703
2025-09-24,12.175,2025-09-21,13.104166666666666,-0.0012810138854893987,-1.5046624646480844,0.9291666666666673,931.8047,1138.39,0.6088148568482503,0.24,32.30799865722656,-0.14372037091207315,-1.8873002263631609,-1.5558005177285124,-8.66902266611054,0.0003895535477851,-7.850509221268204,0.0,0.0,0.0,0.0,0.0,0.0,0.0,1.0,0.0,0.0,0.0,31.902999877929688,-0.3168024245273305
2025-09-25,11.0,2025-09-22,11.365625,0.22682646999555992,-0.7062403214834588,0.3656250000000014,933.0575,1138.39,0.614314179623717,0.11,31.8439998626709,-0.03234121388323696,-1.60323761497165,-1.505021586961419,-8.480915448600838,0.0002092610796351,-8.471927895945633,0.0,0.0,0.0,0.0,0.0,0.0,0.0,1.0,0.0,0.0,0.0,32.45600128173828,0.03081914531813049
2025-09-26,12.325,2025-09-23,12.661458333333332,-0.030401118210729834,-0.6649171791385217,0.3364583333333328,933.8856,1138.95,0.6163139333602508,0.07,32.26499938964844,-0.2522038953921181,-1.6350010792622471,-1.5379191583762202,-8.268236605671587,0.0001725034153795,-8.665093516590067,0.0,0.0,0.0,0.0,0.0,0.0,0.0,1.0,0.0,0.0,0.0,32.696998596191406,-0.23179316305277006
2025-09-29,15.1,2025-09-26,16.063541666666666,-0.5691230482276767,-1.5533647395546124,0.963541666666666,936.3198,1139.469,0.6248128867405177,0.09,32.696998596191406,-0.13030711172107273,-1.4203636617655557,-1.696722294471535,-8.708248795820799,5.472925355351611e-05,-9.8131121733376,0.0,0.0,0.0,0.0,0.0,0.0,0.0,1.0,0.0,0.0,0.0,32.060001373291016,0.48286731250276443
2025-09-30,14.7,2025-09-27,15.207291666666666,-0.4914694366937023,-0.9069527271588534,0.5072916666666671,938.2152,1139.469,0.6333118401207848,0.17,32.696998596191406,-0.13030711172107273,-1.4203636617655557,-1.696722294471535,-8.708248795820799,5.472925355351611e-05,-9.8131121733376,0.0,0.0,0.0,0.0,0.0,0.0,0.0,1.0,0.0,0.0,0.0,31.410999298095703,-1.2153149573442266
2025-10-01,13.7,2025-09-28,12.989583333333334,-0.2973354078587665,0.8182884657421592,0.7104166666666654,940.0407,1139.469,0.6413108550669181,0.16,32.696998596191406,-0.13030711172107273,-1.4203636617655557,-1.696722294471535,-8.708248795820799,5.472925355351611e-05,-9.8131121733376,0.0,0.0,0.0,0.0,0.0,0.0,0.0,1.0,0.0,0.0,0.0,31.334999084472656,-0.8295897991469708
2025-10-02,13.3,2025-09-29,12.60625,-0.21968179632479248,0.7946752415450576,0.6937500000000014,941.0451,1139.469,0.6458103009741184,0.09,32.060001373291016,-0.7267251539912677,-1.6886456417579896,-1.7018416905537508,-7.372035327009795,0.0003870701173573,-7.8569046969604,0.0,0.0,0.0,0.0,0.0,0.0,0.0,1.0,0.0,0.0,0.0,31.45499992370605,-0.15763219948121587
2025-10-03,12.75,2025-09-30,11.777083333333334,-0.11290808046557767,1.1901967468465708,0.9729166666666664,940.0239,1139.469,0.6413108550669181,-0.09,31.410999298095703,-0.03460398211423813,-1.5353027924265548,-1.7624479968247566,-7.509220346103978,0.0004182459501756,-7.779440898537175,0.0,0.0,0.0,0.0,0.0,0.0,0.0,1.0,0.0,0.0,0.0,31.4379997253418,0.5243655538984853
2025-10-06,13.25,2025-10-03,13.691666666666666,-0.20997509488304555,-0.8139756568827499,0.4416666666666664,942.7987,1141.2271,0.6468101778423849,0.07,31.4379997253418,-1.1939973851212449,-1.668599353651188,-1.8593509695333952,-7.374061746944574,2.922559575935966e-07,-15.045632429884984,0.0,0.0,0.0,0.0,0.0,0.0,0.0,0.0,1.0,0.0,0.0,33.11600112915039,2.6650410717461686
2025-10-07,14.9,2025-10-04,14.8,-0.5302962424606895,-0.04654587047682258,0.1000000000000014,944.3444,1141.2271,0.6538093159202517,0.14,31.4379997253418,-1.1939973851212449,-1.668599353651188,-1.8593509695333952,-7.374061746944574,2.922559575935966e-07,-15.045632429884984,0.0,0.0,0.0,0.0,0.0,0.0,0.0,0.0,1.0,0.0,0.0,33.24599838256836,0.1547493369142887
2025-10-08,14.8,2025-10-05,15.11875,-0.510882839577196,-0.6398281284290973,0.3187499999999996,945.7642,1141.1118,0.6603085155639851,0.12,31.4379997253418,-1.1939973851212449,-1.668599353651188,-1.8593509695333952,-7.374061746944574,2.922559575935966e-07,-15.045632429884984,0.0,0.0,0.0,0.0,0.0,0.0,0.0,0.0,1.0,0.0,0.0,32.70000076293945,-1.0642476766409894
2025-10-09,14.45,2025-10-06,14.511458333333334,-0.44293592948496835,-0.27529897988628443,0.0614583333333342,945.8675,1141.1618,0.6608084539981186,0.01,33.11600112915039,-2.5780308542121766,-1.7206223334429083,-1.8807672933205104,-8.611866670339754,0.0027039209401771,-5.913052358959179,0.0,0.0,0.0,0.0,0.0,0.0,0.0,0.0,1.0,0.0,0.0,32.362998962402344,0.984867043535649
2025-10-10,14.35,2025-10-07,14.616666666666667,-0.42352252660147494,-0.5660368028131447,0.2666666666666675,945.6054,1141.1618,0.6593086386957185,-0.02,33.24599838256836,0.6531458472775236,-0.6313564172536358,-1.480173759005748,-8.516697006527435,1.534936910299445e-05,-11.084436120408592,0.0,0.0,0.0,0.0,0.0,0.0,0.0,0.0,1.0,0.0,0.0,32.16999816894531,0.5597889175051417
2025-10-13,14.3,2025-10-10,15.04375,-0.41381582515972826,-1.2419653454552837,0.7437499999999986,945.7986,1141.1617,0.6603085155639851,0.06,32.16999816894531,-0.48847873687879634,-0.6422835836771699,-1.6053396107568094,-8.346530900078294,3.577808558321232e-05,-10.238174958585535,0.0,0.0,0.0,0.0,0.0,0.0,0.0,0.0,1.0,0.0,0.0,31.475000381469727,0.887414946815503
2025-10-14,13.6,2025-10-11,14.313541666666667,-0.27792200497527336,-1.1991663765980314,0.7135416666666661,947.5078,1141.1617,0.6678075920759855,0.15,32.16999816894531,-0.48847873687879634,-0.6422835836771699,-1.6053396107568094,-8.346530900078294,3.577808558321232e-05,-10.238174958585535,0.0,0.0,0.0,0.0,0.0,0.0,0.0,0.0,1.0,0.0,0.0,31.801000595092773,0.0920044354191683
2025-10-15,13.8,2025-10-12,13.31875,-0.31674881074226036,0.49360663303196306,0.481250000000001,948.8615,1141.1617,0.6738068532855859,0.12,32.16999816894531,-0.48847873687879634,-0.6422835836771699,-1.6053396107568094,-8.346530900078294,3.577808558321232e-05,-10.238174958585535,0.0,0.0,0.0,0.0,0.0,0.0,0.0,0.0,1.0,0.0,0.0,31.826000213623047,-0.5373314507922817
2025-10-16,13.125,2025-10-13,12.567708333333334,-0.18570834127867858,0.6013419684312542,0.5572916666666661,948.2454,1141.1617,0.6708072226807857,-0.05,31.475000381469727,-0.8771156195220249,-0.6330083315759825,-1.605008202388938,-8.85274194737908,0.0004770158393863,-7.647960859270156,0.0,0.0,0.0,0.0,0.0,0.0,0.0,0.0,1.0,0.0,0.0,32.37799835205078,1.1161349158985479
2025-10-17,12.825,2025-10-14,12.897916666666667,-0.12746813262819773,-0.29153307152179475,0.0729166666666678,947.5837,1141.1617,0.6683075305101192,-0.06,31.801000595092773,0.03932194626758888,-1.6420527286103823,-1.6221148512458556,-8.719659852410347,0.000106175764732,-9.150414669810468,0.0,0.0,0.0,0.0,0.0,0.0,0.0,0.0,1.0,0.0,0.0,31.81599998474121,1.195751909225126
2025-10-20,14.225,2025-10-17,13.929166666666667,-0.39925577299710796,0.2309095138391628,0.2958333333333325,944.4181,1141.3367,0.6538093159202517,-0.05,31.81599998474121,-0.12988574531894767,-1.637045781071748,-1.6194475622570983,-8.480558981481327,0.0003065938488332,-8.089986650979956,0.0,0.0,0.0,0.0,0.0,0.0,0.0,0.0,1.0,0.0,0.0,31.73900032043457,0.07071303033237081
2025-10-21,14.15,2025-10-18,13.614583333333334,-0.38469572083448744,0.5703496116725514,0.5354166666666647,944.8355,1141.3367,0.6553091312226519,0.04,31.81599998474121,-0.12988574531894767,-1.637045781071748,-1.6194475622570983,-8.480558981481327,0.0003065938488332,-8.089986650979956,0.0,0.0,0.0,0.0,0.0,0.0,0.0,0.0,1.0,0.0,0.0,32.20000076293945,-0.2444271588278503
2025-10-22,13.4,2025-10-19,13.326041666666669,-0.23909519920828598,-0.08344153328480151,0.0739583333333335,945.4364,1141.3367,0.658308761827452,0.05,31.81599998474121,-0.12988574531894767,-1.637045781071748,-1.6194475622570983,-8.480558981481327,0.0003065938488332,-8.089986650979956,0.0,0.0,0.0,0.0,0.0,0.0,0.0,0.0,1.0,0.0,0.0,31.76799964904785,-0.42902509017080975
2025-10-23,12.5,2025-10-20,11.702083333333334,-0.06437457325684373,0.9422578927769631,0.7979166666666657,945.3056,1141.3367,0.6573088849591848,-0.01,31.73900032043457,-0.11707016073152954,-1.425754047570433,-1.5768979072587948,-8.17439533881578,5.871358916242873e-06,-12.045424278683084,0.0,0.0,0.0,0.0,0.0,0.0,0.0,0.0,1.0,0.0,0.0,32.45399856567383,0.513446534057064
2025-10-24,10.1,2025-10-21,9.771875,0.40154709594700216,0.2766601357210532,0.3281249999999982,945.19,1141.3208,0.6573088849591848,-0.01,32.20000076293945,-1.516534256044346,-1.8384114957204427,-1.6161089630705077,-8.32667602159143,0.0002079438273009,-8.47824257098015,0.0,0.0,0.0,0.0,0.0,0.0,0.0,0.0,1.0,0.0,0.0,32.01599884033203,0.77461581658438
2025-10-27,10.425,2025-10-24,10.010416666666666,0.33845353657564786,0.3991537362435418,0.4145833333333346,945.7411,1141.3208,0.6593086386957185,0.01,32.01599884033203,0.023712385840680434,-1.4443947295342878,-1.60531320532719,-8.323827605180892,0.000184631469425,-8.597148771416274,0.0,0.0,0.0,0.0,0.0,0.0,0.0,0.0,1.0,0.0,0.0,31.399999618530277,0.47388575061567517
2025-10-28,12.025,2025-10-25,10.471875,0.027839090439751035,2.0122321142083006,1.553124999999998,946.1085,1142.8285,0.6558090696567854,0.03,32.01599884033203,0.023712385840680434,-1.4443947295342878,-1.60531320532719,-8.323827605180892,0.000184631469425,-8.597148771416274,0.0,0.0,0.0,0.0,0.0,0.0,0.0,0.0,1.0,0.0,0.0,31.49399948120117,-0.34544282091934964
2025-10-29,12.3,2025-10-26,11.478125,-0.025547767489856713,0.976201902560304,0.8218750000000004,946.2501,1141.3208,0.6618083308663851,0.01,32.01599884033203,0.023712385840680434,-1.4443947295342878,-1.60531320532719,-8.323827605180892,0.000184631469425,-8.597148771416274,0.0,0.0,0.0,0.0,0.0,0.0,0.0,0.0,1.0,0.0,0.0,31.86899948120117,-0.08306380794107682
2025-10-30,11.15,2025-10-27,11.714583333333334,0.1977063656703195,-0.9881231853364024,0.5645833333333332,945.6729,1141.3208,0.6593086386957185,-0.05,31.399999618530277,-0.2965079991851944,-1.5350122045133292,-1.5971990977492292,-8.315275244198629,0.0003774417773768,-7.882094230634959,0.0,0.0,0.0,0.0,0.0,0.0,0.0,0.0,1.0,0.0,0.0,31.04800033569336,0.5471611363116445
2025-10-31,12.05,2025-10-28,13.358333333333333,0.022985739718877227,-2.0418633151322294,1.3083333333333318,945.6908,1141.7058,0.6578088233933185,0.0,31.49399948120117,-0.04351623185073279,-1.2854311094891313,-1.5857005152894617,-7.902118488246307,8.935043188794087e-06,-11.625529463780994,0.0,0.0,0.0,0.0,0.0,0.0,0.0,0.0,1.0,0.0,0.0,31.121999740600582,-0.0026419020078616282
2025-11-03,11.125,2025-10-31,10.597916666666666,0.20255971639119294,0.5585429995740019,0.5270833333333336,945.82,1141.9858,0.6573088849591848,0.02,31.121999740600582,0.1653728341545942,-1.2950890175145737,-1.5898611617142349,-7.965816649213041,5.667024890507848e-06,-12.080846112142822,0.0,0.0,0.0,0.0,0.0,0.0,0.0,0.0,1.0,0.0,0.0,31.74099922180176,0.4761073392399844
2025-11-04,13.3,2025-11-01,12.664583333333333,-0.21968179632479248,0.7120289568551884,0.6354166666666679,945.6996,1141.9695,0.656808946525052,-0.01,31.121999740600582,0.1653728341545942,-1.2950890175145737,-1.5898611617142349,-7.965816649213041,5.667024890507848e-06,-12.080846112142822,0.0,0.0,0.0,0.0,0.0,0.0,0.0,0.0,1.0,0.0,0.0,32.55099868774414,-1.0593940884246262
2025-11-05,13.625,2025-11-02,13.436458333333333,-0.2827753556961465,0.0788993830702991,0.1885416666666675,946.7112,1141.9695,0.6613083924322523,0.09,31.121999740600582,0.1653728341545942,-1.2950890175145737,-1.5898611617142349,-7.965816649213041,5.667024890507848e-06,-12.080846112142822,0.0,0.0,0.0,0.0,0.0,0.0,0.0,0.0,1.0,0.0,0.0,31.819000244140625,-1.1779331926433032
2025-11-06,11.925,2025-11-03,12.151041666666668,0.047252493323244195,-0.5084795688326996,0.2260416666666671,948.0577,1141.9695,0.667307653641852,0.12,31.74099922180176,-1.5290667717310715,-1.4072465815897617,-1.5898893119559667,-8.205884658562976,0.0003878630816374,-7.854858160418145,0.0,0.0,0.0,0.0,0.0,0.0,0.0,0.0,0.0,1.0,0.0,31.54800033569336,1.744010996896139
2025-11-07,11.375,2025-11-04,11.460416666666667,0.15402620918245902,-0.3092429896696228,0.0854166666666671,948.0877,1141.9695,0.667307653641852,0.0,32.55099868774414,-0.033879901827755465,-1.4002747948667802,-1.5391300294155215,-8.8302305575556,0.0006349822310227,-7.361913540529592,0.0,0.0,0.0,0.0,0.0,0.0,0.0,0.0,0.0,1.0,0.0,31.201000213623047,-0.3665372237699644
2025-11-10,9.55,2025-11-07,10.172916666666666,0.5083208118062167,-1.070769470026269,0.622916666666665,944.2237,1141.9695,0.6503097468813187,-0.15,31.201000213623047,-0.6240294091086286,-1.172119743547099,-1.7616602394415473,-8.572103280714078,0.0001223247888629,-9.00883083864943,0.0,0.0,0.0,0.0,0.0,0.0,0.0,0.0,0.0,1.0,0.0,31.07099914550781,-0.49439838680066595
2025-11-11,10.75,2025-11-08,10.834375,0.27535997720429384,-0.3077671631573025,0.0843749999999996,943.4301,1141.9695,0.6468101778423849,-0.07,31.201000213623047,-0.6240294091086286,-1.172119743547099,-1.7616602394415473,-8.572103280714078,0.0001223247888629,-9.00883083864943,0.0,0.0,0.0,0.0,0.0,0.0,0.0,0.0,0.0,1.0,0.0,31.101999282836918,-1.0644891752813068
2025-11-12,12.275,2025-11-09,12.452083333333334,-0.020694416768982905,-0.4391157227537053,0.1770833333333357,942.7029,1141.9695,0.6438105472375847,-0.06,31.201000213623047,-0.6240294091086286,-1.172119743547099,-1.7616602394415473,-8.572103280714078,0.0001223247888629,-9.00883083864943,0.0,0.0,0.0,0.0,0.0,0.0,0.0,0.0,0.0,1.0,0.0,30.933000564575195,-1.7079430372040538
2025-11-13,13.775,2025-11-10,13.621875,-0.3118954600213869,0.02872128165145037,0.153125000000001,940.8306,1141.9695,0.6358115322914514,-0.16,31.07099914550781,-0.44216426430787653,-1.11540015056619,-1.7876106892333383,-8.560221919300872,1.7432893409378977e-05,-10.957151653160736,0.0,0.0,0.0,0.0,0.0,0.0,0.0,0.0,0.0,1.0,0.0,30.45800018310547,-0.3974788797221875
2025-11-14,13.7,2025-11-11,12.439583333333331,-0.2973354078587665,1.5975248642466386,1.260416666666666,939.863,1141.9695,0.6313120863842511,-0.08,31.101999282836918,-1.1314950748767434,-1.3111008423014552,-1.8033192041032329,-8.484348845193756,9.94451651763456e-07,-13.821073349877832,0.0,0.0,0.0,0.0,0.0,0.0,0.0,0.0,0.0,1.0,0.0,31.25,-0.4094804796753764
2025-11-17,7.0,2025-11-14,6.961458333333333,1.003362585335303,-0.13361963470365013,0.0385416666666671,936.8021,1141.9695,0.6178137486626509,-0.08,31.25,-0.20449069919412782,-2.291873573481836,-1.8669515684565718,-7.977120285473572,0.0006589840550807,-7.324811217865532,0.0,0.0,0.0,0.0,0.0,0.0,0.0,0.0,0.0,1.0,0.0,31.417999267578125,-0.7770907540161957
2025-11-18,5.425,2025-11-15,5.716666666666667,1.3091236807503266,-0.601456639108802,0.2916666666666669,936.1688,1141.9695,0.6153140564919843,-0.06,31.25,-0.20449069919412782,-2.291873573481836,-1.8669515684565718,-7.977120285473572,0.0006589840550807,-7.324811217865532,0.0,0.0,0.0,0.0,0.0,0.0,0.0,0.0,0.0,1.0,0.0,31.694000244140625,-0.8680432684418914
2025-11-19,5.375,2025-11-16,4.378125000000001,1.3188303821920737,1.224140756629909,0.9968749999999992,935.1818,1141.9695,0.610814610584784,-0.09,31.25,-0.20449069919412782,-2.291873573481836,-1.8669515684565718,-7.977120285473572,0.0006589840550807,-7.324811217865532,0.0,0.0,0.0,0.0,0.0,0.0,0.0,0.0,0.0,1.0,0.0,30.940000534057617,-0.8134221922837676
2025-11-20,3.675,2025-11-17,3.7125,1.6488582312114644,-0.24135497010294416,0.0375,932.1093,1141.9695,0.5973162728631839,-0.27,31.417999267578125,0.15365476177998777,-1.6096380687956267,-1.7503113078251227,-7.86809704762052,2.874651418028229e-05,-10.456994009188191,0.0,0.0,0.0,0.0,0.0,0.0,0.0,0.0,0.0,1.0,0.0,31.15900039672852,-0.2890492218021078
2025-11-21,2.4,2025-11-18,3.298958333333333,1.8963791179760072,-1.4618634957908299,0.8989583333333333,926.8668,1141.9695,0.5743191048930495,-0.46,31.694000244140625,-0.9545354737864641,-1.599952519048214,-1.7958390937122901,-7.830873219790738,7.650025567281142e-05,-9.478216461937263,0.0,0.0,0.0,0.0,0.0,0.0,0.0,0.0,0.0,1.0,0.0,30.197999954223636,-0.7869877237704683
2025-11-24,5.65,2025-11-21,5.520833333333333,1.2654435242624662,-0.005222728131889202,0.1291666666666673,908.2727,1141.9695,0.4933290785634479,-0.6,30.197999954223636,-0.7604831123467412,-1.2942600945369027,-1.763952913295117,-8.366581544501745,0.0009814088282333,-6.926521437779433,0.0,0.0,0.0,0.0,0.0,0.0,0.0,0.0,0.0,1.0,0.0,29.746999740600582,0.5449271185241692
2025-11-25,5.675,2025-11-22,5.755208333333333,1.2605901735415928,-0.3018638571080266,0.0802083333333332,902.917,1141.9695,0.46983197215918,-0.47,30.197999954223636,-0.7604831123467412,-1.2942600945369027,-1.763952913295117,-8.366581544501745,0.0009814088282333,-6.926521437779433,0.0,0.0,0.0,0.0,0.0,0.0,0.0,0.0,0.0,1.0,0.0,29.38599967956543,-1.4842052360303257
2025-11-26,4.875,2025-11-23,4.95,1.4158973966095414,-0.2944847245464315,0.0750000000000001,897.9167,1141.9695,0.44783468105731283,-0.44,30.197999954223636,-0.7604831123467412,-1.2942600945369027,-1.763952913295117,-8.366581544501745,0.0009814088282333,-6.926521437779433,0.0,0.0,0.0,0.0,0.0,0.0,0.0,0.0,0.0,1.0,0.0,29.368000030517575,-0.2679449999125918
2025-11-28,8.125,2025-11-25,6.117708333333333,0.7849618028960003,2.655692473579426,2.007291666666667,885.2277,1141.9695,0.39234151486851143,-0.56,29.38599967956543,-0.22431319345160763,-1.0357402505256346,-1.6725489581537138,-8.6710839157494,0.000149082104921,-8.811013357339244,0.0,0.0,0.0,0.0,0.0,0.0,0.0,0.0,0.0,1.0,0.0,28.816999435424805,0.9544976262555933
2025-12-01,5.65,2025-11-28,5.016666666666667,1.2654435242624662,0.7090773038305479,0.6333333333333329,867.2126,1141.9695,0.3133512422754428,-0.46,28.816999435424805,-2.489435642919948,-1.286498793668414,-1.7379181626026294,-7.739306102169654,0.0003587302688482,-7.932939789341553,0.0,0.0,0.0,0.0,0.0,0.0,0.0,0.0,0.0,1.0,0.0,28.226999282836918,0.3552416821140605
2025-12-02,6.775,2025-11-29,5.340624999999999,1.0470427418231634,1.8439878918039287,1.434375000000001,863.5209,1141.9695,0.297353212383176,-0.32,28.816999435424805,-2.489435642919948,-1.286498793668414,-1.7379181626026294,-7.739306102169654,0.0003587302688482,-7.932939789341553,0.0,0.0,0.0,0.0,0.0,0.0,0.0,0.0,0.0,1.0,0.0,28.049999237060547,-0.5905147213553509
2025-12-03,6.0,2025-11-30,6.192708333333333,1.1974966141702388,-0.46125312043848776,0.192708333333333,858.8652,1141.9695,0.2768557365837083,-0.41,28.816999435424805,-2.489435642919948,-1.286498793668414,-1.7379181626026294,-7.739306102169654,0.0003587302688482,-7.932939789341553,0.0,0.0,0.0,0.0,0.0,0.0,0.0,0.0,0.0,1.0,0.0,28.20599937438965,-0.8556582288050283
2025-12-04,5.4750000000000005,2025-12-01,5.671875,1.2994169793085801,-0.4671564264877638,0.1968749999999994,854.0887,1141.9695,0.25585832235010836,-0.42,28.226999282836918,-0.06150577953507304,-1.1246672706105392,-1.6822068863161508,-7.843286121779824,0.0004279325191706,-7.756545037965284,0.0,0.0,0.0,0.0,0.0,0.0,0.0,0.0,0.0,0.0,1.0,27.08799934387207,0.3322136743496951
2025-12-05,4.85,2025-12-02,5.185416666666667,1.420750747330415,-0.663441352626204,0.3354166666666671,848.0658,1141.9695,0.22936158534104098,-0.53,28.049999237060547,0.0009040330792815228,-1.442099103265411,-1.6387650325819618,-7.625462000927911,3.956833348843896e-05,-10.137481393712074,0.0,0.0,0.0,0.0,0.0,0.0,0.0,0.0,0.0,0.0,1.0,27.266000747680664,-0.3184572433112654
2025-12-08,13.025,2025-12-05,12.35625,-0.16629493839518508,0.759255405249399,0.6687500000000011,829.1842,1142.6223,0.14487198997250483,-0.51,27.266000747680664,0.4753126951425014,-0.8203103872977014,-1.5500974871881368,-7.450866101141777,4.289897639463875e-05,-10.056662569269216,0.0,0.0,0.0,0.0,0.0,0.0,0.0,0.0,0.0,0.0,1.0,26.871000289916992,0.3378565144271058
2025-12-09,11.9,2025-12-06,11.813541666666667,0.05210584404411766,-0.06573161513697344,0.0864583333333328,825.7073,1142.6223,0.1293738985143717,-0.3,27.266000747680664,0.4753126951425014,-0.8203103872977014,-1.5500974871881368,-7.450866101141777,4.289897639463875e-05,-10.056662569269216,0.0,0.0,0.0,0.0,0.0,0.0,0.0,0.0,0.0,0.0,1.0,27.48900032043457,-0.7682444214243536
2025-12-10,11.25,2025-12-07,11.116666666666667,0.178292962786826,0.000680577917385517,0.1333333333333328,823.0926,1142.6223,0.11837525296343814,-0.23,27.266000747680664,0.4753126951425014,-0.8203103872977014,-1.5500974871881368,-7.450866101141777,4.289897639463875e-05,-10.056662569269216,0.0,0.0,0.0,0.0,0.0,0.0,0.0,0.0,0.0,0.0,1.0,26.601999282836918,-1.4444296766494267
2025-12-11,8.525,2025-12-08,8.931249999999999,0.7073081913620258,-0.7637975554638987,0.4062499999999982,820.2888,1142.6223,0.10587679211010448,-0.25,26.871000289916992,-0.8128951474499784,-0.9307513468302908,-1.6329968931277994,-7.4947090210374,0.0002129522411184,-8.454442632801388,0.0,0.0,0.0,0.0,0.0,0.0,0.0,0.0,0.0,0.0,1.0,26.80500030517578,-0.3082853404677585
2025-12-12,8.375,2025-12-09,8.171875,0.7364282956872663,0.09956095424276516,0.203125,817.2467,1142.6223,0.09237845438850362,-0.27,27.48900032043457,-0.24601747551380077,-1.015514667938582,-1.6787029419051418,-7.466969661113598,0.0005170297119582,-7.56741021323448,0.0,0.0,0.0,0.0,0.0,0.0,0.0,0.0,0.0,0.0,1.0,27.68400001525879,-0.4086037265056395
2025-12-15,7.0,2025-12-12,7.305208333333333,1.003362585335303,-0.620642383768949,0.3052083333333328,804.3106,1142.6223,0.035885411331435704,-0.45,27.68400001525879,-0.7074624415978233,-1.0388669550223875,-1.4803325338597042,-8.039983350054023,0.0010411064276942,-6.86747125759698,0.0,0.0,0.0,0.0,0.0,0.0,0.0,0.0,0.0,0.0,1.0,27.424999237060547,0.7451698861275656
2025-12-16,8.325,2025-12-13,8.664583333333333,0.7461349971290132,-0.6693446586754799,0.3395833333333335,800.2998,1142.6223,0.018387566136768868,-0.35,27.68400001525879,-0.7074624415978233,-1.0388669550223875,-1.4803325338597042,-8.039983350054023,0.0010411064276942,-6.86747125759698,0.0,0.0,0.0,0.0,0.0,0.0,0.0,0.0,0.0,0.0,1.0,26.763999938964844,-0.8841812938967594
2025-12-17,7.575,2025-12-14,7.879166666666666,0.8917355187552151,-0.6191665572566301,0.3041666666666662,796.7007,1142.6223,0.002889474678635016,-0.31,27.68400001525879,-0.7074624415978233,-1.0388669550223875,-1.4803325338597042,-8.039983350054023,0.0010411064276942,-6.86747125759698,0.0,0.0,0.0,0.0,0.0,0.0,0.0,0.0,0.0,0.0,1.0,27.35700035095215,0.9083804592440854
2025-12-18,9.525,2025-12-15,9.49375,0.5131741625270901,-0.14395042028988195,0.0312500000000017,791.2735,1142.6223,-0.021107570159765807,-0.47,27.424999237060547,0.315465138782263,-0.6956183614811481,-1.3595063286051305,-7.923110066291123,8.835344246779576e-05,-9.334165384657624,0.0,0.0,0.0,0.0,0.0,0.0,0.0,0.0,0.0,0.0,1.0,27.652000427246094,1.1840677500991994
2025-12-19,9.7,2025-12-16,8.727083333333333,0.47920070748097654,1.1901967468465708,0.9729166666666664,784.2598,1142.6223,-0.051603814641899906,-0.61,26.763999938964844,-0.5572701157854905,-0.7313586076493094,-1.3531412858098197,-8.319343254136948,0.0005952272568622,-7.426567279354504,0.0,0.0,0.0,0.0,0.0,0.0,0.0,0.0,0.0,0.0,1.0,28.160999298095703,0.25353408850910425
2025-12-22,6.574999999999999,2025-12-19,6.758333333333333,1.0858695475901508,-0.44797068182761673,0.1833333333333335,771.4063,1142.6223,-0.10809685769896782,-0.34,28.160999298095703,-0.46389109372303594,-0.8788462213667583,-1.3251023019639239,-8.87343056702661,0.0003326955412336,-8.008282773786307,0.0,0.0,0.0,0.0,0.0,0.0,0.0,0.0,0.0,0.0,1.0,27.687000274658203,-0.47826123138721965
2025-12-23,4.6,2025-12-20,4.539583333333334,1.469284254539149,-0.10262727794495098,0.0604166666666659,767.4224,1142.6223,-0.12559470289363536,-0.35,28.160999298095703,-0.46389109372303594,-0.8788462213667583,-1.3251023019639239,-8.87343056702661,0.0003326955412336,-8.008282773786307,0.0,0.0,0.0,0.0,0.0,0.0,0.0,0.0,0.0,0.0,1.0,27.73200035095215,-0.3914146910134459
2025-12-24,1.875,2025-12-21,1.5875,1.998299483114349,0.21910290174061142,0.2875000000000001,764.2556,1142.6223,-0.13909304061523553,-0.28,28.160999298095703,-0.46389109372303594,-0.8788462213667583,-1.3251023019639239,-8.87343056702661,0.0003326955412336,-8.008282773786307,0.0,0.0,0.0,0.0,0.0,0.0,0.0,0.0,0.0,0.0,1.0,28.09499931335449,-0.2679449999125918
