date,realised_temp,issue_date,forecast_temp,HDD,forecast_error,abs_forecast_error,gasInStorage,workingGasVolume,full,trend,issue_date_price,log_vol_lag1,log_vol_lag5,log_vol_lag22,future_log_vol_5d,daily_rv,log_daily_rv,month_2,month_3,month_4,month_5,month_6,month_7,month_8,month_9,month_10,month_11,month_12,actual_date_price,GPRD
2022-02-07,6.075,2022-02-04,5.53125,11.925,0.5437500000000002,0.5437500000000002,402.0459,1116.6739,36.0,-0.34,82.6520004272461,-6.6232560359080175,-5.532457563496262,-5.307781318069048,-6.837862088397115,0.0008897558833757,-7.024563420080022,1.0,0.0,0.0,0.0,0.0,0.0,0.0,0.0,0.0,0.0,0.0,79.59500122070312,92.57479858398438
2022-02-08,8.299999999999999,2022-02-05,7.300000000000001,9.7,0.9999999999999982,0.9999999999999982,399.3311,1116.6739,35.76,-0.24,82.6520004272461,-6.6232560359080175,-5.532457563496262,-5.307781318069048,-6.837862088397115,0.0008897558833757,-7.024563420080022,1.0,0.0,0.0,0.0,0.0,0.0,0.0,0.0,0.0,0.0,0.0,77.30000305175781,47.5650749206543
2022-02-09,8.525,2022-02-06,7.887499999999999,9.475,0.6375000000000011,0.6375000000000011,396.8214,1116.6739,35.54,-0.22,82.6520004272461,-6.6232560359080175,-5.532457563496262,-5.307781318069048,-6.837862088397115,0.0008897558833757,-7.024563420080022,1.0,0.0,0.0,0.0,0.0,0.0,0.0,0.0,0.0,0.0,0.0,74.41699981689453,78.2496337890625
2022-02-10,6.65,2022-02-07,6.015625,11.35,0.6343750000000004,0.6343750000000004,392.4174,1116.6749,35.14,-0.39,79.59500122070312,-7.024563420080022,-5.488785360570392,-5.391692583309911,-6.771390325376466,0.001420365401619,-6.556841114683529,1.0,0.0,0.0,0.0,0.0,0.0,0.0,0.0,0.0,0.0,0.0,74.35299682617188,195.15126037597656
2022-02-11,5.1,2022-02-08,4.35625,12.9,0.7437499999999995,0.7437499999999995,388.3226,1116.6749,34.77,-0.37,77.30000305175781,-6.556841114683529,-5.803639381331681,-5.3870306736415765,-5.435501937141539,0.0008559894318861,-7.063252526657879,1.0,0.0,0.0,0.0,0.0,0.0,0.0,0.0,0.0,0.0,0.0,77.4260025024414,158.38780212402344
2022-02-14,8.75,2022-02-11,8.314583333333333,9.25,0.4354166666666668,0.4354166666666668,375.1295,1116.6749,33.59,-0.42,77.4260025024414,-14.116158031311215,-6.988622708393357,-5.495600924752363,-5.330237315361621,0.0016401442738304,-6.412971068557784,1.0,0.0,0.0,0.0,0.0,0.0,0.0,0.0,0.0,0.0,0.0,80.77100372314453,179.2779541015625
2022-02-15,7.5,2022-02-12,6.8125,10.5,0.6875,0.6875,371.3088,1116.6749,33.25,-0.34,77.4260025024414,-14.116158031311215,-6.988622708393357,-5.495600924752363,-5.330237315361621,0.0016401442738304,-6.412971068557784,1.0,0.0,0.0,0.0,0.0,0.0,0.0,0.0,0.0,0.0,0.0,70.91899871826172,131.98764038085938
2022-02-16,10.775,2022-02-13,10.008333333333333,7.225,0.7666666666666675,0.7666666666666675,368.3807,1116.6749,32.99,-0.26,77.4260025024414,-14.116158031311215,-6.988622708393357,-5.495600924752363,-5.330237315361621,0.0016401442738304,-6.412971068557784,1.0,0.0,0.0,0.0,0.0,0.0,0.0,0.0,0.0,0.0,0.0,69.79499816894531,118.00495147705078
2022-02-17,10.475,2022-02-14,9.16875,7.525,1.3062500000000004,1.3062500000000004,364.4237,1116.6725,32.63,-0.35,80.77100372314453,-6.412971068557784,-6.837862088397115,-5.53549629886973,-5.163977233095225,0.0017888976878149,-6.326155665126735,1.0,0.0,0.0,0.0,0.0,0.0,0.0,0.0,0.0,0.0,0.0,74.91400146484375,191.8865509033203
2022-02-18,9.3,2022-02-15,8.529166666666667,8.7,0.7708333333333339,0.7708333333333339,360.3072,1116.6725,32.27,-0.37,70.91899871826172,-6.326155665126735,-6.771390325376466,-5.539888393951094,-5.36688442502232,0.0169207215017247,-4.079216283708195,1.0,0.0,0.0,0.0,0.0,0.0,0.0,0.0,0.0,0.0,0.0,73.76200103759766,229.06053161621094
2022-02-22,7.75,2022-02-19,7.731249999999999,10.25,0.0187500000000007,0.0187500000000007,349.2588,1116.6725,31.28,-0.22,73.76200103759766,-5.29640110181547,-5.274031196371157,-5.606613967291486,-2.766845004421275,0.0002401601264817,-8.3342046592591,1.0,0.0,0.0,0.0,0.0,0.0,0.0,0.0,0.0,0.0,0.0,79.78900146484375,140.16024780273438
2022-02-23,8.25,2022-02-20,7.373958333333332,9.75,0.8760416666666675,0.8760416666666675,347.3623,1116.6725,31.11,-0.17,73.76200103759766,-5.29640110181547,-5.274031196371157,-5.606613967291486,-2.766845004421275,0.0002401601264817,-8.3342046592591,1.0,0.0,0.0,0.0,0.0,0.0,0.0,0.0,0.0,0.0,0.0,88.89099884033203,83.27684020996094
2022-02-24,7.375,2022-02-21,6.705208333333333,10.625,0.6697916666666668,0.6697916666666668,343.7363,1116.6725,30.78,-0.32,73.76200103759766,-5.29640110181547,-5.274031196371157,-5.606613967291486,-2.766845004421275,0.0002401601264817,-8.3342046592591,1.0,0.0,0.0,0.0,0.0,0.0,0.0,0.0,0.0,0.0,0.0,134.3159942626953,152.3668212890625
2022-02-25,5.45,2022-02-22,4.7125,12.55,0.7374999999999998,0.7374999999999998,340.0494,1116.6725,30.45,-0.33,79.78900146484375,-8.3342046592591,-5.330237315361621,-5.619315704326258,-2.6525177885788978,0.0061688396042246,-5.088244529218321,1.0,0.0,0.0,0.0,0.0,0.0,0.0,0.0,0.0,0.0,0.0,94.4219970703125,279.43438720703125
2022-02-28,5.625,2022-02-25,5.677083333333333,12.375,-0.052083333333333,0.052083333333333,331.4167,1116.6725,29.68,-0.25,94.4219970703125,-1.7696601825404876,-3.2520246315619614,-4.522771997738954,-3.357243898962723,0.1242006487548793,-2.085856886019112,1.0,0.0,0.0,0.0,0.0,0.0,0.0,0.0,0.0,0.0,0.0,98.59500122070312,515.8916625976562
2022-03-01,5.875,2022-02-26,5.919791666666667,12.125,-0.0447916666666667,0.0447916666666667,329.5142,1116.6725,29.51,-0.17,94.4219970703125,-1.7696601825404876,-3.2520246315619614,-4.522771997738954,-3.357243898962723,0.1242006487548793,-2.085856886019112,1.0,0.0,0.0,0.0,0.0,0.0,0.0,0.0,0.0,0.0,0.0,121.67400360107422,398.5916748046875
2022-03-02,7.15,2022-02-27,6.332291666666666,10.85,0.817708333333333,0.817708333333333,327.7781,1116.6725,29.35,-0.16,94.4219970703125,-1.7696601825404876,-3.2520246315619614,-4.522771997738954,-3.357243898962723,0.1242006487548793,-2.085856886019112,1.0,0.0,0.0,0.0,0.0,0.0,0.0,0.0,0.0,0.0,0.0,165.54299926757812,202.09298706054688
2022-03-03,7.25,2022-02-28,6.538541666666667,10.75,0.7114583333333329,0.7114583333333329,323.9264,1116.671,29.01,-0.34,98.59500122070312,-2.085856886019112,-2.772044943511009,-4.10423757288804,-3.2205334960675374,0.0018702594980524,-6.281678088196493,1.0,0.0,0.0,0.0,0.0,0.0,0.0,0.0,0.0,0.0,0.0,160.822998046875,452.6180725097656
2022-03-04,6.55,2022-03-01,5.398958333333334,11.45,1.151041666666666,1.151041666666666,320.018,1116.671,28.66,-0.35,121.67400360107422,-6.281678088196493,-2.766845004421275,-4.100070722353202,-3.4500988782178874,0.0442365231364292,-3.118204515782589,0.0,1.0,0.0,0.0,0.0,0.0,0.0,0.0,0.0,0.0,0.0,192.5500030517578,540.827392578125
2022-03-07,3.0,2022-03-04,4.127083333333333,15.0,-1.1270833333333332,1.1270833333333332,309.9788,1116.671,27.76,-0.27,192.5500030517578,-7.085986955496668,-2.93393101534133,-3.789391372448916,-3.334936051439157,0.0324185451414332,-3.4290246389920456,0.0,1.0,0.0,0.0,0.0,0.0,0.0,0.0,0.0,0.0,0.0,227.2010040283203,350.0732116699219
2022-03-08,5.125,2022-03-05,5.051041666666666,12.875,0.0739583333333335,0.0739583333333335,307.9094,1116.671,27.57,-0.19,192.5500030517578,-7.085986955496668,-2.93393101534133,-3.789391372448916,-3.334936051439157,0.0324185451414332,-3.4290246389920456,0.0,1.0,0.0,0.0,0.0,0.0,0.0,0.0,0.0,0.0,0.0,214.5540008544922,322.3639831542969
2022-03-09,7.7,2022-03-06,7.305208333333333,10.3,0.3947916666666673,0.3947916666666673,305.5945,1116.671,27.37,-0.21,192.5500030517578,-7.085986955496668,-2.93393101534133,-3.789391372448916,-3.334936051439157,0.0324185451414332,-3.4290246389920456,0.0,1.0,0.0,0.0,0.0,0.0,0.0,0.0,0.0,0.0,0.0,155.8800048828125,197.62477111816406
2022-03-10,9.7,2022-03-07,9.38125,8.3,0.3187499999999996,0.3187499999999996,301.3755,1116.671,26.99,-0.38,227.2010040283203,-3.4290246389920456,-3.357243898962723,-3.7476286068714826,-3.3858452067458757,0.0273833755170038,-3.597819182644583,0.0,1.0,0.0,0.0,0.0,0.0,0.0,0.0,0.0,0.0,0.0,126.39900207519533,362.3121032714844
2022-03-11,9.825,2022-03-08,9.351041666666667,8.175,0.4739583333333321,0.4739583333333321,297.842,1116.671,26.67,-0.32,214.5540008544922,-3.597819182644583,-3.2205334960675374,-3.696610644586485,-3.40503409838725,0.0032802706471841,-5.71982934529996,0.0,1.0,0.0,0.0,0.0,0.0,0.0,0.0,0.0,0.0,0.0,131.22900390625,352.1051025390625
2022-03-14,9.675,2022-03-11,8.920833333333334,8.325,0.7541666666666664,0.7541666666666664,292.9763,1116.671,26.24,-0.1,131.22900390625,-3.124699104450559,-3.17439689697408,-3.460050725352411,-5.020080812427804,0.0014062748798723,-6.566810999103303,0.0,1.0,0.0,0.0,0.0,0.0,0.0,0.0,0.0,0.0,0.0,114.52200317382812,410.3309631347656
2022-03-15,9.025,2022-03-12,8.600000000000001,8.975,0.4249999999999989,0.4249999999999989,292.9924,1116.671,26.24,0.0,131.22900390625,-3.124699104450559,-3.17439689697408,-3.460050725352411,-5.020080812427804,0.0014062748798723,-6.566810999103303,0.0,1.0,0.0,0.0,0.0,0.0,0.0,0.0,0.0,0.0,0.0,115.43900299072266,298.70550537109375
2022-03-16,10.775,2022-03-13,11.35,7.225,-0.5750000000000011,0.5750000000000011,292.9607,1116.671,26.24,-0.0,131.22900390625,-3.124699104450559,-3.17439689697408,-3.460050725352411,-5.020080812427804,0.0014062748798723,-6.566810999103303,0.0,1.0,0.0,0.0,0.0,0.0,0.0,0.0,0.0,0.0,0.0,102.6230010986328,181.01463317871094
2022-03-17,9.2,2022-03-14,9.326041666666669,8.8,-0.1260416666666675,0.1260416666666675,290.9945,1116.67,26.06,-0.18,114.52200317382812,-6.566810999103303,-3.334936051439157,-3.459255164289678,-5.424982807806083,0.0185441607437725,-3.98760032413216,0.0,1.0,0.0,0.0,0.0,0.0,0.0,0.0,0.0,0.0,0.0,105.08799743652344,350.1087951660156
2022-03-18,9.2,2022-03-15,8.31875,8.8,0.8812499999999996,0.8812499999999996,289.226,1116.6785,25.9,-0.16,115.43900299072266,-3.98760032413216,-3.3858452067458757,-3.4348443142925777,-5.399654617723604,6.360550319863491e-05,-9.66281054735922,0.0,1.0,0.0,0.0,0.0,0.0,0.0,0.0,0.0,0.0,0.0,105.04399871826172,311.88226318359375
2022-03-21,10.825,2022-03-18,10.417708333333334,7.175000000000001,0.4072916666666657,0.4072916666666657,286.4804,1116.6785,25.65,-0.06,105.04399871826172,-7.481526463888197,-4.978379224260592,-3.4193864566429157,-4.633012892684399,1.753701534573483e-07,-15.55636123200824,0.0,1.0,0.0,0.0,0.0,0.0,0.0,0.0,0.0,0.0,0.0,96.302001953125,285.3160400390625
2022-03-22,12.775,2022-03-19,11.635416666666666,5.225,1.1395833333333345,1.1395833333333345,285.4293,1116.6785,25.56,-0.09,105.04399871826172,-7.481526463888197,-4.978379224260592,-3.4193864566429157,-4.633012892684399,1.753701534573483e-07,-15.55636123200824,0.0,1.0,0.0,0.0,0.0,0.0,0.0,0.0,0.0,0.0,0.0,98.74700164794922,175.8885498046875
2022-03-23,13.0,2022-03-20,11.75,5.0,1.25,1.25,287.6582,1116.6785,25.76,0.2,105.04399871826172,-7.481526463888197,-4.978379224260592,-3.4193864566429157,-4.633012892684399,1.753701534573483e-07,-15.55636123200824,0.0,1.0,0.0,0.0,0.0,0.0,0.0,0.0,0.0,0.0,0.0,117.0009994506836,130.75924682617188
2022-03-24,13.175,2022-03-21,12.0,4.824999999999999,1.1750000000000007,1.1750000000000007,287.0232,1116.6766,25.7,-0.06,96.302001953125,-15.55636123200824,-5.020080812427804,-3.4431639102480585,-4.797931328969421,0.0075499052046166,-4.886220271347493,0.0,1.0,0.0,0.0,0.0,0.0,0.0,0.0,0.0,0.0,0.0,111.60800170898438,227.73902893066406
2022-03-25,12.225,2022-03-22,11.830208333333331,5.775,0.3947916666666664,0.3947916666666664,287.0366,1116.6766,25.7,0.0,98.74700164794922,-4.886220271347493,-5.424982807806083,-3.432843730587791,-4.740552792409228,0.0006286018223441,-7.372012532962021,0.0,1.0,0.0,0.0,0.0,0.0,0.0,0.0,0.0,0.0,0.0,101.2689971923828,244.8419647216797
2022-03-28,13.25,2022-03-25,13.458333333333334,4.75,-0.2083333333333339,0.2083333333333339,290.2077,1116.6766,25.99,0.12,101.2689971923828,-6.107157997793529,-4.849103738803634,-3.404797907910807,-5.167037749486044,0.0094502569936379,-4.661713342646485,0.0,1.0,0.0,0.0,0.0,0.0,0.0,0.0,0.0,0.0,0.0,102.54499816894533,350.7424621582031
2022-03-29,11.65,2022-03-26,12.189583333333331,6.35,-0.5395833333333329,0.5395833333333329,292.6377,1115.6069,26.23,0.22,101.2689971923828,-6.107157997793529,-4.849103738803634,-3.404797907910807,-5.167037749486044,0.0094502569936379,-4.661713342646485,0.0,1.0,0.0,0.0,0.0,0.0,0.0,0.0,0.0,0.0,0.0,108.38099670410156,275.0921325683594
2022-03-30,8.825,2022-03-27,6.634375,9.175,2.190624999999999,2.190624999999999,295.2473,1116.6766,26.44,0.23,101.2689971923828,-6.107157997793529,-4.849103738803634,-3.404797907910807,-5.167037749486044,0.0094502569936379,-4.661713342646485,0.0,1.0,0.0,0.0,0.0,0.0,0.0,0.0,0.0,0.0,0.0,118.97000122070312,189.28958129882812
2022-03-31,5.025,2022-03-28,5.129166666666666,12.975,-0.104166666666666,0.104166666666666,296.4385,1116.6859,26.55,0.11,102.54499816894533,-4.661713342646485,-4.633012892684399,-3.407839613919202,-5.152929673625945,0.0001567853024735,-8.760633182287828,0.0,1.0,0.0,0.0,0.0,0.0,0.0,0.0,0.0,0.0,0.0,125.90599822998048,281.920654296875
2022-04-01,2.25,2022-03-29,1.3979166666666667,15.75,0.8520833333333333,0.8520833333333333,297.5422,1116.6859,26.65,0.1,108.38099670410156,-8.760633182287828,-4.797931328969421,-3.6740008572001694,-5.261954446653969,0.0030637395896299,-5.788119020718928,0.0,1.0,0.0,0.0,0.0,0.0,0.0,0.0,0.0,0.0,0.0,112.1500015258789,233.35958862304688
2022-04-04,5.725,2022-04-01,6.225,12.275,-0.5,0.5,293.897,1107.3653,26.54,0.01,112.1500015258789,-5.741224898836035,-5.315613160514831,-4.00010621745816,-8.182689596503113,0.0133860985099536,-4.313538535078292,0.0,0.0,1.0,0.0,0.0,0.0,0.0,0.0,0.0,0.0,0.0,109.52300262451172,188.15780639648438
2022-04-05,9.225,2022-04-02,9.370833333333334,8.775,-0.1458333333333339,0.1458333333333339,293.4023,1107.1829,26.5,-0.04,112.1500015258789,-5.741224898836035,-5.315613160514831,-4.00010621745816,-8.182689596503113,0.0133860985099536,-4.313538535078292,0.0,0.0,1.0,0.0,0.0,0.0,0.0,0.0,0.0,0.0,0.0,108.56400299072266,188.15780639648438
2022-04-06,10.325,2022-04-03,9.817708333333332,7.675000000000001,0.5072916666666671,0.5072916666666671,292.7519,1106.8083,26.45,-0.06,112.1500015258789,-5.741224898836035,-5.315613160514831,-4.00010621745816,-8.182689596503113,0.0133860985099536,-4.313538535078292,0.0,0.0,1.0,0.0,0.0,0.0,0.0,0.0,0.0,0.0,0.0,106.79100036621094,239.78370666503906
2022-04-07,10.25,2022-04-04,8.559375,7.75,1.6906250000000007,1.6906250000000007,291.7666,1106.8083,26.36,-0.09,109.52300262451172,-4.313538535078292,-5.167037749486044,-4.2258194467304175,-7.73625265850471,0.0005618169323615,-7.484334502485412,0.0,0.0,1.0,0.0,0.0,0.0,0.0,0.0,0.0,0.0,0.0,104.56400299072266,163.0200653076172
2022-04-08,6.0,2022-04-05,5.609375,12.0,0.390625,0.390625,291.2176,1106.8083,26.31,-0.05,108.56400299072266,-7.484334502485412,-5.152929673625945,-4.226674981826038,-7.589113935564382,7.734689664390333e-05,-9.46721008977924,0.0,0.0,1.0,0.0,0.0,0.0,0.0,0.0,0.0,0.0,0.0,103.88200378417967,212.41769409179688
2022-04-11,10.875,2022-04-08,8.967708333333333,7.125,1.9072916666666675,1.9072916666666675,295.9217,1105.7691,26.76,0.15,103.88200378417967,-7.719401598054123,-5.826592659580951,-4.442242697704745,-6.031453308670571,4.281970491164914e-05,-10.05851214284012,0.0,0.0,1.0,0.0,0.0,0.0,0.0,0.0,0.0,0.0,0.0,100.13700103759766,219.47674560546875
2022-04-12,14.5,2022-04-09,13.476041666666667,3.5,1.0239583333333329,1.0239583333333329,297.9926,1105.7691,26.95,0.19,103.88200378417967,-7.719401598054123,-5.826592659580951,-4.442242697704745,-6.031453308670571,4.281970491164914e-05,-10.05851214284012,0.0,0.0,1.0,0.0,0.0,0.0,0.0,0.0,0.0,0.0,0.0,102.21900177001952,178.6661834716797
2022-04-13,14.45,2022-04-10,15.004166666666666,3.549999999999999,-0.5541666666666654,0.5541666666666654,300.3703,1105.7691,27.16,0.22,103.88200378417967,-7.719401598054123,-5.826592659580951,-4.442242697704745,-6.031453308670571,4.281970491164914e-05,-10.05851214284012,0.0,0.0,1.0,0.0,0.0,0.0,0.0,0.0,0.0,0.0,0.0,105.3239974975586,148.9779052734375
2022-04-14,14.3,2022-04-11,14.334375,3.6999999999999993,-0.0343749999999989,0.0343749999999989,301.6242,1105.7681,27.28,0.11,100.13700103759766,-10.05851214284012,-8.182689596503113,-4.943138892166998,-6.115266143427629,0.0013480952967766,-6.609062573310815,0.0,0.0,1.0,0.0,0.0,0.0,0.0,0.0,0.0,0.0,0.0,95.62000274658205,195.2273712158203
2022-04-18,13.625,2022-04-15,12.082291666666666,4.375,1.5427083333333336,1.5427083333333336,315.2153,1106.3905,28.49,0.43,95.62000274658205,-7.01820881596492,-7.368541723896773,-5.43784830283781,-6.593993071574877,0.0093430121023308,-4.673126583728419,0.0,0.0,1.0,0.0,0.0,0.0,0.0,0.0,0.0,0.0,0.0,95.62000274658205,168.43563842773438
2022-04-19,13.2,2022-04-16,12.90625,4.800000000000001,0.2937499999999993,0.2937499999999993,319.9148,1106.3905,28.92,0.42,95.62000274658205,-7.01820881596492,-7.368541723896773,-5.43784830283781,-6.593993071574877,0.0093430121023308,-4.673126583728419,0.0,0.0,1.0,0.0,0.0,0.0,0.0,0.0,0.0,0.0,0.0,93.76799774169922,166.67005920410156
2022-04-20,12.55,2022-04-17,11.467708333333334,5.449999999999999,1.0822916666666664,1.0822916666666664,324.7294,1106.3905,29.35,0.44,95.62000274658205,-7.01820881596492,-7.368541723896773,-5.43784830283781,-6.593993071574877,0.0093430121023308,-4.673126583728419,0.0,0.0,1.0,0.0,0.0,0.0,0.0,0.0,0.0,0.0,0.0,94.2310028076172,151.43167114257812
2022-04-21,12.825,2022-04-18,10.995833333333334,5.175000000000001,1.8291666666666655,1.8291666666666655,329.2962,1106.39,29.76,0.41,95.62000274658205,-4.673126583728419,-6.027894312668298,-5.345278629053168,-6.5273533629640506,0.0,-27.631021115928547,0.0,0.0,1.0,0.0,0.0,0.0,0.0,0.0,0.0,0.0,0.0,100.06099700927734,218.6294708251953
2022-04-22,13.2,2022-04-19,11.50625,4.800000000000001,1.6937499999999996,1.6937499999999996,332.4172,1106.39,30.05,0.28,93.76799774169922,-27.631021115928547,-6.031453308670571,-5.486784466837816,-5.618694593275296,0.0003825313854916,-7.868699851876796,0.0,0.0,1.0,0.0,0.0,0.0,0.0,0.0,0.0,0.0,0.0,94.875,213.5172576904297
2022-04-25,10.525,2022-04-22,9.84375,7.475000000000001,0.6812499999999986,0.6812499999999986,341.8817,1107.537,30.87,0.32,94.875,-5.625797500870325,-5.925415171225849,-5.532865975891345,-5.611873823171913,0.0028323401305568,-5.86665200741157,0.0,0.0,1.0,0.0,0.0,0.0,0.0,0.0,0.0,0.0,0.0,92.83699798583984,246.79725646972656
2022-04-26,9.775,2022-04-23,10.364583333333334,8.225,-0.5895833333333336,0.5895833333333336,346.3989,1107.537,31.28,0.41,94.875,-5.625797500870325,-5.925415171225849,-5.532865975891345,-5.611873823171913,0.0028323401305568,-5.86665200741157,0.0,0.0,1.0,0.0,0.0,0.0,0.0,0.0,0.0,0.0,0.0,103.20800018310548,134.42303466796875
2022-04-27,11.175,2022-04-24,11.229166666666668,6.824999999999999,-0.0541666666666671,0.0541666666666671,351.0869,1107.537,31.7,0.42,94.875,-5.625797500870325,-5.925415171225849,-5.532865975891345,-5.611873823171913,0.0028323401305568,-5.86665200741157,0.0,0.0,1.0,0.0,0.0,0.0,0.0,0.0,0.0,0.0,0.0,107.427001953125,50.4451904296875
2022-04-28,12.6,2022-04-25,13.088541666666666,5.4,-0.4885416666666664,0.4885416666666664,354.0308,1107.5477,31.97,0.27,92.83699798583984,-5.86665200741157,-6.593993071574877,-5.50785173050761,-5.6050712365039495,0.0004715407987443,-7.659504927833053,0.0,0.0,1.0,0.0,0.0,0.0,0.0,0.0,0.0,0.0,0.0,100.14199829101562,246.8994598388672
2022-04-29,12.525,2022-04-26,12.066666666666666,5.475,0.4583333333333339,0.4583333333333339,356.3135,1107.5477,32.17,0.21,103.20800018310548,-7.659504927833053,-6.5273533629640506,-5.889467619912975,-6.467531601674468,0.0112150484174117,-4.4904987937288965,0.0,0.0,1.0,0.0,0.0,0.0,0.0,0.0,0.0,0.0,0.0,99.4499969482422,160.5444793701172
2022-05-02,12.925,2022-04-29,11.859375,5.074999999999999,1.0656250000000007,1.0656250000000007,364.7967,1103.0415,33.07,0.3,99.4499969482422,-5.3121757573835735,-5.470039214329868,-5.796743739317463,-6.753977678479002,4.808295021451016e-05,-9.942582888287673,0.0,0.0,1.0,0.0,0.0,0.0,0.0,0.0,0.0,0.0,0.0,97.0510025024414,148.93714904785156
2022-05-03,12.95,2022-04-30,12.298958333333331,5.050000000000001,0.6510416666666661,0.6510416666666661,368.7328,1101.606,33.47,0.36,99.4499969482422,-5.3121757573835735,-5.470039214329868,-5.796743739317463,-6.753977678479002,4.808295021451016e-05,-9.942582888287673,0.0,0.0,1.0,0.0,0.0,0.0,0.0,0.0,0.0,0.0,0.0,99.4260025024414,168.43563842773438
2022-05-04,12.9,2022-05-01,12.841666666666663,5.1,0.0583333333333353,0.0583333333333353,373.7964,1103.838,33.86,0.46,99.4499969482422,-5.3121757573835735,-5.470039214329868,-5.796743739317463,-6.753977678479002,4.808295021451016e-05,-9.942582888287673,0.0,0.0,1.0,0.0,0.0,0.0,0.0,0.0,0.0,0.0,0.0,103.8209991455078,66.92056274414062
2022-05-05,13.4,2022-05-02,13.910416666666666,4.6,-0.5104166666666661,0.5104166666666661,378.1233,1103.8585,34.25,0.39,97.0510025024414,-9.942582888287673,-5.611873823171913,-5.8429224737723535,-6.048346699868269,0.0005962550988163,-7.4248419626472115,0.0,0.0,0.0,1.0,0.0,0.0,0.0,0.0,0.0,0.0,0.0,106.50800323486328,96.6702651977539
2022-05-06,15.275,2022-05-03,15.2625,2.725,0.012500000000001,0.012500000000001,382.5679,1103.8585,34.66,0.4,99.4260025024414,-7.4248419626472115,-5.6050712365039495,-5.9785602514734935,-5.882662665008276,0.0005845290083755,-7.444704147187801,0.0,0.0,0.0,1.0,0.0,0.0,0.0,0.0,0.0,0.0,0.0,101.70800018310548,157.47349548339844
2022-05-09,17.325,2022-05-06,16.435416666666665,0.6750000000000007,0.8895833333333343,0.8895833333333343,396.1074,1103.8585,35.88,0.42,101.70800018310548,-7.334089087546158,-7.194711181405316,-6.269160932460128,-4.9034153862290255,0.0021265162668284,-6.153270193251211,0.0,0.0,0.0,1.0,0.0,0.0,0.0,0.0,0.0,0.0,0.0,93.78700256347656,174.06805419921875
2022-05-10,19.35,2022-05-07,17.835416666666667,0.0,1.5145833333333345,1.5145833333333345,401.8442,1103.8585,36.4,0.52,101.70800018310548,-7.334089087546158,-7.194711181405316,-6.269160932460128,-4.9034153862290255,0.0021265162668284,-6.153270193251211,0.0,0.0,0.0,1.0,0.0,0.0,0.0,0.0,0.0,0.0,0.0,98.8010025024414,97.71585845947266
2022-05-11,18.775,2022-05-08,17.476041666666667,0.0,1.2989583333333314,1.2989583333333314,407.5155,1103.8585,36.92,0.51,101.70800018310548,-7.334089087546158,-7.194711181405316,-6.269160932460128,-4.9034153862290255,0.0021265162668284,-6.153270193251211,0.0,0.0,0.0,1.0,0.0,0.0,0.0,0.0,0.0,0.0,0.0,94.01200103759766,98.48174285888672
2022-05-12,16.1,2022-05-09,15.935416666666663,1.8999999999999984,0.1645833333333364,0.1645833333333364,412.3347,1103.8595,37.35,0.44,93.78700256347656,-6.153270193251211,-6.753977678479002,-6.22114893344257,-5.0412285853224335,0.0065739150772472,-5.0246457216441645,0.0,0.0,0.0,1.0,0.0,0.0,0.0,0.0,0.0,0.0,0.0,106.70099639892578,150.86941528320312
2022-05-13,15.525,2022-05-10,15.691666666666666,2.4750000000000014,-0.1666666666666678,0.1666666666666678,416.9331,1103.8595,37.77,0.42,98.8010025024414,-5.0246457216441645,-6.048346699868269,-6.086456363220781,-5.1222066300254125,0.0027124795692801,-5.909892091837877,0.0,0.0,0.0,1.0,0.0,0.0,0.0,0.0,0.0,0.0,0.0,96.88099670410156,143.2461700439453
2022-05-16,18.85,2022-05-13,18.894791666666663,0.0,-0.044791666666665,0.044791666666665,432.2637,1102.7513,39.2,0.51,96.88099670410156,-4.133318341069059,-5.118962224565699,-5.759032089783013,-6.9776779148832455,0.0093213443270117,-4.675448419483425,0.0,0.0,0.0,1.0,0.0,0.0,0.0,0.0,0.0,0.0,0.0,92.86000061035156,162.08282470703125
2022-05-17,20.1,2022-05-14,19.329166666666666,0.0,0.7708333333333357,0.7708333333333357,438.4219,1102.7513,39.76,0.56,96.88099670410156,-4.133318341069059,-5.118962224565699,-5.759032089783013,-6.9776779148832455,0.0093213443270117,-4.675448419483425,0.0,0.0,0.0,1.0,0.0,0.0,0.0,0.0,0.0,0.0,0.0,94.1750030517578,83.80007934570312
2022-05-18,21.425,2022-05-15,21.53333333333333,0.0,-0.1083333333333378,0.1083333333333378,444.8755,1102.7513,40.34,0.59,96.88099670410156,-4.133318341069059,-5.118962224565699,-5.759032089783013,-6.9776779148832455,0.0093213443270117,-4.675448419483425,0.0,0.0,0.0,1.0,0.0,0.0,0.0,0.0,0.0,0.0,0.0,94.53800201416016,77.84101867675781
2022-05-19,19.75,2022-05-16,19.83020833333333,0.0,-0.0802083333333349,0.0802083333333349,449.6483,1102.7713,40.77,0.43,92.86000061035156,-4.675448419483425,-4.9034153862290255,-5.638384695238567,-6.764080858943416,0.0017969458472442,-6.321666806167758,0.0,0.0,0.0,1.0,0.0,0.0,0.0,0.0,0.0,0.0,0.0,91.02400207519533,168.75344848632812
2022-05-20,17.1,2022-05-17,17.375,0.8999999999999986,-0.2749999999999986,0.2749999999999986,454.0455,1102.7713,41.17,0.4,94.1750030517578,-6.321666806167758,-5.0412285853224335,-5.626935302199014,-6.761764949846552,0.0001977341297702,-8.528587203486152,0.0,0.0,0.0,1.0,0.0,0.0,0.0,0.0,0.0,0.0,0.0,87.9020004272461,174.62417602539062
2022-05-23,16.65,2022-05-20,15.783333333333331,1.3500000000000014,0.8666666666666654,0.8666666666666654,468.4334,1102.7503,42.48,0.47,87.9020004272461,-6.546734741345765,-5.970437770894524,-5.734530863085902,-6.807556884606286,0.0012180566537408,-6.710498596210631,0.0,0.0,0.0,1.0,0.0,0.0,0.0,0.0,0.0,0.0,0.0,83.28800201416016,140.9603271484375
2022-05-24,14.175,2022-05-21,14.641666666666666,3.825000000000001,-0.4666666666666668,0.4666666666666668,474.3776,1102.7503,43.02,0.54,87.9020004272461,-6.546734741345765,-5.970437770894524,-5.734530863085902,-6.807556884606286,0.0012180566537408,-6.710498596210631,0.0,0.0,0.0,1.0,0.0,0.0,0.0,0.0,0.0,0.0,0.0,84.50700378417969,124.2212905883789
2022-05-25,15.075,2022-05-22,15.58125,2.9250000000000007,-0.5062500000000014,0.5062500000000014,480.2333,1102.7503,43.55,0.53,87.9020004272461,-6.546734741345765,-5.970437770894524,-5.734530863085902,-6.807556884606286,0.0012180566537408,-6.710498596210631,0.0,0.0,0.0,1.0,0.0,0.0,0.0,0.0,0.0,0.0,0.0,88.0780029296875,75.09599304199219
2022-05-26,16.625,2022-05-23,17.120833333333334,1.375,-0.4958333333333335,0.4958333333333335,485.0387,1102.7664,43.98,0.44,83.28800201416016,-6.710498596210631,-6.9776779148832455,-5.717882863103188,-6.337929057124454,0.0029071568777498,-5.8405796930032645,0.0,0.0,0.0,1.0,0.0,0.0,0.0,0.0,0.0,0.0,0.0,85.97100067138672,150.3084716796875
2022-05-27,15.175,2022-05-24,15.259375,2.8249999999999997,-0.0843749999999996,0.0843749999999996,489.708,1102.7664,44.41,0.42,84.50700378417969,-5.8405796930032645,-6.764080858943416,-5.727562589437002,-5.654594989037736,0.0002111183018319,-8.463091904680068,0.0,0.0,0.0,1.0,0.0,0.0,0.0,0.0,0.0,0.0,0.0,86.875,222.35826110839844
2022-05-31,14.6,2022-05-28,14.965625,3.4000000000000004,-0.3656249999999996,0.3656249999999996,510.7558,1102.7664,46.32,0.49,86.875,-7.44174929637344,-6.624745531853929,-5.911117372640064,-5.7697617094042295,0.0001094171646267,-9.120342773276471,0.0,0.0,0.0,1.0,0.0,0.0,0.0,0.0,0.0,0.0,0.0,94.00399780273438,118.4752426147461
2022-06-01,14.575,2022-05-29,14.769791666666666,3.4250000000000007,-0.1947916666666671,0.1947916666666671,515.9441,1102.7664,46.79,0.47,86.875,-7.44174929637344,-6.624745531853929,-5.911117372640064,-5.7697617094042295,0.0001094171646267,-9.120342773276471,0.0,0.0,0.0,1.0,0.0,0.0,0.0,0.0,0.0,0.0,0.0,85.5510025024414,76.05384826660156
2022-06-02,15.725,2022-05-30,16.207291666666666,2.2750000000000004,-0.4822916666666668,0.4822916666666668,519.5383,1102.784,47.11,0.33,86.875,-7.44174929637344,-6.624745531853929,-5.911117372640064,-5.7697617094042295,0.0001094171646267,-9.120342773276471,0.0,0.0,0.0,1.0,0.0,0.0,0.0,0.0,0.0,0.0,0.0,83.94499969482422,115.82404327392578
2022-06-03,18.55,2022-05-31,18.634375,0.0,-0.0843749999999978,0.0843749999999978,522.7593,1102.784,47.4,0.29,94.00399780273438,-9.120342773276471,-6.807556884606286,-5.936534403248554,-6.146344599353947,0.0062200048399856,-5.079984593937841,0.0,0.0,0.0,1.0,0.0,0.0,0.0,0.0,0.0,0.0,0.0,83.10099792480469,190.30909729003906
2022-06-06,16.275,2022-06-03,16.610416666666666,1.7250000000000014,-0.3354166666666671,0.3354166666666671,535.7671,1102.7839,48.58,0.43,83.10099792480469,-7.931807735164439,-5.735081753371941,-5.7794728983563495,-6.622623274345041,0.0001021132145946,-9.18942840341624,0.0,0.0,0.0,0.0,1.0,0.0,0.0,0.0,0.0,0.0,0.0,82.55799865722656,142.78309631347656
2022-06-07,16.2,2022-06-04,16.210416666666667,1.8000000000000007,-0.0104166666666678,0.0104166666666678,541.3408,1102.7839,49.09,0.51,83.10099792480469,-7.931807735164439,-5.735081753371941,-5.7794728983563495,-6.622623274345041,0.0001021132145946,-9.18942840341624,0.0,0.0,0.0,0.0,1.0,0.0,0.0,0.0,0.0,0.0,0.0,79.60800170898438,102.8747787475586
2022-06-08,15.275,2022-06-05,15.358333333333334,2.725,-0.0833333333333339,0.0833333333333339,546.9115,1102.7839,49.59,0.51,83.10099792480469,-7.931807735164439,-5.735081753371941,-5.7794728983563495,-6.622623274345041,0.0001021132145946,-9.18942840341624,0.0,0.0,0.0,0.0,1.0,0.0,0.0,0.0,0.0,0.0,0.0,79.40699768066406,70.293212890625
2022-06-09,16.075,2022-06-06,15.494791666666666,1.9250000000000007,0.5802083333333332,0.5802083333333332,551.9051,1102.8015,50.05,0.45,82.55799865722656,-9.18942840341624,-5.765512420403826,-5.786593839563355,-6.609929028850989,4.2976548788998304e-05,-10.054855944774378,0.0,0.0,0.0,0.0,1.0,0.0,0.0,0.0,0.0,0.0,0.0,84.87999725341797,190.12530517578125
2022-06-10,18.375,2022-06-07,18.153125,0.0,0.2218750000000007,0.2218750000000007,555.7274,1102.8015,50.39,0.35,79.60800170898438,-10.054855944774378,-5.7697617094042295,-5.814046387059977,-5.172634448900511,0.0013239736408953,-6.627117729599502,0.0,0.0,0.0,0.0,1.0,0.0,0.0,0.0,0.0,0.0,0.0,82.46399688720703,139.0311279296875
2022-06-13,16.775,2022-06-10,16.76770833333333,1.2250000000000014,0.0072916666666671,0.0072916666666671,563.8665,1102.8015,51.13,0.24,82.46399688720703,-5.4165414832339165,-6.739204895617578,-5.870105081913957,-4.220850881726847,0.0008338617944968,-7.08944288217089,0.0,0.0,0.0,0.0,1.0,0.0,0.0,0.0,0.0,0.0,0.0,83.4020004272461,94.34528350830078
2022-06-14,17.75,2022-06-11,17.78333333333333,0.25,-0.0333333333333314,0.0333333333333314,569.6185,1102.8015,51.65,0.52,82.46399688720703,-5.4165414832339165,-6.739204895617578,-5.870105081913957,-4.220850881726847,0.0008338617944968,-7.08944288217089,0.0,0.0,0.0,0.0,1.0,0.0,0.0,0.0,0.0,0.0,0.0,97.04000091552734,103.96075439453125
2022-06-15,21.075,2022-06-12,21.059375,0.0,0.015625,0.015625,575.3248,1102.8015,52.17,0.52,82.46399688720703,-5.4165414832339165,-6.739204895617578,-5.870105081913957,-4.220850881726847,0.0008338617944968,-7.08944288217089,0.0,0.0,0.0,0.0,1.0,0.0,0.0,0.0,0.0,0.0,0.0,120.33200073242188,83.74468994140625
2022-06-16,21.575,2022-06-13,21.079166666666666,0.0,0.4958333333333335,0.4958333333333335,580.0739,1102.8069,52.6,0.43,83.4020004272461,-7.08944288217089,-6.622623274345041,-5.9008252590880845,-4.167688520348711,0.0001279273716266,-8.964047856432272,0.0,0.0,0.0,0.0,1.0,0.0,0.0,0.0,0.0,0.0,0.0,124.36399841308594,147.22523498535156
2022-06-17,24.3,2022-06-14,23.99895833333333,0.0,0.3010416666666664,0.3010416666666664,583.7135,1102.8082,52.93,0.33,97.04000091552734,-8.964047856432272,-6.609929028850989,-5.940471310944098,-4.515965321061199,0.0229373990567437,-3.774986553929349,0.0,0.0,0.0,0.0,1.0,0.0,0.0,0.0,0.0,0.0,0.0,117.73799896240234,136.36642456054688
2022-06-21,18.2,2022-06-18,18.934375,0.0,-0.734375,0.734375,599.6499,1103.1512,54.36,0.43,117.73799896240234,-6.825033939063165,-4.250761029199127,-5.383334677957872,-6.441328263809615,0.0029976641753077,-5.809921901484008,0.0,0.0,0.0,0.0,1.0,0.0,0.0,0.0,0.0,0.0,0.0,125.55999755859376,98.11554718017578
2022-06-22,20.55,2022-06-19,20.823958333333334,0.0,-0.2739583333333328,0.2739583333333328,604.4824,1103.1522,54.8,0.44,117.73799896240234,-6.825033939063165,-4.250761029199127,-5.383334677957872,-6.441328263809615,0.0029976641753077,-5.809921901484008,0.0,0.0,0.0,0.0,1.0,0.0,0.0,0.0,0.0,0.0,0.0,127.1709976196289,56.4642219543457
2022-06-23,23.65,2022-06-20,22.434375,0.0,1.2156249999999993,1.2156249999999993,608.0218,1103.1244,55.12,0.32,117.73799896240234,-6.825033939063165,-4.250761029199127,-5.383334677957872,-6.441328263809615,0.0029976641753077,-5.809921901484008,0.0,0.0,0.0,0.0,1.0,0.0,0.0,0.0,0.0,0.0,0.0,133.3470001220703,115.72289276123047
2022-06-24,20.275,2022-06-21,19.951041666666665,0.0,0.3239583333333335,0.3239583333333335,614.054,1111.0844,55.27,0.54,125.55999755859376,-5.809921901484008,-4.220850881726847,-5.355999136172096,-7.172002084638977,0.0041373073942798,-5.4877100903522456,0.0,0.0,0.0,0.0,1.0,0.0,0.0,0.0,0.0,0.0,0.0,128.5050048828125,116.76954650878906
2022-06-27,17.9,2022-06-24,18.565625,0.1000000000000014,-0.6656250000000021,0.6656250000000021,623.7243,1110.9744,56.14,0.32,128.5050048828125,-6.097332338008656,-6.153268045241171,-5.31930346610565,-6.466640015053654,0.0013680309211377,-6.594382856135367,0.0,0.0,0.0,0.0,1.0,0.0,0.0,0.0,0.0,0.0,0.0,129.45899963378906,149.3589324951172
2022-06-28,19.55,2022-06-25,19.784375,0.0,-0.234375,0.234375,628.502,1110.9745,56.57,0.43,128.5050048828125,-6.097332338008656,-6.153268045241171,-5.31930346610565,-6.466640015053654,0.0013680309211377,-6.594382856135367,0.0,0.0,0.0,0.0,1.0,0.0,0.0,0.0,0.0,0.0,0.0,129.17599487304688,123.23540496826172
2022-06-29,21.5,2022-06-26,21.876041666666666,0.0,-0.3760416666666657,0.3760416666666657,633.3563,1110.9749,57.01,0.44,128.5050048828125,-6.097332338008656,-6.153268045241171,-5.31930346610565,-6.466640015053654,0.0013680309211377,-6.594382856135367,0.0,0.0,0.0,0.0,1.0,0.0,0.0,0.0,0.0,0.0,0.0,139.58799743652344,75.8603286743164
2022-06-30,18.325,2022-06-27,17.733333333333334,0.0,0.591666666666665,0.591666666666665,636.6311,1110.9566,57.3,0.29,129.45899963378906,-6.594382856135367,-6.127110537320578,-5.333695329558776,-5.5235715696709455,5.470634515172316e-05,-9.813530837866876,0.0,0.0,0.0,0.0,1.0,0.0,0.0,0.0,0.0,0.0,0.0,144.51400756835938,131.99984741210938
2022-07-01,16.6,2022-06-28,16.648958333333333,1.3999999999999986,-0.0489583333333314,0.0489583333333314,640.1583,1111.1066,57.61,0.32,129.17599487304688,-9.813530837866876,-6.441328263809615,-5.335169547869333,-5.463333222149343,4.789313295133542e-06,-12.249123310205675,0.0,0.0,0.0,0.0,1.0,0.0,0.0,0.0,0.0,0.0,0.0,147.78399658203125,200.76168823242188
2022-07-05,18.950000000000003,2022-07-02,19.133333333333333,0.0,-0.18333333333333,0.18333333333333,655.4738,1111.296,58.98,0.43,147.78399658203125,-6.723113166907672,-6.360839579986632,-5.290816393983166,-5.332271665010456,0.0005006533378654,-7.599596634771561,0.0,0.0,0.0,0.0,0.0,1.0,0.0,0.0,0.0,0.0,0.0,165.072998046875,60.22850036621094
2022-07-06,18.625,2022-07-03,18.95520833333333,0.0,-0.3302083333333314,0.3302083333333314,660.5334,1111.2961,59.44,0.46,147.78399658203125,-6.723113166907672,-6.360839579986632,-5.290816393983166,-5.332271665010456,0.0005006533378654,-7.599596634771561,0.0,0.0,0.0,0.0,0.0,1.0,0.0,0.0,0.0,0.0,0.0,170.99899291992188,30.20578384399414
2022-07-07,17.825,2022-07-04,18.010416666666668,0.1750000000000007,-0.1854166666666685,0.1854166666666685,664.6153,1111.3203,59.8,0.37,147.78399658203125,-6.723113166907672,-6.360839579986632,-5.290816393983166,-5.332271665010456,0.0005006533378654,-7.599596634771561,0.0,0.0,0.0,0.0,0.0,1.0,0.0,0.0,0.0,0.0,0.0,183.18299865722656,80.43762969970703
2022-07-08,19.05,2022-07-05,18.65520833333333,0.0,0.3947916666666664,0.3947916666666664,668.5845,1111.3203,60.16,0.36,165.072998046875,-7.599596634771561,-6.466640015053654,-5.343801178424198,-5.86192946598092,0.0122403385118531,-4.403018346001535,0.0,0.0,0.0,0.0,0.0,1.0,0.0,0.0,0.0,0.0,0.0,175.21200561523438,109.64945220947266
2022-07-11,20.825,2022-07-08,20.47395833333333,0.0,0.3510416666666671,0.3510416666666671,680.3679,1111.3211,61.22,0.35,175.21200561523438,-5.352289898436635,-5.525216222790424,-5.262678869336056,-5.639409901417014,0.0019792661817114,-6.22502911776255,0.0,0.0,0.0,0.0,0.0,1.0,0.0,0.0,0.0,0.0,0.0,164.52000427246094,110.41893005371094
2022-07-12,23.7,2022-07-09,24.36145833333333,0.0,-0.6614583333333321,0.6614583333333321,685.6538,1111.3211,61.7,0.48,175.21200561523438,-5.352289898436635,-5.525216222790424,-5.262678869336056,-5.639409901417014,0.0019792661817114,-6.22502911776255,0.0,0.0,0.0,0.0,0.0,1.0,0.0,0.0,0.0,0.0,0.0,172.60899353027344,70.48016357421875
2022-07-13,25.375,2022-07-10,24.023958333333333,0.0,1.3510416666666671,1.3510416666666671,690.8969,1111.3211,62.17,0.47,175.21200561523438,-5.352289898436635,-5.525216222790424,-5.262678869336056,-5.639409901417014,0.0019792661817114,-6.22502911776255,0.0,0.0,0.0,0.0,0.0,1.0,0.0,0.0,0.0,0.0,0.0,180.5050048828125,38.51823043823242
2022-07-14,21.825,2022-07-11,21.59583333333333,0.0,0.2291666666666678,0.2291666666666678,693.5519,1111.3313,62.41,0.24,164.52000427246094,-6.22502911776255,-5.486986400525625,-5.245835175573681,-5.876511459503139,0.0039645322930244,-5.530367389484912,0.0,0.0,0.0,0.0,0.0,1.0,0.0,0.0,0.0,0.0,0.0,175.0330047607422,112.85301208496094
2022-07-15,19.425,2022-07-12,19.391666666666666,0.0,0.0333333333333349,0.0333333333333349,696.433,1111.3313,62.67,0.26,172.60899353027344,-5.530367389484912,-5.332271665010456,-5.22331298664445,-6.028786991626053,0.0023036845702779,-6.073245450348078,0.0,0.0,0.0,0.0,0.0,1.0,0.0,0.0,0.0,0.0,0.0,159.56700134277344,113.63867950439453
2022-07-18,27.375,2022-07-15,28.209375,0.0,-0.8343750000000014,0.8343750000000014,706.7668,1111.4413,63.59,0.33,159.56700134277344,-6.961523624076619,-6.101647898616067,-5.2235716269022365,-8.259821101517863,0.0085582202967304,-4.760863019588228,0.0,0.0,0.0,0.0,0.0,1.0,0.0,0.0,0.0,0.0,0.0,157.25799560546875,192.0329132080078
2022-07-19,30.875,2022-07-16,30.9875,0.0,-0.1125000000000007,0.1125000000000007,711.5183,1111.4413,64.02,0.43,159.56700134277344,-6.961523624076619,-6.101647898616067,-5.2235716269022365,-8.259821101517863,0.0085582202967304,-4.760863019588228,0.0,0.0,0.0,0.0,0.0,1.0,0.0,0.0,0.0,0.0,0.0,154.45700073242188,102.60165405273438
2022-07-20,24.8,2022-07-17,25.735416666666666,0.0,-0.935416666666665,0.935416666666665,716.0245,1111.4413,64.42,0.41,159.56700134277344,-6.961523624076619,-6.101647898616067,-5.2235716269022365,-8.259821101517863,0.0085582202967304,-4.760863019588228,0.0,0.0,0.0,0.0,0.0,1.0,0.0,0.0,0.0,0.0,0.0,155.03799438476562,107.43463134765625
2022-07-21,20.45,2022-07-18,20.116666666666667,0.0,0.3333333333333321,0.3333333333333321,719.3617,1111.4462,64.72,0.3,157.25799560546875,-4.760863019588228,-5.639409901417014,-5.154867321323988,-6.118201588367216,0.0002124645682867,-8.456735316269345,0.0,0.0,0.0,0.0,0.0,1.0,0.0,0.0,0.0,0.0,0.0,155.60000610351562,128.70916748046875
2022-07-22,20.5,2022-07-19,20.73229166666667,0.0,-0.2322916666666685,0.2322916666666685,722.1142,1111.4462,64.97,0.25,154.45700073242188,-8.456735316269345,-5.876511459503139,-5.35207808612928,-5.257268624631356,0.0003229926242425,-8.037881067068664,0.0,0.0,0.0,0.0,0.0,1.0,0.0,0.0,0.0,0.0,0.0,159.86399841308594,151.07994079589844
2022-07-25,23.9,2022-07-22,24.026041666666668,0.0,-0.1260416666666692,0.1260416666666692,731.8093,1111.4462,65.84,0.34,159.86399841308594,-11.243425032504506,-6.30662836817672,-6.005613905889365,-5.162467781946964,0.0007308800261925,-7.221261233171536,0.0,0.0,0.0,0.0,0.0,1.0,0.0,0.0,0.0,0.0,0.0,176.61599731445312,125.4760513305664
2022-07-26,19.375,2022-07-23,19.7875,0.0,-0.4125000000000014,0.4125000000000014,736.5857,1111.4461,66.27,0.43,159.86399841308594,-11.243425032504506,-6.30662836817672,-6.005613905889365,-5.162467781946964,0.0007308800261925,-7.221261233171536,0.0,0.0,0.0,0.0,0.0,1.0,0.0,0.0,0.0,0.0,0.0,199.91799926757807,109.91929626464844
2022-07-27,18.875,2022-07-24,19.09895833333333,0.0,-0.2239583333333321,0.2239583333333321,741.7096,1111.4461,66.73,0.46,159.86399841308594,-11.243425032504506,-6.30662836817672,-6.005613905889365,-5.162467781946964,0.0007308800261925,-7.221261233171536,0.0,0.0,0.0,0.0,0.0,1.0,0.0,0.0,0.0,0.0,0.0,205.2250061035156,89.26080322265625
2022-07-28,20.05,2022-07-25,21.01458333333333,0.0,-0.9645833333333336,0.9645833333333336,746.0328,1111.4598,67.12,0.39,176.61599731445312,-7.221261233171536,-8.259821101517863,-6.070491272032756,-5.460739090360504,0.0099310044688186,-4.6120936509735495,0.0,0.0,0.0,0.0,0.0,1.0,0.0,0.0,0.0,0.0,0.0,198.92999267578125,109.55962371826172
2022-07-29,21.55,2022-07-26,22.570833333333333,0.0,-1.020833333333332,1.020833333333332,750.0578,1111.4598,67.48,0.36,199.91799926757807,-4.6120936509735495,-6.118201588367216,-5.8946792987001215,-6.667288481148021,0.0153584985946894,-4.176086303716697,0.0,0.0,0.0,0.0,0.0,1.0,0.0,0.0,0.0,0.0,0.0,190.9149932861328,160.8621063232422
2022-08-01,21.425,2022-07-29,21.98645833333333,0.0,-0.5614583333333307,0.5614583333333307,761.4913,1111.4598,68.51,0.34,190.9149932861328,-6.93762521335473,-5.196577770016852,-5.695635676677034,-7.105026050846926,0.0016912409157526,-6.382292749223841,0.0,0.0,0.0,0.0,0.0,1.0,0.0,0.0,0.0,0.0,0.0,200.79400634765625,68.24624633789062
2022-08-02,23.575,2022-07-30,23.95104166666667,0.0,-0.3760416666666692,0.3760416666666692,766.1234,1111.4598,68.93,0.42,190.9149932861328,-6.93762521335473,-5.196577770016852,-5.695635676677034,-7.105026050846926,0.0016912409157526,-6.382292749223841,0.0,0.0,0.0,0.0,0.0,1.0,0.0,0.0,0.0,0.0,0.0,205.1739959716797,119.9827651977539
2022-08-03,26.425,2022-07-31,27.021875,0.0,-0.5968750000000007,0.5968750000000007,770.3283,1111.4598,69.31,0.38,190.9149932861328,-6.93762521335473,-5.196577770016852,-5.695635676677034,-7.105026050846926,0.0016912409157526,-6.382292749223841,0.0,0.0,0.0,0.0,0.0,1.0,0.0,0.0,0.0,0.0,0.0,199.19500732421875,125.18424224853516
2022-08-04,25.325,2022-08-01,25.560416666666665,0.0,-0.2354166666666657,0.2354166666666657,774.7829,1104.2352,70.16,0.4,200.79400634765625,-6.382292749223841,-5.162467781946964,-5.673081469883679,-7.907006496457644,0.0025453307311409,-5.9734946837329375,0.0,0.0,0.0,0.0,0.0,0.0,1.0,0.0,0.0,0.0,0.0,199.2480010986328,130.93153381347656
2022-08-05,20.675,2022-08-02,20.401041666666668,0.0,0.2739583333333328,0.2739583333333328,779.0509,1104.2342,70.55,0.39,205.1739959716797,-5.9734946837329375,-5.460739090360504,-5.719971097462598,-8.18388640263869,0.0004656463994567,-7.672084009174148,0.0,0.0,0.0,0.0,0.0,0.0,1.0,0.0,0.0,0.0,0.0,196.32000732421875,204.4794921875
2022-08-08,21.4,2022-08-05,21.63125,0.0,-0.2312500000000028,0.2312500000000028,790.2438,1111.4071,71.1,0.37,196.32000732421875,-16.463982112500332,-6.798557232990585,-5.911942981648582,-6.913189370403705,0.0002191663279962,-8.425679623283207,0.0,0.0,0.0,0.0,0.0,0.0,1.0,0.0,0.0,0.0,0.0,193.05499267578125,163.9325408935547
2022-08-09,22.675,2022-08-06,22.963541666666664,0.0,-0.2885416666666636,0.2885416666666636,795.267,1111.4071,71.55,0.45,196.32000732421875,-16.463982112500332,-6.798557232990585,-5.911942981648582,-6.913189370403705,0.0002191663279962,-8.425679623283207,0.0,0.0,0.0,0.0,0.0,0.0,1.0,0.0,0.0,0.0,0.0,192.1840057373047,138.22935485839844
2022-08-10,24.55,2022-08-07,24.65520833333333,0.0,-0.1052083333333335,0.1052083333333335,800.4608,1111.4071,72.02,0.47,196.32000732421875,-16.463982112500332,-6.798557232990585,-5.911942981648582,-6.913189370403705,0.0002191663279962,-8.425679623283207,0.0,0.0,0.0,0.0,0.0,0.0,1.0,0.0,0.0,0.0,0.0,205.36700439453125,111.03579711914062
2022-08-11,25.875,2022-08-08,26.271875,0.0,-0.3968749999999978,0.3968749999999978,804.6915,1111.4076,72.4,0.38,193.05499267578125,-8.425679623283207,-7.105026050846926,-5.929301139430411,-6.318670307715989,0.0002812642207895,-8.176216039361295,0.0,0.0,0.0,0.0,0.0,0.0,1.0,0.0,0.0,0.0,0.0,208.1100006103516,149.09796142578125
2022-08-12,26.325,2022-08-09,26.994791666666668,0.0,-0.6697916666666686,0.6697916666666686,809.0264,1111.4076,72.79,0.39,192.1840057373047,-8.176216039361295,-7.907006496457644,-6.008491123952923,-6.248304582426948,2.0446749001087176e-05,-10.79768661225746,0.0,0.0,0.0,0.0,0.0,0.0,1.0,0.0,0.0,0.0,0.0,206.1080017089844,212.57118225097656
2022-08-15,23.8,2022-08-12,23.116666666666667,0.0,0.6833333333333336,0.6833333333333336,821.9575,1111.6165,73.94,0.39,206.1080017089844,-8.644778432710106,-6.888221555613673,-6.078366559584077,-6.272547334031455,9.344078638192996e-05,-9.278182612315302,0.0,0.0,0.0,0.0,0.0,0.0,1.0,0.0,0.0,0.0,0.0,220.1100006103516,182.54019165039062
2022-08-16,23.7,2022-08-13,23.67708333333333,0.0,0.0229166666666671,0.0229166666666671,826.8823,1111.6165,74.39,0.44,206.1080017089844,-8.644778432710106,-6.888221555613673,-6.078366559584077,-6.272547334031455,9.344078638192996e-05,-9.278182612315302,0.0,0.0,0.0,0.0,0.0,0.0,1.0,0.0,0.0,0.0,0.0,225.91400146484372,112.0191879272461
2022-08-17,22.35,2022-08-14,21.538541666666667,0.0,0.8114583333333343,0.8114583333333343,831.7792,1111.6165,74.83,0.44,206.1080017089844,-8.644778432710106,-6.888221555613673,-6.078366559584077,-6.272547334031455,9.344078638192996e-05,-9.278182612315302,0.0,0.0,0.0,0.0,0.0,0.0,1.0,0.0,0.0,0.0,0.0,225.8350067138672,120.09308624267578
2022-08-18,21.975,2022-08-15,20.926041666666663,0.0,1.048958333333335,1.048958333333335,836.2396,1111.8592,75.21,0.4,220.1100006103516,-9.278182612315302,-6.913189370403705,-6.116927126120045,-5.500893103942282,0.0043200533338202,-5.4444875307791145,0.0,0.0,0.0,0.0,0.0,0.0,1.0,0.0,0.0,0.0,0.0,241.0039978027344,110.41893005371094
2022-08-19,21.425,2022-08-16,21.634375,0.0,-0.2093749999999978,0.2093749999999978,840.2262,1111.8592,75.57,0.36,225.91400146484372,-5.4444875307791145,-6.318670307715989,-6.049723977775996,-5.4951000924587845,0.0006774035939982,-7.297243310540926,0.0,0.0,0.0,0.0,0.0,0.0,1.0,0.0,0.0,0.0,0.0,244.5500030517578,96.5411376953125
2022-08-22,22.15,2022-08-19,21.539583333333333,0.0,0.6104166666666657,0.6104166666666657,851.8611,1112.5571,76.57,0.37,244.5500030517578,-5.466463793855643,-6.285334221207887,-6.133923297745305,-4.964912839029385,0.0002133433487836,-8.452607719270167,0.0,0.0,0.0,0.0,0.0,0.0,1.0,0.0,0.0,0.0,0.0,276.7479858398437,117.67557525634766
2022-08-23,23.65,2022-08-20,23.846875,0.0,-0.1968749999999985,0.1968749999999985,856.726,1112.5571,77.01,0.44,244.5500030517578,-5.466463793855643,-6.285334221207887,-6.133923297745305,-4.964912839029385,0.0002133433487836,-8.452607719270167,0.0,0.0,0.0,0.0,0.0,0.0,1.0,0.0,0.0,0.0,0.0,269.04901123046875,81.54013061523438
2022-08-24,25.525,2022-08-21,25.83125,0.0,-0.3062500000000021,0.3062500000000021,861.512,1112.5571,77.44,0.43,244.5500030517578,-5.466463793855643,-6.285334221207887,-6.133923297745305,-4.964912839029385,0.0002133433487836,-8.452607719270167,0.0,0.0,0.0,0.0,0.0,0.0,1.0,0.0,0.0,0.0,0.0,292.1499938964844,122.68769073486328
2022-08-25,25.775,2022-08-22,25.721875,0.0,0.0531250000000014,0.0531250000000014,865.1155,1112.5576,77.76,0.32,276.7479858398437,-8.452607719270167,-6.272547334031455,-6.129754667787449,-4.307091503976662,0.015298596219746,-4.179994205071098,0.0,0.0,0.0,0.0,0.0,0.0,1.0,0.0,0.0,0.0,0.0,321.4140014648437,101.72952270507812
2022-08-26,21.225,2022-08-23,21.990625,0.0,-0.7656250000000036,0.7656250000000036,868.6321,1112.6087,78.07,0.32,269.04901123046875,-4.179994205071098,-5.500893103942282,-5.852777753645249,-4.238116061279319,0.0007960147167519,-7.135892882652692,0.0,0.0,0.0,0.0,0.0,0.0,1.0,0.0,0.0,0.0,0.0,339.1960144042969,145.3411865234375
2022-08-29,20.025,2022-08-26,20.140625,0.0,-0.1156250000000014,0.1156250000000014,879.6624,1113.2163,79.02,0.32,339.1960144042969,-4.698040032882276,-5.045024394834138,-6.0124797022052725,-4.244518221754666,0.0028996219145508,-5.843174924437102,0.0,0.0,0.0,0.0,0.0,0.0,1.0,0.0,0.0,0.0,0.0,272.6029968261719,108.25385284423828
2022-08-30,21.125,2022-08-27,20.251041666666666,0.0,0.8739583333333343,0.8739583333333343,883.9365,1113.2163,79.4,0.38,339.1960144042969,-4.698040032882276,-5.045024394834138,-6.0124797022052725,-4.244518221754666,0.0028996219145508,-5.843174924437102,0.0,0.0,0.0,0.0,0.0,0.0,1.0,0.0,0.0,0.0,0.0,252.9369964599609,81.79179382324219
2022-08-31,20.9,2022-08-28,21.042708333333334,0.0,-0.142708333333335,0.142708333333335,888.3667,1113.2163,79.8,0.4,339.1960144042969,-4.698040032882276,-5.045024394834138,-6.0124797022052725,-4.244518221754666,0.0028996219145508,-5.843174924437102,0.0,0.0,0.0,0.0,0.0,0.0,1.0,0.0,0.0,0.0,0.0,239.9069976806641,103.81266021728516
2022-09-01,21.525,2022-08-29,21.46875,0.0,0.0562499999999985,0.0562499999999985,891.4736,1113.1868,80.08,0.28,272.6029968261719,-5.843174924437102,-4.964912839029385,-5.9722070763850486,-4.926941179458989,0.0477691909893733,-3.0413743872402472,0.0,0.0,0.0,0.0,0.0,0.0,1.0,0.0,0.0,0.0,0.0,243.0039978027344,120.45700073242188
2022-09-02,20.775,2022-08-30,21.05625,0.0,-0.28125,0.28125,894.4697,1113.1868,80.35,0.27,252.9369964599609,-3.0413743872402472,-4.307091503976662,-5.365350688964957,-4.738501210112056,0.0056064274803788,-5.1838415748872375,0.0,0.0,0.0,0.0,0.0,0.0,1.0,0.0,0.0,0.0,0.0,214.6649932861328,115.27250671386719
2022-09-06,23.0,2022-09-03,21.715625,0.0,1.2843750000000007,1.2843750000000007,907.5318,1114.2842,81.45,0.4,214.6649932861328,-8.712475056780589,-4.435646555586366,-5.328457689057891,-4.900432269793111,0.0153758147230802,-4.174959476509403,0.0,0.0,0.0,0.0,0.0,0.0,0.0,1.0,0.0,0.0,0.0,239.8419952392578,117.78018951416016
2022-09-07,20.450000000000003,2022-09-04,21.210416666666667,0.0,-0.7604166666666643,0.7604166666666643,912.133,1114.2842,81.86,0.41,214.6649932861328,-8.712475056780589,-4.435646555586366,-5.328457689057891,-4.900432269793111,0.0153758147230802,-4.174959476509403,0.0,0.0,0.0,0.0,0.0,0.0,0.0,1.0,0.0,0.0,0.0,213.88299560546875,65.92174530029297
2022-09-08,18.075,2022-09-05,18.394791666666663,0.0,-0.3197916666666671,0.3197916666666671,915.5598,1114.2907,82.17,0.31,214.6649932861328,-8.712475056780589,-4.435646555586366,-5.328457689057891,-4.900432269793111,0.0153758147230802,-4.174959476509403,0.0,0.0,0.0,0.0,0.0,0.0,0.0,1.0,0.0,0.0,0.0,220.5410003662109,83.9590835571289
2022-09-09,16.7,2022-09-06,17.255208333333336,1.3000000000000007,-0.5552083333333364,0.5552083333333364,918.8292,1114.2907,82.46,0.29,239.8419952392578,-4.174959476509403,-4.244518221754666,-5.201065124537216,-5.235594151817919,0.0122991895487947,-4.398221909035211,0.0,0.0,0.0,0.0,0.0,0.0,0.0,1.0,0.0,0.0,0.0,207.09100341796875,119.15711212158203
2022-09-12,20.175,2022-09-09,20.477083333333333,0.0,-0.3020833333333321,0.3020833333333321,928.0413,1114.2907,83.29,0.29,207.09100341796875,-6.969951334453548,-4.781878499846022,-5.0077150799185866,-4.96579496456965,0.0039595925759939,-5.531614143606207,0.0,0.0,0.0,0.0,0.0,0.0,0.0,1.0,0.0,0.0,0.0,190.58799743652344,94.32772064208984
2022-09-13,20.65,2022-09-10,19.667708333333334,0.0,0.982291666666665,0.982291666666665,931.9245,1114.2907,83.63,0.35,207.09100341796875,-6.969951334453548,-4.781878499846022,-5.0077150799185866,-4.96579496456965,0.0039595925759939,-5.531614143606207,0.0,0.0,0.0,0.0,0.0,0.0,0.0,1.0,0.0,0.0,0.0,198.61199951171875,81.918212890625
2022-09-14,18.35,2022-09-11,17.147916666666667,0.0,1.2020833333333345,1.2020833333333345,935.8973,1114.2907,83.99,0.36,207.09100341796875,-6.969951334453548,-4.781878499846022,-5.0077150799185866,-4.96579496456965,0.0039595925759939,-5.531614143606207,0.0,0.0,0.0,0.0,0.0,0.0,0.0,1.0,0.0,0.0,0.0,217.8820037841797,66.75199127197266
2022-09-15,16.925,2022-09-12,17.011458333333334,1.0749999999999993,-0.0864583333333328,0.0864583333333328,938.707,1114.2907,84.24,0.25,190.58799743652344,-5.531614143606207,-4.695176265086518,-4.981287878648413,-5.154757817487129,0.0068963574206779,-4.97676191667416,0.0,0.0,0.0,0.0,0.0,0.0,0.0,1.0,0.0,0.0,0.0,214.2830047607422,111.95556640625
2022-09-16,14.15,2022-09-13,14.255208333333332,3.85,-0.1052083333333318,0.1052083333333318,941.3366,1114.088,84.49,0.24,198.61199951171875,-4.97676191667416,-4.900432269793111,-4.9649057428034284,-5.076056729137102,0.0017006677877306,-6.376734288151963,0.0,0.0,0.0,0.0,0.0,0.0,0.0,1.0,0.0,0.0,0.0,187.79299926757807,132.26222229003906
2022-09-19,13.65,2022-09-16,13.471875,4.35,0.1781249999999996,0.1781249999999996,950.3228,1114.088,85.3,0.33,187.79299926757807,-8.18996284222768,-5.4533869034778695,-4.926799020872109,-6.765626427799184,0.0174127303484769,-4.050553710991603,0.0,0.0,0.0,0.0,0.0,0.0,0.0,1.0,0.0,0.0,0.0,182.26199340820312,127.40645599365234
2022-09-20,13.2,2022-09-17,13.607291666666669,4.800000000000001,-0.4072916666666675,0.4072916666666675,954.4169,1114.088,85.67,0.37,187.79299926757807,-8.18996284222768,-5.4533869034778695,-4.926799020872109,-6.765626427799184,0.0174127303484769,-4.050553710991603,0.0,0.0,0.0,0.0,0.0,0.0,0.0,1.0,0.0,0.0,0.0,194.25900268554688,119.15711212158203
2022-09-21,13.9,2022-09-18,14.159375,4.1,-0.2593749999999986,0.2593749999999986,958.4001,1114.088,86.03,0.36,187.79299926757807,-8.18996284222768,-5.4533869034778695,-4.926799020872109,-6.765626427799184,0.0174127303484769,-4.050553710991603,0.0,0.0,0.0,0.0,0.0,0.0,0.0,1.0,0.0,0.0,0.0,189.781005859375,71.2380142211914
2022-09-22,14.65,2022-09-19,14.4625,3.35,0.1875,0.1875,960.9462,1114.088,86.25,0.23,182.26199340820312,-4.050553710991603,-4.96579496456965,-4.827018464020727,-6.310520704440311,0.000893717739904,-7.020120558700822,0.0,0.0,0.0,0.0,0.0,0.0,0.0,1.0,0.0,0.0,0.0,187.46800231933597,122.18487548828125
2022-09-23,15.375,2022-09-20,15.402083333333334,2.625,-0.0270833333333335,0.0270833333333335,963.3722,1114.088,86.47,0.22,194.25900268554688,-7.020120558700822,-5.154757817487129,-4.821960602001238,-6.248168080047746,0.0040637001364251,-5.505661356510609,0.0,0.0,0.0,0.0,0.0,0.0,0.0,1.0,0.0,0.0,0.0,185.4949951171875,109.77320098876953
2022-09-26,12.2,2022-09-23,12.490625,5.800000000000001,-0.2906250000000003,0.2906250000000003,970.8637,1114.2173,87.13,0.24,185.4949951171875,-8.802397680068166,-5.378902282642603,-4.910327783554361,-5.108809278723451,0.0001119422268482,-9.097527642535052,0.0,0.0,0.0,0.0,0.0,0.0,0.0,1.0,0.0,0.0,0.0,173.83399963378906,187.7991180419922
2022-09-27,11.05,2022-09-24,10.85,6.949999999999999,0.200000000000001,0.200000000000001,974.28,1114.219,87.44,0.31,185.4949951171875,-8.802397680068166,-5.378902282642603,-4.910327783554361,-5.108809278723451,0.0001119422268482,-9.097527642535052,0.0,0.0,0.0,0.0,0.0,0.0,0.0,1.0,0.0,0.0,0.0,186.0989990234375,108.01850891113281
2022-09-28,11.375,2022-09-25,11.429166666666667,6.625,-0.0541666666666671,0.0541666666666671,977.8193,1114.219,87.76,0.32,185.4949951171875,-8.802397680068166,-5.378902282642603,-4.910327783554361,-5.108809278723451,0.0001119422268482,-9.097527642535052,0.0,0.0,0.0,0.0,0.0,0.0,0.0,1.0,0.0,0.0,0.0,207.1869964599609,71.04702758789062
2022-09-29,11.7,2022-09-26,11.2125,6.300000000000001,0.4874999999999989,0.4874999999999989,980.3369,1114.219,87.98,0.23,173.83399963378906,-9.097527642535052,-6.765626427799184,-4.914555690892302,-4.903263377491801,0.004215526033313,-5.468980894766499,0.0,0.0,0.0,0.0,0.0,0.0,0.0,1.0,0.0,0.0,0.0,187.6649932861328,163.0200653076172
2022-09-30,13.05,2022-09-27,13.084375,4.949999999999999,-0.0343749999999989,0.0343749999999989,982.523,1114.227,88.18,0.2,186.0989990234375,-5.468980894766499,-6.310520704440311,-4.9306006986245485,-4.968532999202647,0.0046482350726207,-5.371267685491791,0.0,0.0,0.0,0.0,0.0,0.0,0.0,1.0,0.0,0.0,0.0,188.8000030517578,155.8855438232422
2022-10-03,13.575,2022-09-30,15.560416666666669,4.425000000000001,-1.9854166666666675,1.9854166666666675,987.4342,1112.8662,88.73,0.12,188.8000030517578,-4.626011856332648,-5.106311004153077,-5.169922925160025,-5.0423496070672496,3.635905742066449e-05,-10.222067185011632,0.0,0.0,0.0,0.0,0.0,0.0,0.0,1.0,0.0,0.0,0.0,169.91200256347656,162.7410430908203
2022-10-04,14.425,2022-10-01,15.325,3.5749999999999997,-0.8999999999999986,0.8999999999999986,991.0759,1112.8678,89.06,0.33,188.8000030517578,-4.626011856332648,-5.106311004153077,-5.169922925160025,-5.0423496070672496,3.635905742066449e-05,-10.222067185011632,0.0,0.0,0.0,0.0,0.0,0.0,0.0,1.0,0.0,0.0,0.0,161.9499969482422,154.9739227294922
2022-10-05,16.2,2022-10-02,16.602083333333333,1.8000000000000007,-0.4020833333333335,0.4020833333333335,994.9371,1112.8678,89.4,0.35,188.8000030517578,-4.626011856332648,-5.106311004153077,-5.169922925160025,-5.0423496070672496,3.635905742066449e-05,-10.222067185011632,0.0,0.0,0.0,0.0,0.0,0.0,0.0,1.0,0.0,0.0,0.0,173.6929931640625,120.60319519042969
2022-10-06,14.7,2022-10-03,14.453125,3.299999999999999,0.246875000000001,0.246875000000001,997.7611,1112.8678,89.66,0.25,169.91200256347656,-10.222067185011632,-5.108809278723451,-5.215480649751978,-5.455519537883167,0.0111107618894919,-4.499841100679921,0.0,0.0,0.0,0.0,0.0,0.0,0.0,0.0,1.0,0.0,0.0,175.71200561523438,123.89524841308594
2022-10-07,14.3,2022-10-04,14.097916666666666,3.6999999999999993,0.2020833333333342,0.2020833333333342,1000.1963,1112.8678,89.88,0.22,161.9499969482422,-4.499841100679921,-4.903263377491801,-5.148224852615662,-5.554323209293008,0.0023033322992157,-6.073398378402261,0.0,0.0,0.0,0.0,0.0,0.0,0.0,0.0,1.0,0.0,0.0,156.20700073242188,164.21275329589844
2022-10-10,13.775,2022-10-07,13.536458333333334,4.225,0.2385416666666664,0.2385416666666664,1008.5687,1113.8729,90.55,0.25,156.20700073242188,-8.920929766977201,-5.600273836350371,-5.323064697249241,-6.322780486828171,0.0138448798751777,-4.279839798729265,0.0,0.0,0.0,0.0,0.0,0.0,0.0,0.0,1.0,0.0,0.0,154.1179962158203,144.24093627929688
2022-10-11,12.45,2022-10-08,12.44375,5.550000000000001,0.0062499999999996,0.0062499999999996,1012.1288,1113.8731,90.87,0.32,156.20700073242188,-8.920929766977201,-5.600273836350371,-5.323064697249241,-6.322780486828171,0.0138448798751777,-4.279839798729265,0.0,0.0,0.0,0.0,0.0,0.0,0.0,0.0,1.0,0.0,0.0,156.781005859375,132.6922607421875
2022-10-12,12.55,2022-10-09,11.9,5.449999999999999,0.6500000000000004,0.6500000000000004,1015.4058,1113.8731,91.16,0.29,156.20700073242188,-8.920929766977201,-5.600273836350371,-5.323064697249241,-6.322780486828171,0.0138448798751777,-4.279839798729265,0.0,0.0,0.0,0.0,0.0,0.0,0.0,0.0,1.0,0.0,0.0,160.19000244140625,97.9522705078125
2022-10-13,13.1,2022-10-10,12.545833333333334,4.9,0.5541666666666654,0.5541666666666654,1017.8079,1113.8731,91.38,0.22,154.1179962158203,-4.279839798729265,-5.0423496070672496,-5.316350860258866,-5.541737467086997,0.0001812668342582,-8.615540384359749,0.0,0.0,0.0,0.0,0.0,0.0,0.0,0.0,1.0,0.0,0.0,153.8090057373047,193.3405303955078
2022-10-14,13.6,2022-10-11,14.167708333333334,4.4,-0.5677083333333339,0.5677083333333339,1019.4402,1113.8731,91.52,0.15,156.781005859375,-8.615540384359749,-5.455519537883167,-5.323395918907631,-4.981661880810267,0.0002934864509234,-8.133679080158679,0.0,0.0,0.0,0.0,0.0,0.0,0.0,0.0,1.0,0.0,0.0,141.9969940185547,228.25112915039062
2022-10-17,16.925,2022-10-14,16.717708333333334,1.0749999999999993,0.2072916666666664,0.2072916666666664,1024.3546,1114.9731,91.87,0.19,141.9969940185547,-6.405561312138781,-5.717799199394084,-5.422772330031602,-4.5365620883718485,0.006384924363983,-5.053815635302636,0.0,0.0,0.0,0.0,0.0,0.0,0.0,0.0,1.0,0.0,0.0,127.97799682617188,147.22523498535156
2022-10-18,15.75,2022-10-15,14.961458333333333,2.25,0.7885416666666671,0.7885416666666671,1027.5279,1114.9731,92.16,0.28,141.9969940185547,-6.405561312138781,-5.717799199394084,-5.422772330031602,-4.5365620883718485,0.006384924363983,-5.053815635302636,0.0,0.0,0.0,0.0,0.0,0.0,0.0,0.0,1.0,0.0,0.0,113.22200012207033,92.4211196899414
2022-10-19,14.15,2022-10-16,14.3875,3.85,-0.2375000000000007,0.2375000000000007,1030.6657,1114.9731,92.44,0.28,141.9969940185547,-6.405561312138781,-5.717799199394084,-5.422772330031602,-4.5365620883718485,0.006384924363983,-5.053815635302636,0.0,0.0,0.0,0.0,0.0,0.0,0.0,0.0,1.0,0.0,0.0,112.51000213623048,64.23261260986328
2022-10-20,14.85,2022-10-17,15.501041666666666,3.1500000000000004,-0.6510416666666661,0.6510416666666661,1033.0195,1114.9731,92.65,0.21,127.97799682617188,-5.053815635302636,-6.322780486828171,-5.44557728133003,-4.403977307276065,0.0108050908945419,-4.5277378766994,0.0,0.0,0.0,0.0,0.0,0.0,0.0,0.0,1.0,0.0,0.0,127.14700317382812,171.66856384277344
2022-10-21,16.099999999999998,2022-10-18,16.026041666666664,1.900000000000002,0.0739583333333335,0.0739583333333335,1034.8382,1114.9731,92.81,0.16,113.22200012207033,-4.5277378766994,-5.541737467086997,-5.3404155034868825,-4.684771978712865,0.0150081745595928,-4.199160255616342,0.0,0.0,0.0,0.0,0.0,0.0,0.0,0.0,1.0,0.0,0.0,113.57599639892578,128.9849395751953
2022-10-24,16.225,2022-10-21,16.477083333333333,1.7749999999999986,-0.2520833333333314,0.2520833333333314,1038.9309,1114.6241,93.21,0.12,113.57599639892578,-4.2025270892184095,-4.662890090245693,-5.270517598036697,-5.372984804047652,0.0127400291751608,-4.3630063387182245,0.0,0.0,0.0,0.0,0.0,0.0,0.0,0.0,1.0,0.0,0.0,99.16999816894533,174.34567260742188
2022-10-25,14.85,2022-10-22,14.971875,3.1500000000000004,-0.121875000000001,0.121875000000001,1041.3192,1114.6241,93.42,0.21,113.57599639892578,-4.2025270892184095,-4.662890090245693,-5.270517598036697,-5.372984804047652,0.0127400291751608,-4.3630063387182245,0.0,0.0,0.0,0.0,0.0,0.0,0.0,0.0,1.0,0.0,0.0,99.79399871826172,108.37702941894531
2022-10-26,16.8,2022-10-23,16.477083333333333,1.1999999999999993,0.3229166666666678,0.3229166666666678,1043.7044,1114.6253,93.64,0.21,113.57599639892578,-4.2025270892184095,-4.662890090245693,-5.270517598036697,-5.372984804047652,0.0127400291751608,-4.3630063387182245,0.0,0.0,0.0,0.0,0.0,0.0,0.0,0.0,1.0,0.0,0.0,104.31999969482422,52.3036994934082
2022-10-27,17.7,2022-10-24,17.7625,0.3000000000000007,-0.0625,0.0625,1045.8332,1114.6253,93.83,0.19,99.16999816894533,-4.3630063387182245,-4.5365620883718485,-5.168110715911348,-5.899132036618439,0.0183973018868145,-3.995551261651205,0.0,0.0,0.0,0.0,0.0,0.0,0.0,0.0,1.0,0.0,0.0,107.38400268554688,93.57535552978516
2022-10-28,18.725,2022-10-25,18.383333333333333,0.0,0.3416666666666685,0.3416666666666685,1047.0659,1115.4253,93.87,0.11,99.79399871826172,-3.995551261651205,-4.403977307276065,-5.032156528075596,-5.669697094316399,3.9344478190994846e-05,-10.143154893045624,0.0,0.0,0.0,0.0,0.0,0.0,0.0,0.0,1.0,0.0,0.0,112.24400329589844,139.72164916992188
2022-10-31,15.975,2022-10-28,15.514583333333334,2.0250000000000004,0.4604166666666653,0.4604166666666653,1051.498,1115.4553,94.27,0.16,112.24400329589844,-7.084499690669693,-4.991361051611433,-5.075807126646567,-5.230036596432036,0.0019592912716184,-6.235172466733987,0.0,0.0,0.0,0.0,0.0,0.0,0.0,0.0,1.0,0.0,0.0,123.35199737548828,203.68539428710938
2022-11-01,14.925,2022-10-29,15.008333333333333,3.0749999999999997,-0.0833333333333321,0.0833333333333321,1054.058,1116.8795,94.38,0.23,112.24400329589844,-7.084499690669693,-4.991361051611433,-5.075807126646567,-5.230036596432036,0.0019592912716184,-6.235172466733987,0.0,0.0,0.0,0.0,0.0,0.0,0.0,0.0,1.0,0.0,0.0,116.19300079345705,81.26068115234375
2022-11-02,13.3,2022-10-30,12.548958333333331,4.700000000000001,0.7510416666666657,0.7510416666666657,1056.6069,1115.4553,94.72,0.23,112.24400329589844,-7.084499690669693,-4.991361051611433,-5.075807126646567,-5.230036596432036,0.0019592912716184,-6.235172466733987,0.0,0.0,0.0,0.0,0.0,0.0,0.0,0.0,1.0,0.0,0.0,125.86299896240234,51.75886917114258
2022-11-03,12.875,2022-10-31,12.383333333333336,5.125,0.4916666666666653,0.4916666666666653,1058.2953,1116.4553,94.79,0.15,123.35199737548828,-6.235172466733987,-5.372984804047652,-5.14794217086864,-5.524991110667733,0.0089051180722909,-4.721129103115504,0.0,0.0,0.0,0.0,0.0,0.0,0.0,0.0,1.0,0.0,0.0,125.44499969482422,113.79048919677734
2022-11-04,10.3,2022-11-01,10.496875,7.699999999999999,-0.1968749999999985,0.1968749999999985,1060.2462,1116.4633,94.96,0.17,116.19300079345705,-4.721129103115504,-5.899132036618439,-5.154916958316677,-5.431598437754193,0.0035747755958479,-5.633852874918761,0.0,0.0,0.0,0.0,0.0,0.0,0.0,0.0,0.0,1.0,0.0,114.78600311279295,136.88296508789062
2022-11-07,12.825,2022-11-04,12.204166666666666,5.175000000000001,0.6208333333333336,0.6208333333333336,1062.0635,1116.8413,95.1,0.06,114.78600311279295,-11.411613447796308,-5.480276838444996,-5.182660874685395,-5.071925347972962,0.0078850600686839,-4.84278544037371,0.0,0.0,0.0,0.0,0.0,0.0,0.0,0.0,0.0,1.0,0.0,109.68299865722656,115.8915786743164
2022-11-08,13.6,2022-11-05,13.260416666666668,4.4,0.3395833333333318,0.3395833333333318,1063.3031,1117.8737,95.12,0.11,114.78600311279295,-11.411613447796308,-5.480276838444996,-5.182660874685395,-5.071925347972962,0.0078850600686839,-4.84278544037371,0.0,0.0,0.0,0.0,0.0,0.0,0.0,0.0,0.0,1.0,0.0,118.14700317382812,95.81807708740234
2022-11-09,12.875,2022-11-06,12.592708333333334,5.125,0.2822916666666657,0.2822916666666657,1064.696,1117.8737,95.24,0.12,114.78600311279295,-11.411613447796308,-5.480276838444996,-5.182660874685395,-5.071925347972962,0.0078850600686839,-4.84278544037371,0.0,0.0,0.0,0.0,0.0,0.0,0.0,0.0,0.0,1.0,0.0,113.1439971923828,101.14710235595703
2022-11-10,11.825,2022-11-07,11.911458333333334,6.175000000000001,-0.0864583333333346,0.0864583333333346,1065.2325,1117.8997,95.29,0.05,109.68299865722656,-4.84278544037371,-5.230036596432036,-5.15877725974809,-4.5693516039054485,0.0020679917606759,-6.181177306059564,0.0,0.0,0.0,0.0,0.0,0.0,0.0,0.0,0.0,1.0,0.0,113.4520034790039,139.72164916992188
2022-11-11,10.9,2022-11-08,11.401041666666666,7.1,-0.5010416666666657,0.5010416666666657,1065.8808,1117.9657,95.34,0.06,118.14700317382812,-6.181177306059564,-5.524991110667733,-5.14359774207994,-4.528993990547895,0.0055257314422997,-5.198339652413275,0.0,0.0,0.0,0.0,0.0,0.0,0.0,0.0,0.0,1.0,0.0,97.85299682617188,225.73756408691406
2022-11-14,9.5,2022-11-11,10.546875,8.5,-1.046875,1.046875,1067.8995,1118.0867,95.51,0.06,97.85299682617188,-11.815311840337948,-5.6631211861582935,-5.198949274394956,-4.869846104397937,0.0218784184325243,-3.8222545877007126,0.0,0.0,0.0,0.0,0.0,0.0,0.0,0.0,0.0,1.0,0.0,113.7040023803711,111.09221649169922
2022-11-15,11.175,2022-11-12,11.2875,6.824999999999999,-0.1124999999999989,0.1124999999999989,1068.8525,1118.1428,95.59,0.09,97.85299682617188,-11.815311840337948,-5.6631211861582935,-5.198949274394956,-4.869846104397937,0.0218784184325243,-3.8222545877007126,0.0,0.0,0.0,0.0,0.0,0.0,0.0,0.0,0.0,1.0,0.0,124.10399627685548,47.662845611572266
2022-11-16,11.075,2022-11-13,10.701041666666669,6.925000000000001,0.3739583333333325,0.3739583333333325,1069.9086,1118.1428,95.69,0.09,97.85299682617188,-11.815311840337948,-5.6631211861582935,-5.198949274394956,-4.869846104397937,0.0218784184325243,-3.8222545877007126,0.0,0.0,0.0,0.0,0.0,0.0,0.0,0.0,0.0,1.0,0.0,113.9000015258789,46.00788497924805
2022-11-17,11.05,2022-11-14,11.548958333333337,6.949999999999999,-0.4989583333333343,0.4989583333333343,1069.1771,1118.1758,95.62,-0.07,113.7040023803711,-3.8222545877007126,-5.071925347972962,-5.036598661101451,-5.753292497304639,0.0225397018768916,-3.792476996815932,0.0,0.0,0.0,0.0,0.0,0.0,0.0,0.0,0.0,1.0,0.0,112.55599975585938,188.92971801757812
2022-11-18,9.375,2022-11-15,9.525,8.625,-0.1500000000000003,0.1500000000000003,1067.9428,1118.2355,95.5,-0.11,124.10399627685548,-3.792476996815932,-4.5693516039054485,-4.900181633123314,-6.310148723761701,0.0076599766216712,-4.871746347104891,0.0,0.0,0.0,0.0,0.0,0.0,0.0,0.0,0.0,1.0,0.0,115.50900268554688,196.5082550048828
2022-11-21,6.75,2022-11-18,7.2,11.25,-0.4500000000000002,0.4500000000000002,1065.6542,1118.5193,95.27,-0.11,115.50900268554688,-8.867480373412741,-4.429865453191623,-5.010004391106135,-6.306395974020552,0.0006706856262341,-7.307210044588519,0.0,0.0,0.0,0.0,0.0,0.0,0.0,0.0,0.0,1.0,0.0,116.12799835205078,77.71419525146484
2022-11-22,7.449999999999999,2022-11-19,7.184375,10.55,0.2656249999999991,0.2656249999999991,1064.6139,1118.5193,95.18,-0.09,115.50900268554688,-8.867480373412741,-4.429865453191623,-5.010004391106135,-6.306395974020552,0.0006706856262341,-7.307210044588519,0.0,0.0,0.0,0.0,0.0,0.0,0.0,0.0,0.0,1.0,0.0,119.63899993896484,81.97037506103516
2022-11-23,8.6,2022-11-20,7.771875,9.4,0.8281249999999991,0.8281249999999991,1063.3403,1118.5393,95.07,-0.11,115.50900268554688,-8.867480373412741,-4.429865453191623,-5.010004391106135,-6.306395974020552,0.0006706856262341,-7.307210044588519,0.0,0.0,0.0,0.0,0.0,0.0,0.0,0.0,0.0,1.0,0.0,129.6199951171875,60.385345458984375
2022-11-25,8.95,2022-11-22,8.33125,9.05,0.6187499999999986,0.6187499999999986,1058.4577,1118.5393,94.63,-0.23,119.63899993896484,-10.463357848677472,-5.753292497304639,-5.112509824174538,-5.362350687157565,0.0008871973349039,-7.02744312474606,0.0,0.0,0.0,0.0,0.0,0.0,0.0,0.0,0.0,1.0,0.0,124.37000274658205,105.24880981445312
2022-11-28,8.275,2022-11-25,8.287500000000001,9.725,-0.012500000000001,0.012500000000001,1052.6613,1119.0297,94.07,-0.17,124.37000274658205,-5.04825533991614,-6.419436698993639,-5.310837741676692,-5.597139930596762,0.0017094949889303,-6.371557279611433,0.0,0.0,0.0,0.0,0.0,0.0,0.0,0.0,0.0,1.0,0.0,123.28199768066406,80.51380157470703
2022-11-29,7.45,2022-11-26,7.3375,10.55,0.1124999999999998,0.1124999999999998,1051.9008,1119.0297,94.0,-0.07,124.37000274658205,-5.04825533991614,-6.419436698993639,-5.310837741676692,-5.597139930596762,0.0017094949889303,-6.371557279611433,0.0,0.0,0.0,0.0,0.0,0.0,0.0,0.0,0.0,1.0,0.0,132.28599548339844,94.32772064208984
2022-11-30,6.85,2022-11-27,6.793749999999999,11.15,0.0562500000000003,0.0562500000000003,1051.2784,1119.0297,93.95,-0.06,124.37000274658205,-5.04825533991614,-6.419436698993639,-5.310837741676692,-5.597139930596762,0.0017094949889303,-6.371557279611433,0.0,0.0,0.0,0.0,0.0,0.0,0.0,0.0,0.0,1.0,0.0,146.39700317382812,85.42438507080078
2022-12-01,5.55,2022-11-28,5.583333333333334,12.45,-0.0333333333333341,0.0333333333333341,1047.93,1119.0297,93.65,-0.3,123.28199768066406,-6.371557279611433,-6.243371072587222,-5.295580250734122,-5.599105962549729,7.720469894875409e-05,-9.469050222621457,0.0,0.0,0.0,0.0,0.0,0.0,0.0,0.0,0.0,1.0,0.0,139.25799560546875,87.9999008178711
2022-12-02,3.5,2022-11-29,3.2177083333333334,14.5,0.2822916666666666,0.2822916666666666,1043.4119,1119.0297,93.24,-0.4,132.28599548339844,-9.469050222621457,-6.306395974020552,-5.312865131408985,-5.856491464805846,0.0049690961193642,-5.304517322543366,0.0,0.0,0.0,0.0,0.0,0.0,0.0,0.0,0.0,1.0,0.0,135.56199645996094,100.55011749267578
2022-12-05,3.625,2022-12-02,3.9166666666666665,14.375,-0.2916666666666665,0.2916666666666665,1028.3802,1119.0297,91.9,-0.46,135.56199645996094,-5.991711163320385,-5.545333521956084,-5.258655941431015,-6.068240435425157,0.0007235681494734,-7.231315820788526,0.0,0.0,0.0,0.0,0.0,0.0,0.0,0.0,0.0,0.0,1.0,134.69900512695312,109.09654235839844
2022-12-06,4.725,2022-12-03,4.415625,13.275,0.3093749999999993,0.3093749999999993,1025.075,1119.0297,91.6,-0.3,135.56199645996094,-5.991711163320385,-5.545333521956084,-5.258655941431015,-6.068240435425157,0.0007235681494734,-7.231315820788526,0.0,0.0,0.0,0.0,0.0,0.0,0.0,0.0,0.0,0.0,1.0,138.48800659179688,106.4093017578125
2022-12-07,4.875,2022-12-04,4.242708333333333,13.125,0.6322916666666671,0.6322916666666671,1021.829,1119.0297,91.31,-0.29,135.56199645996094,-5.991711163320385,-5.545333521956084,-5.258655941431015,-6.068240435425157,0.0007235681494734,-7.231315820788526,0.0,0.0,0.0,0.0,0.0,0.0,0.0,0.0,0.0,0.0,1.0,149.2449951171875,51.62443161010742
2022-12-08,3.775,2022-12-05,3.059375,14.225,0.7156249999999997,0.7156249999999997,1017.1151,1119.0297,90.89,-0.42,134.69900512695312,-7.231315820788526,-5.597139930596762,-5.283883661685555,-6.043142995799042,4.078580588249787e-05,-10.10717640760216,0.0,0.0,0.0,0.0,0.0,0.0,0.0,0.0,0.0,0.0,1.0,138.89300537109375,98.96951293945312
2022-12-09,1.6,2022-12-06,1.246875,16.4,0.3531250000000001,0.3531250000000001,1012.0558,1119.0297,90.44,-0.45,138.48800659179688,-10.10717640760216,-5.599105962549729,-5.342465151030176,-6.105950965845664,0.0007695647081032,-7.16968551581906,0.0,0.0,0.0,0.0,0.0,0.0,0.0,0.0,0.0,0.0,1.0,139.11300659179688,139.096923828125
2022-12-12,-0.1999999999999999,2022-12-09,-0.0479166666666666,18.2,-0.1520833333333333,0.1520833333333333,995.5367,1119.0297,88.96,-0.48,139.11300659179688,-5.265366221165904,-6.007815056934673,-5.3276695172463695,-5.224524932385035,2.5049668230164263e-06,-12.897234668613168,0.0,0.0,0.0,0.0,0.0,0.0,0.0,0.0,0.0,0.0,1.0,136.58999633789062,117.3084716796875
2022-12-13,-0.85,2022-12-10,-0.7427083333333333,18.85,-0.1072916666666666,0.1072916666666666,990.7029,1119.0297,88.53,-0.43,139.11300659179688,-5.265366221165904,-6.007815056934673,-5.3276695172463695,-5.224524932385035,2.5049668230164263e-06,-12.897234668613168,0.0,0.0,0.0,0.0,0.0,0.0,0.0,0.0,0.0,0.0,1.0,137.5290069580078,46.72901153564453
2022-12-14,-0.975,2022-12-11,0.5239583333333334,18.975,-1.4989583333333334,1.4989583333333334,985.4662,1119.0297,88.06,-0.47,139.11300659179688,-5.265366221165904,-6.007815056934673,-5.3276695172463695,-5.224524932385035,2.5049668230164263e-06,-12.897234668613168,0.0,0.0,0.0,0.0,0.0,0.0,0.0,0.0,0.0,0.0,1.0,131.51100158691406,18.454416275024414
2022-12-15,-0.6749999999999999,2022-12-12,0.1072916666666666,18.675,-0.7822916666666666,0.7822916666666666,977.6165,1119.0297,87.36,-0.7,136.58999633789062,-12.897234668613168,-6.068240435425157,-5.380761056851976,-5.103196461782385,0.0003349957342901,-8.001392756697301,0.0,0.0,0.0,0.0,0.0,0.0,0.0,0.0,0.0,0.0,1.0,134.76699829101562,158.36978149414062
2022-12-16,-0.4,2022-12-13,-0.86875,18.4,0.46875,0.46875,968.9158,1119.0297,86.59,-0.78,137.5290069580078,-8.001392756697301,-6.043142995799042,-5.396052382627713,-5.081594392690742,4.693816518201609e-05,-9.966679435581575,0.0,0.0,0.0,0.0,0.0,0.0,0.0,0.0,0.0,0.0,1.0,115.45099639892578,152.62684631347656
2022-12-19,5.9,2022-12-16,5.141666666666667,12.1,0.7583333333333329,0.7583333333333329,947.0468,1119.0297,84.63,-0.58,115.45099639892578,-7.421690830134441,-7.42371668563134,-5.938709427185508,-5.302842797757524,0.0239324558283457,-3.732519756780246,0.0,0.0,0.0,0.0,0.0,0.0,0.0,0.0,0.0,0.0,1.0,108.54299926757812,98.7958755493164
2022-12-20,7.925,2022-12-17,8.255208333333334,10.075,-0.3302083333333341,0.3302083333333341,942.356,1119.0297,84.21,-0.42,115.45099639892578,-7.421690830134441,-7.42371668563134,-5.938709427185508,-5.302842797757524,0.0239324558283457,-3.732519756780246,0.0,0.0,0.0,0.0,0.0,0.0,0.0,0.0,0.0,0.0,1.0,105.68800354003906,74.71957397460938
2022-12-21,8.725,2022-12-18,7.359375,9.275,1.3656249999999996,1.3656249999999996,938.3461,1119.0297,83.85,-0.36,115.45099639892578,-7.421690830134441,-7.42371668563134,-5.938709427185508,-5.302842797757524,0.0239324558283457,-3.732519756780246,0.0,0.0,0.0,0.0,0.0,0.0,0.0,0.0,0.0,0.0,1.0,97.7519989013672,49.73825454711914
2022-12-22,9.975,2022-12-19,8.897916666666667,8.025,1.0770833333333325,1.0770833333333325,934.2137,1119.0297,83.48,-0.37,108.54299926757812,-3.732519756780246,-5.224524932385035,-5.691334231861217,-5.409194445239899,0.0038068610312326,-5.570950305470356,0.0,0.0,0.0,0.0,0.0,0.0,0.0,0.0,0.0,0.0,1.0,91.93800354003906,171.4579620361328
2022-12-23,10.575,2022-12-20,12.279166666666669,7.425000000000001,-1.7041666666666675,1.7041666666666675,931.1683,1119.0297,83.21,-0.27,105.68800354003906,-5.570950305470356,-5.103196461782385,-5.740390337372561,-5.429407623907533,0.0007104895588558,-7.249556304615534,0.0,0.0,0.0,0.0,0.0,0.0,0.0,0.0,0.0,0.0,1.0,82.97699737548828,132.74404907226562
2022-12-27,6.3,2022-12-24,4.828125,11.7,1.4718749999999998,1.4718749999999998,929.2471,1119.4095,83.01,0.08,82.97699737548828,-5.583325441180698,-4.871668660379821,-5.6115261801090215,-5.865289322855316,0.0105167170350561,-4.554789189192134,0.0,0.0,0.0,0.0,0.0,0.0,0.0,0.0,0.0,0.0,1.0,80.04299926757812,80.7943344116211
2022-12-28,9.1,2022-12-25,7.397916666666667,8.9,1.7020833333333325,1.7020833333333325,930.615,1119.4095,83.13,0.12,82.97699737548828,-5.583325441180698,-4.871668660379821,-5.6115261801090215,-5.865289322855316,0.0105167170350561,-4.554789189192134,0.0,0.0,0.0,0.0,0.0,0.0,0.0,0.0,0.0,0.0,1.0,81.35099792480469,74.1619644165039
2022-12-29,10.2,2022-12-26,9.675,7.800000000000001,0.5249999999999986,0.5249999999999986,931.7377,1119.4095,83.23,0.1,82.97699737548828,-5.583325441180698,-4.871668660379821,-5.6115261801090215,-5.865289322855316,0.0105167170350561,-4.554789189192134,0.0,0.0,0.0,0.0,0.0,0.0,0.0,0.0,0.0,0.0,1.0,83.83000183105469,64.6985855102539
2022-12-30,9.325,2022-12-27,9.016666666666666,8.675,0.3083333333333335,0.3083333333333335,931.4395,1119.4095,83.21,-0.03,80.04299926757812,-4.554789189192134,-5.302842797757524,-5.498430268745048,-5.331541016124566,0.0012959602714025,-6.648503335532296,0.0,0.0,0.0,0.0,0.0,0.0,0.0,0.0,0.0,0.0,1.0,76.31500244140625,146.81739807128906
2023-01-03,7.75,2022-12-31,7.379166666666666,10.25,0.3708333333333335,0.3708333333333335,933.4146,1119.4095,83.38,0.09,76.31500244140625,-7.011925491211795,-5.6995996935021305,-5.564383149802605,-5.055524019398136,0.0088212325964559,-4.730593668449147,0.0,0.0,0.0,0.0,0.0,0.0,0.0,0.0,0.0,0.0,1.0,72.31400299072266,74.57938385009766
2023-01-04,11.0,2023-01-01,10.094791666666667,7.0,0.9052083333333324,0.9052083333333324,934.9278,1119.3095,83.53,0.0,76.31500244140625,-7.011925491211795,-5.6995996935021305,-5.564383149802605,-5.055524019398136,0.0088212325964559,-4.730593668449147,0.0,0.0,0.0,0.0,0.0,0.0,0.0,0.0,0.0,0.0,1.0,65.02200317382812,34.62614440917969
2023-01-05,11.2,2023-01-02,11.186458333333333,6.800000000000001,0.0135416666666667,0.0135416666666667,934.9074,1119.4212,83.52,-0.0,76.31500244140625,-7.011925491211795,-5.6995996935021305,-5.564383149802605,-5.055524019398136,0.0088212325964559,-4.730593668449147,0.0,0.0,0.0,0.0,0.0,0.0,0.0,0.0,0.0,0.0,1.0,72.4219970703125,117.05186462402344
2023-01-06,10.85,2023-01-03,10.217708333333334,7.15,0.6322916666666654,0.6322916666666654,933.9947,1119.4212,83.44,-0.08,72.31400299072266,-4.730593668449147,-5.435387934742165,-5.519702299116432,-5.038804403834275,0.0029000114046123,-5.843040609027652,0.0,0.0,0.0,0.0,0.0,0.0,0.0,0.0,0.0,0.0,0.0,69.53399658203125,198.44876098632812
2023-01-09,7.525,2023-01-06,6.783333333333333,10.475,0.7416666666666671,0.7416666666666671,931.2802,1119.4312,83.19,-0.05,69.53399658203125,-4.455245480853326,-4.946596639707545,-5.38889473510656,-5.869531435915637,0.0016560250561864,-6.40333509198229,0.0,0.0,0.0,0.0,0.0,0.0,0.0,0.0,0.0,0.0,0.0,74.302001953125,88.7294921875
2023-01-10,7.075,2023-01-07,6.716666666666667,10.925,0.3583333333333334,0.3583333333333334,930.8104,1119.4312,83.15,-0.04,69.53399658203125,-4.455245480853326,-4.946596639707545,-5.38889473510656,-5.869531435915637,0.0016560250561864,-6.40333509198229,0.0,0.0,0.0,0.0,0.0,0.0,0.0,0.0,0.0,0.0,0.0,70.07099914550781,88.86172485351562
2023-01-11,9.875,2023-01-08,9.107291666666669,8.125,0.7677083333333332,0.7677083333333332,930.03,1119.4312,83.08,-0.07,69.53399658203125,-4.455245480853326,-4.946596639707545,-5.38889473510656,-5.869531435915637,0.0016560250561864,-6.40333509198229,0.0,0.0,0.0,0.0,0.0,0.0,0.0,0.0,0.0,0.0,0.0,65.34600067138672,29.228540420532227
2023-01-12,10.375,2023-01-09,8.888541666666667,7.625,1.4864583333333332,1.4864583333333332,927.5206,1119.4312,82.86,-0.22,74.302001953125,-6.40333509198229,-4.925575467304282,-5.372946460710114,-5.775183798879776,0.0043986213626834,-5.426464113590491,0.0,0.0,0.0,0.0,0.0,0.0,0.0,0.0,0.0,0.0,0.0,66.80899810791016,86.12676239013672
2023-01-13,9.175,2023-01-10,8.910416666666666,8.825,0.2645833333333343,0.2645833333333343,924.8934,1119.4312,82.62,-0.23,70.07099914550781,-5.426464113590491,-5.055524019398136,-5.338015950913669,-5.966692144118391,0.0034373472139326,-5.67305526354226,0.0,0.0,0.0,0.0,0.0,0.0,0.0,0.0,0.0,0.0,0.0,64.81199645996094,114.62171936035156
2023-01-17,2.925,2023-01-14,2.9447916666666667,15.075,-0.0197916666666668,0.0197916666666668,915.3039,1119.956,81.73,-0.19,64.81199645996094,-7.620600125373515,-5.818785133508001,-5.35677262445772,-5.721583707638267,0.000920943862896,-6.990111474819487,0.0,0.0,0.0,0.0,0.0,0.0,0.0,0.0,0.0,0.0,0.0,60.06100082397461,95.40194702148438
2023-01-18,2.575,2023-01-15,2.189583333333333,15.425,0.3854166666666669,0.3854166666666669,912.9805,1119.956,81.52,-0.21,64.81199645996094,-7.620600125373515,-5.818785133508001,-5.35677262445772,-5.721583707638267,0.000920943862896,-6.990111474819487,0.0,0.0,0.0,0.0,0.0,0.0,0.0,0.0,0.0,0.0,0.0,61.70899963378906,42.60537338256836
2023-01-19,2.375,2023-01-16,2.1489583333333337,15.625,0.2260416666666662,0.2260416666666662,908.2574,1119.956,81.1,-0.42,64.81199645996094,-7.620600125373515,-5.818785133508001,-5.35677262445772,-5.721583707638267,0.000920943862896,-6.990111474819487,0.0,0.0,0.0,0.0,0.0,0.0,0.0,0.0,0.0,0.0,0.0,60.71699905395508,107.10379791259766
2023-01-20,2.025,2023-01-17,2.107291666666667,15.975,-0.0822916666666668,0.0822916666666668,902.9051,1119.956,80.62,-0.48,60.06100082397461,-6.990111474819487,-5.869531435915637,-5.351141050037628,-5.255474183790374,0.0057957754727831,-5.150625993406695,0.0,0.0,0.0,0.0,0.0,0.0,0.0,0.0,0.0,0.0,0.0,66.89800262451172,127.40645599365234
2023-01-23,1.9,2023-01-20,1.3,16.1,0.5999999999999999,0.5999999999999999,883.7173,1120.746,78.85,-0.62,66.89800262451172,-8.244738547526602,-6.412774028385164,-5.312193088714954,-5.643455437560387,0.0093984108490535,-4.66721466250312,0.0,0.0,0.0,0.0,0.0,0.0,0.0,0.0,0.0,0.0,0.0,65.9990005493164,152.3668212890625
2023-01-24,1.75,2023-01-21,1.4854166666666666,16.25,0.2645833333333334,0.2645833333333334,877.8163,1120.746,78.32,-0.53,66.89800262451172,-8.244738547526602,-6.412774028385164,-5.312193088714954,-5.643455437560387,0.0093984108490535,-4.66721466250312,0.0,0.0,0.0,0.0,0.0,0.0,0.0,0.0,0.0,0.0,0.0,58.26900100708008,126.19306182861328
2023-01-25,1.3,2023-01-22,1.6645833333333333,16.7,-0.3645833333333332,0.3645833333333332,871.6349,1120.746,77.77,-0.55,66.89800262451172,-8.244738547526602,-6.412774028385164,-5.312193088714954,-5.643455437560387,0.0093984108490535,-4.66721466250312,0.0,0.0,0.0,0.0,0.0,0.0,0.0,0.0,0.0,0.0,0.0,56.65999984741211,41.53689956665039
2023-01-26,2.6,2023-01-23,3.758333333333333,15.4,-1.1583333333333332,1.1583333333333332,863.5858,1121.45,77.01,-0.72,65.9990005493164,-4.66721466250312,-5.677500839057983,-5.456033237088372,-5.652499006709592,0.0001830476904403,-8.605763830111687,0.0,0.0,0.0,0.0,0.0,0.0,0.0,0.0,0.0,0.0,0.0,54.81499862670898,87.70545959472656
2023-01-27,3.425,2023-01-24,2.253125,14.575,1.171875,1.171875,855.5187,1121.45,76.29,-0.72,58.26900100708008,-8.605763830111687,-5.721583707638267,-5.495368477353154,-7.250116730393113,0.015517525928706,-4.16578518868021,0.0,0.0,0.0,0.0,0.0,0.0,0.0,0.0,0.0,0.0,0.0,55.42499923706055,89.98486328125
2023-01-30,5.575,2023-01-27,5.736458333333333,12.425,-0.161458333333333,0.161458333333333,832.8192,1121.4501,74.26,-0.7,55.42499923706055,-6.816163792215571,-5.222134434192876,-5.422435007104916,-6.913150632318652,0.0001224760025634,-9.007595436446568,0.0,0.0,0.0,0.0,0.0,0.0,0.0,0.0,0.0,0.0,0.0,55.15599822998047,120.77069091796875
2023-01-31,5.5,2023-01-28,5.310416666666667,12.5,0.1895833333333332,0.1895833333333332,826.3144,1121.4501,73.68,-0.58,55.42499923706055,-6.816163792215571,-5.222134434192876,-5.422435007104916,-6.913150632318652,0.0001224760025634,-9.007595436446568,0.0,0.0,0.0,0.0,0.0,0.0,0.0,0.0,0.0,0.0,0.0,57.35200119018555,82.9361572265625
2023-02-01,6.824999999999999,2023-01-29,6.101041666666667,11.175,0.7239583333333321,0.7239583333333321,820.416,1121.4501,73.16,-0.53,55.42499923706055,-6.816163792215571,-5.222134434192876,-5.422435007104916,-6.913150632318652,0.0001224760025634,-9.007595436446568,0.0,0.0,0.0,0.0,0.0,0.0,0.0,0.0,0.0,0.0,0.0,59.527000427246094,55.20946502685547
2023-02-02,7.925,2023-01-30,7.298958333333333,10.075,0.6260416666666666,0.6260416666666666,813.9446,1121.4501,72.58,-0.58,55.15599822998047,-9.007595436446568,-5.643455437560387,-5.535581615547516,-6.915018866634177,2.367055878609276e-05,-10.651278485115462,0.0,0.0,0.0,0.0,0.0,0.0,0.0,0.0,0.0,0.0,0.0,57.040000915527344,155.17120361328125
2023-02-03,8.55,2023-01-31,8.46875,9.45,0.0812500000000007,0.0812500000000007,810.1731,1123.7501,72.1,-0.34,57.35200119018555,-10.651278485115462,-5.652499006709592,-5.550353627058838,-6.774352334706683,0.0015242961461629,-6.486222518310435,0.0,0.0,0.0,0.0,0.0,0.0,0.0,0.0,0.0,0.0,0.0,57.88899993896485,148.3239288330078
2023-02-06,4.275,2023-02-03,3.747916666666667,13.725,0.5270833333333336,0.5270833333333336,795.4744,1123.7501,70.79,-0.38,57.88899993896485,-6.30818062930267,-6.932604816588309,-5.613776613038562,-7.102238559956186,0.0002182885271048,-8.429692846843317,1.0,0.0,0.0,0.0,0.0,0.0,0.0,0.0,0.0,0.0,0.0,58.10900115966797,116.32762908935547
2023-02-07,2.6,2023-02-04,2.15625,15.4,0.4437500000000001,0.4437500000000001,791.9875,1123.7501,70.48,-0.31,57.88899993896485,-6.30818062930267,-6.932604816588309,-5.613776613038562,-7.102238559956186,0.0002182885271048,-8.429692846843317,1.0,0.0,0.0,0.0,0.0,0.0,0.0,0.0,0.0,0.0,0.0,55.40299987792969,119.19284057617188
2023-02-08,2.725,2023-02-05,2.5395833333333333,15.275,0.1854166666666667,0.1854166666666667,787.1428,1121.7507,70.17,-0.43,57.88899993896485,-6.30818062930267,-6.932604816588309,-5.613776613038562,-7.102238559956186,0.0002182885271048,-8.429692846843317,1.0,0.0,0.0,0.0,0.0,0.0,0.0,0.0,0.0,0.0,0.0,53.6870002746582,83.86247253417969
2023-02-09,2.675,2023-02-06,2.239583333333333,15.325,0.4354166666666663,0.4354166666666663,781.1436,1123.7501,69.51,-0.53,58.10900115966797,-8.429692846843317,-6.913150632318652,-5.6477691754634005,-6.742168980973204,1.4388323808668684e-05,-11.149093457415685,1.0,0.0,0.0,0.0,0.0,0.0,0.0,0.0,0.0,0.0,0.0,52.73400115966797,112.52884674072266
2023-02-10,4.975,2023-02-07,4.469791666666667,13.025,0.505208333333333,0.505208333333333,773.8454,1123.7501,68.86,-0.65,55.40299987792969,-11.149093457415685,-6.915018866634177,-5.804991319391955,-7.183088905912341,0.0022740342747915,-6.086199810859923,1.0,0.0,0.0,0.0,0.0,0.0,0.0,0.0,0.0,0.0,0.0,53.946998596191406,138.02365112304688
2023-02-13,7.225,2023-02-10,7.088541666666666,10.775,0.1364583333333335,0.1364583333333335,752.3464,1123.7501,66.95,-0.58,53.946998596191406,-8.044740659295504,-7.177621881024366,-6.0439605623961326,-6.227095236695576,0.0005171815663595,-7.567116550991103,1.0,0.0,0.0,0.0,0.0,0.0,0.0,0.0,0.0,0.0,0.0,51.70700073242188,147.8824920654297
2023-02-14,7.1,2023-02-11,7.363541666666666,10.9,-0.2635416666666668,0.2635416666666668,747.5334,1123.7501,66.52,-0.43,53.946998596191406,-8.044740659295504,-7.177621881024366,-6.0439605623961326,-6.227095236695576,0.0005171815663595,-7.567116550991103,1.0,0.0,0.0,0.0,0.0,0.0,0.0,0.0,0.0,0.0,0.0,52.38600158691406,98.81238555908203
2023-02-15,7.15,2023-02-12,7.366666666666667,10.85,-0.2166666666666667,0.2166666666666667,743.4935,1123.7501,66.16,-0.36,53.946998596191406,-8.044740659295504,-7.177621881024366,-6.0439605623961326,-6.227095236695576,0.0005171815663595,-7.567116550991103,1.0,0.0,0.0,0.0,0.0,0.0,0.0,0.0,0.0,0.0,0.0,54.71599960327149,75.77769470214844
2023-02-16,8.3,2023-02-13,8.326041666666665,9.7,-0.0260416666666642,0.0260416666666642,738.3865,1123.7501,65.71,-0.45,51.70700073242188,-7.567116550991103,-7.102238559956186,-6.101542638482036,-6.414950153297648,0.0017985125990482,-6.320795288988119,1.0,0.0,0.0,0.0,0.0,0.0,0.0,0.0,0.0,0.0,0.0,52.01100158691406,110.41893005371094
2023-02-17,10.975,2023-02-14,10.854166666666666,7.025,0.1208333333333335,0.1208333333333335,733.4188,1123.7501,65.27,-0.44,52.38600158691406,-6.320795288988119,-6.742168980973204,-6.165997153095606,-6.246484663037494,0.0001702040472097,-8.67851255709174,1.0,0.0,0.0,0.0,0.0,0.0,0.0,0.0,0.0,0.0,0.0,49.047000885009766,82.66657257080078
2023-02-21,9.1,2023-02-18,9.604166666666666,8.9,-0.5041666666666664,0.5041666666666664,720.8646,1123.7501,64.15,-0.11,49.047000885009766,-5.963623281329232,-6.578424596615446,-6.22329923453611,-6.498087402486909,0.0034428993893433,-5.671441316562031,1.0,0.0,0.0,0.0,0.0,0.0,0.0,0.0,0.0,0.0,0.0,48.54199981689453,86.7698745727539
2023-02-22,9.125,2023-02-19,9.122916666666669,8.875,0.0020833333333332,0.0020833333333332,719.4409,1123.7501,64.02,-0.13,49.047000885009766,-5.963623281329232,-6.578424596615446,-6.22329923453611,-6.498087402486909,0.0034428993893433,-5.671441316562031,1.0,0.0,0.0,0.0,0.0,0.0,0.0,0.0,0.0,0.0,0.0,50.56800079345703,115.21974182128906
2023-02-23,8.325,2023-02-20,7.8375,9.675,0.4874999999999989,0.4874999999999989,716.7556,1123.7501,63.78,-0.24,49.047000885009766,-5.963623281329232,-6.578424596615446,-6.22329923453611,-6.498087402486909,0.0034428993893433,-5.671441316562031,1.0,0.0,0.0,0.0,0.0,0.0,0.0,0.0,0.0,0.0,0.0,50.77999877929688,146.02967834472656
2023-02-24,6.65,2023-02-21,5.604166666666667,11.35,1.0458333333333334,1.0458333333333334,713.3503,1123.7501,63.48,-0.3,48.54199981689453,-5.671441316562031,-6.227095236695576,-6.163020710931949,-6.488179630617744,0.0001071150749669,-9.141606825085663,1.0,0.0,0.0,0.0,0.0,0.0,0.0,0.0,0.0,0.0,0.0,51.01300048828125,174.98080444335938
2023-02-27,2.55,2023-02-24,2.113541666666667,15.45,0.4364583333333329,0.4364583333333329,703.9285,1123.7502,62.64,-0.27,51.01300048828125,-10.953179944706562,-6.461781083207805,-6.353820726590115,-6.488026021729183,2.0957713525600244e-05,-10.773003744265852,1.0,0.0,0.0,0.0,0.0,0.0,0.0,0.0,0.0,0.0,0.0,47.29899978637695,110.97380065917969
2023-02-28,2.325,2023-02-25,2.720833333333333,15.675,-0.395833333333333,0.395833333333333,701.2036,1123.7502,62.4,-0.24,51.01300048828125,-10.953179944706562,-6.461781083207805,-6.353820726590115,-6.488026021729183,2.0957713525600244e-05,-10.773003744265852,1.0,0.0,0.0,0.0,0.0,0.0,0.0,0.0,0.0,0.0,0.0,46.665000915527344,84.05022430419922
2023-03-01,2.9,2023-02-26,3.0854166666666667,15.1,-0.1854166666666667,0.1854166666666667,698.504,1123.7502,62.16,-0.24,51.01300048828125,-10.953179944706562,-6.461781083207805,-6.353820726590115,-6.488026021729183,2.0957713525600244e-05,-10.773003744265852,1.0,0.0,0.0,0.0,0.0,0.0,0.0,0.0,0.0,0.0,0.0,47.08399963378906,67.60342407226562
2023-03-02,4.3,2023-02-27,4.334375,13.7,-0.0343749999999998,0.0343749999999998,692.215,1124.7179,61.55,-0.56,47.29899978637695,-10.773003744265852,-6.856979967915549,-6.872681071918981,-6.705695464801973,0.0057140541096899,-5.164826505374164,1.0,0.0,0.0,0.0,0.0,0.0,0.0,0.0,0.0,0.0,0.0,46.81499862670898,125.6263198852539
2023-03-03,4.275,2023-02-28,5.102083333333333,13.725,-0.8270833333333325,0.8270833333333325,686.3222,1124.6164,61.03,-0.52,46.665000915527344,-5.164826505374164,-6.498087402486909,-6.676813819830286,-6.607206049039657,0.0001821072107246,-8.610914968913965,1.0,0.0,0.0,0.0,0.0,0.0,0.0,0.0,0.0,0.0,0.0,44.97999954223633,146.95309448242188
2023-03-06,4.6,2023-03-03,4.672916666666667,13.4,-0.0729166666666669,0.0729166666666669,671.2202,1124.7179,59.68,-0.44,44.97999954223633,-10.324219884247784,-6.720471161167405,-6.7115885449384045,-4.743098941564521,0.0015988561007118,-6.43846684185545,0.0,1.0,0.0,0.0,0.0,0.0,0.0,0.0,0.0,0.0,0.0,42.14899826049805,154.6261444091797
2023-03-07,4.525,2023-03-04,4.285416666666666,13.475,0.2395833333333339,0.2395833333333339,668.9794,1124.7179,59.48,-0.2,44.97999954223633,-10.324219884247784,-6.720471161167405,-6.7115885449384045,-4.743098941564521,0.0015988561007118,-6.43846684185545,0.0,1.0,0.0,0.0,0.0,0.0,0.0,0.0,0.0,0.0,0.0,43.369998931884766,101.25752258300781
2023-03-08,4.3500000000000005,2023-03-05,2.0583333333333336,13.65,2.291666666666667,2.291666666666667,662.7734,1124.7179,58.93,-0.55,44.97999954223633,-10.324219884247784,-6.720471161167405,-6.7115885449384045,-4.743098941564521,0.0015988561007118,-6.43846684185545,0.0,1.0,0.0,0.0,0.0,0.0,0.0,0.0,0.0,0.0,0.0,42.3390007019043,60.04654312133789
2023-03-09,7.275,2023-03-06,4.644791666666666,10.725,2.630208333333334,2.630208333333334,658.1859,1124.7179,58.52,-0.41,42.14899826049805,-6.43846684185545,-6.488026021729183,-6.708807008966445,-4.746315898548793,0.0042259124218083,-5.466520083427433,0.0,1.0,0.0,0.0,0.0,0.0,0.0,0.0,0.0,0.0,0.0,43.5989990234375,106.85701751708984
2023-03-10,5.95,2023-03-07,7.319791666666667,12.05,-1.369791666666667,1.369791666666667,652.4524,1124.7179,58.01,-0.51,43.369998931884766,-5.466520083427433,-6.705695464801973,-6.608222218414742,-4.4937583568893125,0.0008155031123116,-7.111705318238268,0.0,1.0,0.0,0.0,0.0,0.0,0.0,0.0,0.0,0.0,0.0,52.85699844360352,161.43118286132812
2023-03-13,12.9,2023-03-10,11.902083333333334,5.1,0.9979166666666668,0.9979166666666668,639.3208,1124.7179,56.84,-0.29,52.85699844360352,-7.058593741773718,-6.4279118823021255,-6.601496338658752,-5.497601916363468,0.0370777871477904,-3.294737217821732,0.0,1.0,0.0,0.0,0.0,0.0,0.0,0.0,0.0,0.0,0.0,49.58399963378906,113.44409942626953
2023-03-14,7.800000000000001,2023-03-11,7.063541666666667,10.2,0.7364583333333341,0.7364583333333341,636.7109,1124.7179,56.61,-0.23,52.85699844360352,-7.058593741773718,-6.4279118823021255,-6.601496338658752,-5.497601916363468,0.0370777871477904,-3.294737217821732,0.0,1.0,0.0,0.0,0.0,0.0,0.0,0.0,0.0,0.0,0.0,44.185001373291016,84.21781921386719
2023-03-15,5.85,2023-03-12,4.979166666666667,12.15,0.8708333333333327,0.8708333333333327,635.0198,1124.7179,56.46,-0.15,52.85699844360352,-7.058593741773718,-6.4279118823021255,-6.601496338658752,-5.497601916363468,0.0370777871477904,-3.294737217821732,0.0,1.0,0.0,0.0,0.0,0.0,0.0,0.0,0.0,0.0,0.0,42.90499877929688,77.71419525146484
2023-03-16,9.0,2023-03-13,8.870833333333334,9.0,0.1291666666666664,0.1291666666666664,633.9407,1124.7179,56.36,-0.1,49.58399963378906,-3.294737217821732,-4.743098941564521,-5.829235922905195,-5.347744411914296,0.004086013233551,-5.500185543592669,0.0,1.0,0.0,0.0,0.0,0.0,0.0,0.0,0.0,0.0,0.0,44.34099960327149,144.29745483398438
2023-03-17,11.6,2023-03-14,10.782291666666666,6.4,0.8177083333333339,0.8177083333333339,632.0824,1124.7179,56.2,-0.17,44.185001373291016,-5.500185543592669,-4.746315898548793,-5.782483312637217,-5.733880071634047,0.0132901234246216,-4.320734119195396,0.0,1.0,0.0,0.0,0.0,0.0,0.0,0.0,0.0,0.0,0.0,42.85699844360352,117.3084716796875
2023-03-20,9.25,2023-03-17,10.210416666666667,8.75,-0.9604166666666673,0.9604166666666673,625.9414,1124.7179,55.65,-0.09,42.85699844360352,-6.827264316461108,-4.484689818630348,-5.611971963479324,-5.299548505768489,0.0011587755227257,-6.760391414378997,0.0,1.0,0.0,0.0,0.0,0.0,0.0,0.0,0.0,0.0,0.0,39.32500076293945,85.22901153564453
2023-03-21,10.8,2023-03-18,10.275,7.199999999999999,0.5250000000000004,0.5250000000000004,626.5062,1124.7179,55.7,0.05,42.85699844360352,-6.827264316461108,-4.484689818630348,-5.611971963479324,-5.299548505768489,0.0011587755227257,-6.760391414378997,0.0,1.0,0.0,0.0,0.0,0.0,0.0,0.0,0.0,0.0,0.0,42.400001525878906,87.94427490234375
2023-03-22,11.1,2023-03-19,9.99375,6.9,1.1062499999999993,1.1062499999999993,626.8036,1124.7179,55.73,0.03,42.85699844360352,-6.827264316461108,-4.484689818630348,-5.611971963479324,-5.299548505768489,0.0011587755227257,-6.760391414378997,0.0,1.0,0.0,0.0,0.0,0.0,0.0,0.0,0.0,0.0,0.0,39.97499847412109,32.057106018066406
2023-03-23,13.075,2023-03-20,11.857291666666669,4.925000000000001,1.2177083333333325,1.2177083333333325,625.445,1124.7179,55.61,-0.12,39.32500076293945,-6.760391414378997,-5.497601916363468,-5.599748987408122,-5.58608981196867,0.0073974599393669,-4.906618588997989,0.0,1.0,0.0,0.0,0.0,0.0,0.0,0.0,0.0,0.0,0.0,43.18600082397461,94.06885528564453
2023-03-24,11.925,2023-03-21,11.707291666666666,6.074999999999999,0.2177083333333342,0.2177083333333342,624.9643,1124.7179,55.57,-0.04,42.400001525878906,-4.906618588997989,-5.347744411914296,-5.5343023692389695,-5.943998682654008,0.0056682723856766,-5.172870901378859,0.0,1.0,0.0,0.0,0.0,0.0,0.0,0.0,0.0,0.0,0.0,41.09400177001953,129.9046173095703
2023-03-27,6.075,2023-03-24,5.43125,11.925,0.6437500000000007,0.6437500000000007,627.5113,1124.7179,55.79,0.13,41.09400177001953,-5.1211017430686905,-5.353302752756271,-5.435879516220782,-6.199973287832213,0.0024655414859536,-6.005343825447707,0.0,1.0,0.0,0.0,0.0,0.0,0.0,0.0,0.0,0.0,0.0,42.52799987792969,72.6195297241211
2023-03-28,6.35,2023-03-25,6.446875,11.65,-0.0968749999999998,0.0968749999999998,628.9689,1123.2643,55.99,0.13,41.09400177001953,-5.1211017430686905,-5.353302752756271,-5.435879516220782,-6.199973287832213,0.0024655414859536,-6.005343825447707,0.0,1.0,0.0,0.0,0.0,0.0,0.0,0.0,0.0,0.0,0.0,42.75199890136719,101.61250305175781
2023-03-29,11.65,2023-03-26,10.39375,6.35,1.2562499999999996,1.2562499999999996,629.8029,1124.7179,56.0,0.07,41.09400177001953,-5.1211017430686905,-5.353302752756271,-5.435879516220782,-6.199973287832213,0.0024655414859536,-6.005343825447707,0.0,1.0,0.0,0.0,0.0,0.0,0.0,0.0,0.0,0.0,0.0,42.803001403808594,31.64873695373535
2023-03-30,13.2,2023-03-27,12.419791666666669,4.800000000000001,0.7802083333333325,0.7802083333333325,628.2532,1124.7179,55.86,-0.14,42.52799987792969,-6.005343825447707,-5.299548505768489,-5.427635268796412,-5.876989235358892,0.0011765250647536,-6.745190044665812,0.0,1.0,0.0,0.0,0.0,0.0,0.0,0.0,0.0,0.0,0.0,43.60900115966797,120.9456787109375
2023-03-31,10.975,2023-03-28,10.21875,7.024999999999999,0.7562500000000014,0.7562500000000014,625.8618,1124.6164,55.65,-0.21,42.75199890136719,-6.745190044665812,-5.58608981196867,-5.415715429165616,-5.355581799479009,2.7596872546426104e-05,-10.49780806896093,0.0,1.0,0.0,0.0,0.0,0.0,0.0,0.0,0.0,0.0,0.0,47.845001220703125,76.7618179321289
2023-04-03,6.125,2023-03-31,5.582291666666666,11.875,0.5427083333333336,0.5427083333333336,627.8241,1125.2066,55.8,0.21,47.845001220703125,-7.963244481695765,-7.126133433548791,-5.474020708627148,-5.645201683726056,0.0085938586462773,-4.75670744160294,0.0,1.0,0.0,0.0,0.0,0.0,0.0,0.0,0.0,0.0,0.0,51.367000579833984,90.4455337524414
2023-04-04,5.65,2023-04-01,5.663541666666667,12.35,-0.0135416666666667,0.0135416666666667,627.9931,1124.9783,55.82,0.02,47.845001220703125,-7.963244481695765,-7.126133433548791,-5.474020708627148,-5.645201683726056,0.0085938586462773,-4.75670744160294,0.0,1.0,0.0,0.0,0.0,0.0,0.0,0.0,0.0,0.0,0.0,46.56800079345703,52.35380172729492
2023-04-05,7.5,2023-04-02,6.820833333333333,10.5,0.6791666666666671,0.6791666666666671,628.5865,1124.8219,55.88,0.05,47.845001220703125,-7.963244481695765,-7.126133433548791,-5.474020708627148,-5.645201683726056,0.0085938586462773,-4.75670744160294,0.0,1.0,0.0,0.0,0.0,0.0,0.0,0.0,0.0,0.0,0.0,44.57500076293945,43.58641815185547
2023-04-06,8.2,2023-04-03,7.319791666666667,9.8,0.8802083333333321,0.8802083333333321,627.7306,1124.7109,55.81,-0.08,51.367000579833984,-4.75670744160294,-6.199973287832213,-5.385765484259452,-5.967932799243708,0.0050451628041696,-5.289325355098714,0.0,0.0,1.0,0.0,0.0,0.0,0.0,0.0,0.0,0.0,0.0,43.125,84.60388946533203
2023-04-10,11.775,2023-04-07,11.388541666666669,6.225,0.3864583333333335,0.3864583333333335,624.3902,1126.8579,55.41,0.02,43.125,-6.258964127274922,-5.277714544733691,-5.284681302993486,-8.195002194986941,0.0010936451067588,-6.81823902636889,0.0,0.0,1.0,0.0,0.0,0.0,0.0,0.0,0.0,0.0,0.0,43.125,169.00856018066406
2023-04-11,10.225,2023-04-08,10.305208333333336,7.775,-0.0802083333333349,0.0802083333333349,625.6381,1126.8579,55.52,0.11,43.125,-6.258964127274922,-5.277714544733691,-5.284681302993486,-8.195002194986941,0.0010936451067588,-6.81823902636889,0.0,0.0,1.0,0.0,0.0,0.0,0.0,0.0,0.0,0.0,0.0,43.69200134277344,64.8544921875
2023-04-12,9.325,2023-04-09,8.876041666666666,8.675,0.4489583333333335,0.4489583333333335,627.7175,1126.8579,55.71,0.18,43.125,-6.258964127274922,-5.277714544733691,-5.284681302993486,-8.195002194986941,0.0010936451067588,-6.81823902636889,0.0,0.0,1.0,0.0,0.0,0.0,0.0,0.0,0.0,0.0,0.0,42.880001068115234,44.02083206176758
2023-04-13,8.85,2023-04-10,8.30625,9.15,0.5437499999999993,0.5437499999999993,630.0833,1126.8579,55.92,0.21,43.125,-6.81823902636889,-5.248916489783982,-5.282190090690667,-8.194795007749791,0.0,-27.631021115928547,0.0,0.0,1.0,0.0,0.0,0.0,0.0,0.0,0.0,0.0,0.0,42.09299850463867,142.78309631347656
2023-04-14,8.95,2023-04-11,9.179166666666667,9.05,-0.2291666666666678,0.2291666666666678,631.6249,1126.8579,56.05,0.14,43.69200134277344,-27.631021115928547,-5.645201683726056,-5.287381616783397,-7.539786470373367,0.0001706203990758,-8.676069351651087,0.0,0.0,1.0,0.0,0.0,0.0,0.0,0.0,0.0,0.0,0.0,41.14899826049805,92.75189971923828
2023-04-17,10.125,2023-04-14,9.642708333333331,7.875,0.4822916666666668,0.4822916666666668,633.39,1126.8579,56.21,0.0,41.14899826049805,-7.977363101073191,-7.844591779064621,-5.749568051239764,-6.907292998645226,0.0005144657449738,-7.572381582216865,0.0,0.0,1.0,0.0,0.0,0.0,0.0,0.0,0.0,0.0,0.0,41.12699890136719,119.80353546142578
2023-04-18,10.025,2023-04-15,9.4375,7.975,0.5875000000000004,0.5875000000000004,635.2792,1127.9585,56.32,0.17,41.14899826049805,-7.977363101073191,-7.844591779064621,-5.749568051239764,-6.907292998645226,0.0005144657449738,-7.572381582216865,0.0,0.0,1.0,0.0,0.0,0.0,0.0,0.0,0.0,0.0,0.0,42.72200012207031,87.3079833984375
2023-04-19,11.3,2023-04-16,9.220833333333331,6.699999999999999,2.0791666666666675,2.0791666666666675,637.6789,1127.9585,56.53,0.21,41.14899826049805,-7.977363101073191,-7.844591779064621,-5.749568051239764,-6.907292998645226,0.0005144657449738,-7.572381582216865,0.0,0.0,1.0,0.0,0.0,0.0,0.0,0.0,0.0,0.0,0.0,40.29800033569336,42.064353942871094
2023-04-20,8.2,2023-04-17,6.019791666666666,9.8,2.180208333333333,2.180208333333333,638.9929,1127.9585,56.65,0.12,41.12699890136719,-7.572381582216865,-8.195002194986941,-5.950920026351113,-6.900253854018351,2.859787489134768e-07,-15.0673448366284,0.0,0.0,1.0,0.0,0.0,0.0,0.0,0.0,0.0,0.0,0.0,40.56499862670898,91.62421417236328
2023-04-21,10.5,2023-04-18,9.913541666666667,7.5,0.5864583333333329,0.5864583333333329,640.523,1127.9585,56.79,0.14,42.72200012207031,-15.0673448366284,-8.194795007749791,-5.966118116207574,-7.23758560839786,0.0014477415813811,-6.537750466151798,0.0,0.0,1.0,0.0,0.0,0.0,0.0,0.0,0.0,0.0,0.0,40.16400146484375,106.85701751708984
2023-04-24,9.6,2023-04-21,8.659375,8.4,0.9406249999999988,0.9406249999999988,646.4475,1129.0285,57.26,0.21,40.16400146484375,-10.04023709402578,-6.8274509959525504,-6.053820752340689,-8.155191051971252,9.869396249505844e-05,-9.223486773526316,0.0,0.0,1.0,0.0,0.0,0.0,0.0,0.0,0.0,0.0,0.0,39.92499923706055,140.05340576171875
2023-04-25,7.7,2023-04-22,7.139583333333333,10.3,0.5604166666666668,0.5604166666666668,650.1344,1129.0285,57.58,0.33,40.16400146484375,-10.04023709402578,-6.8274509959525504,-6.053820752340689,-8.155191051971252,9.869396249505844e-05,-9.223486773526316,0.0,0.0,1.0,0.0,0.0,0.0,0.0,0.0,0.0,0.0,0.0,39.83300018310547,70.80297088623047
2023-04-26,8.375,2023-04-23,7.923958333333333,9.625,0.4510416666666668,0.4510416666666668,654.1633,1129.0285,57.94,0.36,40.16400146484375,-10.04023709402578,-6.8274509959525504,-6.053820752340689,-8.155191051971252,9.869396249505844e-05,-9.223486773526316,0.0,0.0,1.0,0.0,0.0,0.0,0.0,0.0,0.0,0.0,0.0,38.55099868774414,56.4642219543457
2023-04-27,10.55,2023-04-24,10.764583333333333,7.449999999999999,-0.2145833333333318,0.2145833333333318,657.3483,1129.0285,58.22,0.28,39.92499923706055,-9.223486773526316,-6.907292998645226,-6.16786396288406,-8.13935689119027,3.5622198407991065e-05,-10.242541535574654,0.0,0.0,1.0,0.0,0.0,0.0,0.0,0.0,0.0,0.0,0.0,39.03900146484375,159.4671630859375
2023-04-28,12.8,2023-04-25,13.039583333333333,5.199999999999999,-0.2395833333333321,0.2395833333333321,659.8699,1129.0285,58.45,0.22,39.83300018310547,-10.242541535574654,-6.900253854018351,-6.245239107272939,-7.553170260657418,5.322045650624161e-06,-12.143652619828224,0.0,0.0,1.0,0.0,0.0,0.0,0.0,0.0,0.0,0.0,0.0,38.53799819946289,180.23350524902344
2023-05-01,13.15,2023-04-28,13.1875,4.85,-0.0374999999999996,0.0374999999999996,665.5249,1129.0285,58.95,0.23,38.53799819946289,-8.75142473466342,-8.203798815122877,-6.463800963301684,-7.33744213408764,0.0001668350216661,-8.698505122057627,0.0,0.0,1.0,0.0,0.0,0.0,0.0,0.0,0.0,0.0,0.0,38.83399963378906,117.88497161865234
2023-05-02,11.45,2023-04-29,10.6375,6.549999999999999,0.8125000000000018,0.8125000000000018,669.4202,1129.0285,59.29,0.35,38.53799819946289,-8.75142473466342,-8.203798815122877,-6.463800963301684,-7.33744213408764,0.0001668350216661,-8.698505122057627,0.0,0.0,1.0,0.0,0.0,0.0,0.0,0.0,0.0,0.0,0.0,37.52899932861328,63.05033493041992
2023-05-03,11.5,2023-04-30,10.448958333333334,6.5,1.0510416666666664,1.0510416666666664,673.7924,1128.0458,59.73,0.39,38.53799819946289,-8.75142473466342,-8.203798815122877,-6.463800963301684,-7.33744213408764,0.0001668350216661,-8.698505122057627,0.0,0.0,1.0,0.0,0.0,0.0,0.0,0.0,0.0,0.0,0.0,36.78200149536133,71.34761047363281
2023-05-04,15.5,2023-05-01,14.58125,2.5,0.9187499999999992,0.9187499999999992,677.85,1128.7318,60.05,0.36,38.83399963378906,-8.698505122057627,-8.155191051971252,-6.459749158488945,-7.334928228357678,5.854424882020458e-05,-9.745727682475216,0.0,0.0,0.0,1.0,0.0,0.0,0.0,0.0,0.0,0.0,0.0,35.65299987792969,104.6073989868164
2023-05-05,15.475,2023-05-02,15.729166666666668,2.5250000000000004,-0.2541666666666682,0.2541666666666682,680.3856,1128.8818,60.27,0.22,37.52899932861328,-9.745727682475216,-8.13935689119027,-6.45809163489015,-7.510201377226148,0.0011684222902845,-6.752100909162521,0.0,0.0,0.0,1.0,0.0,0.0,0.0,0.0,0.0,0.0,0.0,36.57400131225586,77.03646087646484
2023-05-08,15.35,2023-05-05,14.678125,2.6500000000000004,0.6718749999999982,0.6718749999999982,688.766,1129.1618,61.0,0.3,36.57400131225586,-6.936255481677059,-7.498372114980883,-6.861185359668296,-6.766487435768511,0.0006504718670524,-7.337812507599502,0.0,0.0,0.0,1.0,0.0,0.0,0.0,0.0,0.0,0.0,0.0,36.874000549316406,69.73827362060547
2023-05-09,13.6,2023-05-06,13.351041666666667,4.4,0.2489583333333325,0.2489583333333325,692.7355,1129.1618,61.35,0.35,36.57400131225586,-6.936255481677059,-7.498372114980883,-6.861185359668296,-6.766487435768511,0.0006504718670524,-7.337812507599502,0.0,0.0,0.0,1.0,0.0,0.0,0.0,0.0,0.0,0.0,0.0,35.95000076293945,91.45125579833984
2023-05-10,12.4,2023-05-07,11.972916666666666,5.6,0.4270833333333339,0.4270833333333339,696.8523,1129.1618,61.71,0.36,36.57400131225586,-6.936255481677059,-7.498372114980883,-6.861185359668296,-6.766487435768511,0.0006504718670524,-7.337812507599502,0.0,0.0,0.0,1.0,0.0,0.0,0.0,0.0,0.0,0.0,0.0,34.99300003051758,42.60537338256836
2023-05-11,12.6,2023-05-08,12.520833333333332,5.4,0.0791666666666675,0.0791666666666675,700.0501,1129.1618,62.0,0.28,36.874000549316406,-7.337812507599502,-7.33744213408764,-7.354106432417769,-6.744661618226705,6.673369181340376e-05,-9.61480059295153,0.0,0.0,0.0,1.0,0.0,0.0,0.0,0.0,0.0,0.0,0.0,34.99300003051758,51.75886917114258
2023-05-12,13.075,2023-05-09,12.596875,4.925000000000001,0.4781250000000003,0.4781250000000003,702.4646,1129.1151,62.21,0.21,35.95000076293945,-9.61480059295153,-7.334928228357678,-7.4946927835336545,-6.816439327027497,0.0006440228434551,-7.3477763597326415,0.0,0.0,0.0,1.0,0.0,0.0,0.0,0.0,0.0,0.0,0.0,32.766998291015625,116.35051727294922
2023-05-15,12.325,2023-05-12,13.732291666666669,5.675000000000001,-1.4072916666666675,1.4072916666666675,710.2775,1129.1151,62.91,0.26,32.766998291015625,-27.631021115928547,-7.780409020761099,-7.485924132686906,-6.802670276102596,0.0043199311503187,-5.444515814047851,0.0,0.0,0.0,1.0,0.0,0.0,0.0,0.0,0.0,0.0,0.0,32.31399917602539,146.2168426513672
2023-05-16,11.0,2023-05-13,10.179166666666667,7.0,0.8208333333333329,0.8208333333333329,714.7887,1129.1151,63.31,0.4,32.766998291015625,-27.631021115928547,-7.780409020761099,-7.485924132686906,-6.802670276102596,0.0043199311503187,-5.444515814047851,0.0,0.0,0.0,1.0,0.0,0.0,0.0,0.0,0.0,0.0,0.0,31.82099914550781,88.82279205322266
2023-05-17,11.275,2023-05-14,11.127083333333331,6.725,0.1479166666666671,0.1479166666666671,719.2941,1129.0942,63.71,0.4,32.766998291015625,-27.631021115928547,-7.780409020761099,-7.485924132686906,-6.802670276102596,0.0043199311503187,-5.444515814047851,0.0,0.0,0.0,1.0,0.0,0.0,0.0,0.0,0.0,0.0,0.0,31.952999114990234,74.02385711669922
2023-05-18,11.425,2023-05-15,11.530208333333333,6.574999999999999,-0.1052083333333318,0.1052083333333318,722.504,1130.6387,63.9,0.28,32.31399917602539,-5.444515814047851,-6.766487435768511,-7.207120340752253,-6.794178488090751,0.0001938029239576,-8.548668765960842,0.0,0.0,0.0,1.0,0.0,0.0,0.0,0.0,0.0,0.0,0.0,29.78499984741211,135.86703491210938
2023-05-19,13.625,2023-05-16,13.589583333333334,4.375,0.0354166666666664,0.0354166666666664,725.5067,1129.1157,64.25,0.27,31.82099914550781,-8.548668765960842,-6.744661618226705,-7.216319805772709,-6.76640884523342,0.0002363637200472,-8.350138748476432,0.0,0.0,0.0,1.0,0.0,0.0,0.0,0.0,0.0,0.0,0.0,30.176000595092773,137.52537536621094
2023-05-22,17.675,2023-05-19,17.391666666666666,0.3249999999999993,0.283333333333335,0.283333333333335,735.52,1130.8316,65.04,0.32,30.176000595092773,-5.311072828419122,-6.244669240929052,-7.0342132104767545,-6.037004447843165,0.0001700942912651,-8.6791576142982,0.0,0.0,0.0,1.0,0.0,0.0,0.0,0.0,0.0,0.0,0.0,29.711000442504883,160.85305786132812
2023-05-23,14.25,2023-05-20,13.952083333333334,3.75,0.2979166666666657,0.2979166666666657,740.2532,1130.8316,65.46,0.42,30.176000595092773,-5.311072828419122,-6.244669240929052,-7.0342132104767545,-6.037004447843165,0.0001700942912651,-8.6791576142982,0.0,0.0,0.0,1.0,0.0,0.0,0.0,0.0,0.0,0.0,0.0,29.12700080871582,98.44183349609375
2023-05-24,12.575,2023-05-21,13.03125,5.425000000000001,-0.4562500000000007,0.4562500000000007,745.1257,1130.8316,65.89,0.43,30.176000595092773,-5.311072828419122,-6.244669240929052,-7.0342132104767545,-6.037004447843165,0.0001700942912651,-8.6791576142982,0.0,0.0,0.0,1.0,0.0,0.0,0.0,0.0,0.0,0.0,0.0,27.78499984741211,60.22850036621094
2023-05-25,14.175,2023-05-22,13.994791666666666,3.8249999999999993,0.1802083333333346,0.1802083333333346,748.1494,1130.8316,66.16,0.27,29.711000442504883,-8.6791576142982,-6.802670276102596,-7.217202183971894,-6.053750025466792,0.0002411673477585,-8.330019472264022,0.0,0.0,0.0,1.0,0.0,0.0,0.0,0.0,0.0,0.0,0.0,25.45199966430664,78.2496337890625
2023-05-26,14.55,2023-05-23,14.007291666666664,3.4499999999999997,0.5427083333333353,0.5427083333333353,751.0923,1130.8316,66.42,0.26,29.12700080871582,-8.330019472264022,-6.794178488090751,-7.205039788179523,-5.601658007231747,0.0003940922036264,-7.838925654150663,0.0,0.0,0.0,1.0,0.0,0.0,0.0,0.0,0.0,0.0,0.0,24.520000457763672,183.6913604736328
2023-05-30,15.15,2023-05-27,15.142708333333331,2.85,0.0072916666666671,0.0072916666666671,764.5046,1130.8316,67.61,0.39,24.520000457763672,-4.867621399070708,-6.14490144372878,-6.721149188861508,-4.353759490248914,0.0013916766372003,-6.577246044199181,0.0,0.0,0.0,1.0,0.0,0.0,0.0,0.0,0.0,0.0,0.0,24.68099975585937,85.71331787109375
2023-05-31,17.625,2023-05-28,17.161458333333332,0.375,0.4635416666666678,0.4635416666666678,768.7084,1130.8316,67.98,0.37,24.520000457763672,-4.867621399070708,-6.14490144372878,-6.721149188861508,-4.353759490248914,0.0013916766372003,-6.577246044199181,0.0,0.0,0.0,1.0,0.0,0.0,0.0,0.0,0.0,0.0,0.0,26.851999282836918,36.50212478637695
2023-06-01,17.1,2023-05-29,16.519791666666666,0.8999999999999986,0.580208333333335,0.580208333333335,772.3597,1130.8316,68.3,0.32,24.520000457763672,-4.867621399070708,-6.14490144372878,-6.721149188861508,-4.353759490248914,0.0013916766372003,-6.577246044199181,0.0,0.0,0.0,1.0,0.0,0.0,0.0,0.0,0.0,0.0,0.0,23.10300064086914,44.966983795166016
2023-06-02,14.725,2023-05-30,15.107291666666663,3.2750000000000004,-0.3822916666666653,0.3822916666666653,775.347,1130.8316,68.56,0.26,24.68099975585937,-6.577246044199181,-6.037004447843165,-6.709096541729017,-4.101850139550033,4.283149106781029e-05,-10.058236929964794,0.0,0.0,0.0,1.0,0.0,0.0,0.0,0.0,0.0,0.0,0.0,23.68899917602539,111.29180908203125
2023-06-05,17.825,2023-06-02,17.424999999999997,0.1750000000000007,0.4000000000000021,0.4000000000000021,784.0648,1129.2682,69.43,0.31,23.68899917602539,-3.7892093364714414,-4.857556684680082,-5.969611740524869,-4.0594907798398525,0.0006274155107833,-7.373901538599766,0.0,0.0,0.0,0.0,1.0,0.0,0.0,0.0,0.0,0.0,0.0,28.47800064086914,129.57322692871094
2023-06-06,18.225,2023-06-03,17.985416666666666,0.0,0.2395833333333357,0.2395833333333357,787.9565,1129.2682,69.78,0.34,23.68899917602539,-3.7892093364714414,-4.857556684680082,-5.969611740524869,-4.0594907798398525,0.0006274155107833,-7.373901538599766,0.0,0.0,0.0,0.0,1.0,0.0,0.0,0.0,0.0,0.0,0.0,24.86000061035156,119.01441192626953
2023-06-07,18.625,2023-06-04,17.755208333333336,0.0,0.8697916666666643,0.8697916666666643,791.9009,1129.2682,70.13,0.35,23.68899917602539,-3.7892093364714414,-4.857556684680082,-5.969611740524869,-4.0594907798398525,0.0006274155107833,-7.373901538599766,0.0,0.0,0.0,0.0,1.0,0.0,0.0,0.0,0.0,0.0,0.0,26.33099937438965,38.185218811035156
2023-06-08,19.5,2023-06-05,18.81875,0.0,0.6812500000000021,0.6812500000000021,794.5259,1129.2884,70.36,0.23,28.47800064086914,-7.373901538599766,-5.058261754453246,-5.979282212901588,-4.539007643944119,0.0339005836152358,-3.384323048925756,0.0,0.0,0.0,0.0,1.0,0.0,0.0,0.0,0.0,0.0,0.0,26.94499969482422,107.08731079101562
2023-06-09,22.275,2023-06-06,21.23958333333333,0.0,1.0354166666666664,1.0354166666666664,796.8271,1129.2884,70.56,0.2,24.86000061035156,-3.384323048925756,-4.353759490248914,-5.508247619351296,-4.467236771095594,0.0184611382168227,-3.992087393204628,0.0,0.0,0.0,0.0,1.0,0.0,0.0,0.0,0.0,0.0,0.0,32.04899978637695,133.4734344482422
2023-06-12,23.45,2023-06-09,22.157291666666666,0.0,1.2927083333333336,1.2927083333333336,805.4832,1129.2884,71.33,0.31,32.04899978637695,-7.540108602735625,-4.477213099889118,-5.300332204642003,-4.450773999246787,0.0300912285216684,-3.5035215609028336,0.0,0.0,0.0,0.0,1.0,0.0,0.0,0.0,0.0,0.0,0.0,31.035999298095703,96.3266830444336
2023-06-13,22.55,2023-06-10,20.60625,0.0,1.9437500000000012,1.9437500000000012,809.6492,1129.2884,71.7,0.37,32.04899978637695,-7.540108602735625,-4.477213099889118,-5.300332204642003,-4.450773999246787,0.0300912285216684,-3.5035215609028336,0.0,0.0,0.0,0.0,1.0,0.0,0.0,0.0,0.0,0.0,0.0,36.05099868774414,97.14274597167969
2023-06-14,21.4,2023-06-11,18.941666666666663,0.0,2.458333333333332,2.458333333333332,813.9668,1129.2884,72.08,0.38,32.04899978637695,-7.540108602735625,-4.477213099889118,-5.300332204642003,-4.450773999246787,0.0300912285216684,-3.5035215609028336,0.0,0.0,0.0,0.0,1.0,0.0,0.0,0.0,0.0,0.0,0.0,38.3120002746582,81.29000091552734
2023-06-15,21.45,2023-06-12,19.81458333333333,0.0,1.635416666666668,1.635416666666668,817.2673,1129.2884,72.37,0.29,31.035999298095703,-3.5035215609028336,-4.0594907798398525,-5.062700681103484,-4.306396226665747,0.0010315772649261,-6.876666321882973,0.0,0.0,0.0,0.0,1.0,0.0,0.0,0.0,0.0,0.0,0.0,41.14500045776367,65.72555541992188
2023-06-16,21.775,2023-06-13,20.558333333333334,0.0,1.216666666666665,1.216666666666665,820.6397,1129.2884,72.67,0.3,36.05099868774414,-6.876666321882973,-4.539007643944119,-5.060522428424198,-4.652504440445967,0.0224360758023974,-3.797085088691485,0.0,0.0,0.0,0.0,1.0,0.0,0.0,0.0,0.0,0.0,0.0,35.007999420166016,77.17451477050781
2023-06-20,22.275,2023-06-17,21.590625,0.0,0.6843749999999993,0.6843749999999993,833.434,1129.2884,73.8,0.33,35.007999420166016,-5.280617112677756,-4.384456948413618,-4.8853583109511085,-5.47519930378746,0.0260905950321706,-3.646180373149509,0.0,0.0,0.0,0.0,1.0,0.0,0.0,0.0,0.0,0.0,0.0,38.70800018310547,93.1047134399414
2023-06-21,22.15,2023-06-18,21.79375,0.0,0.3562499999999993,0.3562499999999993,837.7829,1129.2884,74.19,0.39,35.007999420166016,-5.280617112677756,-4.384456948413618,-4.8853583109511085,-5.47519930378746,0.0260905950321706,-3.646180373149509,0.0,0.0,0.0,0.0,1.0,0.0,0.0,0.0,0.0,0.0,0.0,36.74300003051758,84.69633483886719
2023-06-22,19.975,2023-06-19,19.390625,0.0,0.5843750000000014,0.5843750000000014,840.7602,1129.2884,74.45,0.26,35.007999420166016,-5.280617112677756,-4.384456948413618,-4.8853583109511085,-5.47519930378746,0.0260905950321706,-3.646180373149509,0.0,0.0,0.0,0.0,1.0,0.0,0.0,0.0,0.0,0.0,0.0,34.09700012207031,107.78419494628906
2023-06-23,20.55,2023-06-20,18.728125,0.0,1.821875000000002,1.821875000000002,843.9519,1129.2884,74.73,0.28,38.70800018310547,-3.646180373149509,-4.450773999246787,-4.740805726462857,-5.704421119456921,0.0100941629314068,-4.595797949683855,0.0,0.0,0.0,0.0,1.0,0.0,0.0,0.0,0.0,0.0,0.0,32.50699996948242,142.78309631347656
2023-06-26,20.85,2023-06-23,20.346875,0.0,0.5031250000000007,0.5031250000000007,849.46,1129.2884,75.22,0.24,32.50699996948242,-5.18752454035134,-4.613724161983197,-4.6740051480912665,-6.218795614460604,0.0022804404702321,-6.0833866655375015,0.0,0.0,0.0,0.0,1.0,0.0,0.0,0.0,0.0,0.0,0.0,31.975000381469727,46.4107551574707
2023-06-27,19.4,2023-06-24,19.620833333333334,0.0,-0.220833333333335,0.220833333333335,853.5544,1129.2884,75.58,0.36,32.50699996948242,-5.18752454035134,-4.613724161983197,-4.6740051480912665,-6.218795614460604,0.0022804404702321,-6.0833866655375015,0.0,0.0,0.0,0.0,1.0,0.0,0.0,0.0,0.0,0.0,0.0,34.50600051879883,105.08145141601562
2023-06-28,20.1,2023-06-25,20.34166666666667,0.0,-0.2416666666666671,0.2416666666666671,857.5833,1129.3964,75.93,0.36,32.50699996948242,-5.18752454035134,-4.613724161983197,-4.6740051480912665,-6.218795614460604,0.0022804404702321,-6.0833866655375015,0.0,0.0,0.0,0.0,1.0,0.0,0.0,0.0,0.0,0.0,0.0,34.125,125.18424224853516
2023-06-29,20.275,2023-06-26,21.246875,0.0,-0.9718750000000008,0.9718750000000008,860.6019,1129.2884,76.21,0.27,31.975000381469727,-6.0833866655375015,-4.6720522174906565,-4.664124169355828,-5.644575744508993,0.0002722859852201,-8.208657624096206,0.0,0.0,0.0,0.0,1.0,0.0,0.0,0.0,0.0,0.0,0.0,35.18000030517578,169.5130615234375
2023-06-30,18.7,2023-06-27,18.110416666666666,0.0,0.5895833333333336,0.5895833333333336,863.0523,1129.2884,76.42,0.22,34.50600051879883,-8.208657624096206,-5.47519930378746,-4.664711628580879,-6.028207012303756,0.005803221392327,-5.149342102971689,0.0,0.0,0.0,0.0,1.0,0.0,0.0,0.0,0.0,0.0,0.0,37.10300064086914,118.30599212646484
2023-07-03,18.35,2023-06-30,17.835416666666667,0.0,0.5145833333333343,0.5145833333333343,870.491,1129.3614,77.08,0.26,37.10300064086914,-6.983503141585471,-6.275816276359713,-4.686436861526888,-5.361581388367799,0.0028323788488497,-5.866638337433219,0.0,0.0,0.0,0.0,1.0,0.0,0.0,0.0,0.0,0.0,0.0,33.92900085449219,102.67338562011719
2023-07-05,16.75,2023-07-02,18.626041666666666,1.25,-1.8760416666666655,1.8760416666666655,878.4355,1131.3073,77.65,0.35,37.10300064086914,-6.983503141585471,-6.275816276359713,-4.686436861526888,-5.361581388367799,0.0028323788488497,-5.866638337433219,0.0,0.0,0.0,0.0,1.0,0.0,0.0,0.0,0.0,0.0,0.0,34.37300109863281,69.4250717163086
2023-07-06,18.85,2023-07-03,19.305208333333333,0.0,-0.4552083333333314,0.4552083333333314,881.3098,1131.3073,77.9,0.25,33.92900085449219,-5.866638337433219,-6.218795614460604,-4.672777348245165,-5.682945850336734,0.0079973162185848,-4.828649266137702,0.0,0.0,0.0,0.0,0.0,1.0,0.0,0.0,0.0,0.0,0.0,32.347999572753906,45.37763977050781
2023-07-07,23.1,2023-07-04,23.69270833333333,0.0,-0.5927083333333307,0.5927083333333307,883.8471,1131.5324,78.11,0.22,33.92900085449219,-5.866638337433219,-6.218795614460604,-4.672777348245165,-5.682945850336734,0.0079973162185848,-4.828649266137702,0.0,0.0,0.0,0.0,0.0,1.0,0.0,0.0,0.0,0.0,0.0,33.47800064086914,109.93034362792969
2023-07-10,22.675,2023-07-07,22.226041666666667,0.0,0.4489583333333335,0.4489583333333335,893.1543,1131.5324,78.93,0.3,33.47800064086914,-5.602989903927273,-5.769114778201798,-4.767032924079073,-5.513069732709315,0.0011789845053905,-6.743101798827476,0.0,0.0,0.0,0.0,0.0,1.0,0.0,0.0,0.0,0.0,0.0,30.226999282836918,120.56138610839844
2023-07-11,24.3,2023-07-08,24.596875,0.0,-0.296875,0.296875,897.187,1131.5324,79.29,0.36,33.47800064086914,-5.602989903927273,-5.769114778201798,-4.767032924079073,-5.513069732709315,0.0011789845053905,-6.743101798827476,0.0,0.0,0.0,0.0,0.0,1.0,0.0,0.0,0.0,0.0,0.0,29.06100082397461,58.67672348022461
2023-07-12,20.525,2023-07-09,20.676041666666663,0.0,-0.1510416666666678,0.1510416666666678,901.1457,1131.5324,79.64,0.35,33.47800064086914,-5.602989903927273,-5.769114778201798,-4.767032924079073,-5.513069732709315,0.0011789845053905,-6.743101798827476,0.0,0.0,0.0,0.0,0.0,1.0,0.0,0.0,0.0,0.0,0.0,26.638999938964844,75.93278503417969
2023-07-13,19.525,2023-07-10,20.339583333333334,0.0,-0.814583333333335,0.814583333333335,903.6132,1130.7264,79.91,0.22,30.226999282836918,-6.743101798827476,-5.753106972196957,-4.959243653378939,-6.132309050282814,0.0104352323135372,-4.5625674756881205,0.0,0.0,0.0,0.0,0.0,1.0,0.0,0.0,0.0,0.0,0.0,26.60700035095215,138.2980499267578
2023-07-14,21.85,2023-07-11,22.1875,0.0,-0.3374999999999986,0.3374999999999986,906.164,1130.7264,80.14,0.23,29.06100082397461,-4.5625674756881205,-5.361581388367799,-5.012624249972052,-5.808626655229919,0.0015475131377027,-6.471106063165132,0.0,0.0,0.0,0.0,0.0,1.0,0.0,0.0,0.0,0.0,0.0,25.957000732421875,141.3526153564453
2023-07-17,19.65,2023-07-14,20.347916666666663,0.0,-0.6979166666666679,0.6979166666666679,914.8432,1131.7441,80.83,0.29,25.957000732421875,-13.4476145873301,-5.485331856368403,-5.198311480835771,-6.396427485631795,0.0006117213523938,-7.3992336840467585,0.0,0.0,0.0,0.0,0.0,1.0,0.0,0.0,0.0,0.0,0.0,25.10099983215332,151.36514282226562
2023-07-18,20.9,2023-07-15,21.804166666666667,0.0,-0.904166666666665,0.904166666666665,919.1439,1131.7441,81.21,0.38,25.957000732421875,-13.4476145873301,-5.485331856368403,-5.198311480835771,-6.396427485631795,0.0006117213523938,-7.3992336840467585,0.0,0.0,0.0,0.0,0.0,1.0,0.0,0.0,0.0,0.0,0.0,27.069000244140625,65.74562072753906
2023-07-19,20.075,2023-07-16,20.647916666666667,0.0,-0.5729166666666679,0.5729166666666679,923.4364,1131.7441,81.59,0.38,25.957000732421875,-13.4476145873301,-5.485331856368403,-5.198311480835771,-6.396427485631795,0.0006117213523938,-7.3992336840467585,0.0,0.0,0.0,0.0,0.0,1.0,0.0,0.0,0.0,0.0,0.0,26.96299934387207,30.577547073364258
2023-07-20,19.175,2023-07-17,19.363541666666663,0.0,-0.1885416666666657,0.1885416666666657,926.6251,1131.7441,81.88,0.28,25.10099983215332,-7.3992336840467585,-5.513069732709315,-5.201771086593376,-5.887949106969936,0.0011245071360979,-6.7904104396771,0.0,0.0,0.0,0.0,0.0,1.0,0.0,0.0,0.0,0.0,0.0,28.01799964904785,110.8536376953125
2023-07-21,18.15,2023-07-18,18.777083333333334,0.0,-0.627083333333335,0.627083333333335,929.2774,1131.7441,82.11,0.23,27.069000244140625,-6.7904104396771,-6.132309050282814,-5.395247939174211,-5.98771797642161,0.0056974555447156,-5.167735599294247,0.0,0.0,0.0,0.0,0.0,1.0,0.0,0.0,0.0,0.0,0.0,28.16399955749512,151.43167114257812
2023-07-24,18.75,2023-07-21,18.746875000000003,0.0,0.0031249999999971,0.0031249999999971,937.2209,1131.8681,82.8,0.26,28.16399955749512,-6.520353327532725,-6.328647557571792,-5.720132395458599,-5.023215450338751,2.70129947968349e-05,-10.519192481951356,0.0,0.0,0.0,0.0,0.0,1.0,0.0,0.0,0.0,0.0,0.0,30.55699920654297,112.39069366455078
2023-07-25,15.825,2023-07-22,16.263541666666665,2.1750000000000007,-0.4385416666666657,0.4385416666666657,941.0963,1131.8681,83.15,0.34,28.16399955749512,-6.520353327532725,-6.328647557571792,-5.720132395458599,-5.023215450338751,2.70129947968349e-05,-10.519192481951356,0.0,0.0,0.0,0.0,0.0,1.0,0.0,0.0,0.0,0.0,0.0,32.64799880981445,36.51649475097656
2023-07-26,16.925,2023-07-23,17.647916666666667,1.0749999999999993,-0.7229166666666664,0.7229166666666664,945.2491,1131.8681,83.51,0.37,28.16399955749512,-6.520353327532725,-6.328647557571792,-5.720132395458599,-5.023215450338751,2.70129947968349e-05,-10.519192481951356,0.0,0.0,0.0,0.0,0.0,1.0,0.0,0.0,0.0,0.0,0.0,29.274999618530277,49.441307067871094
2023-07-27,17.425,2023-07-24,17.45625,0.5749999999999993,-0.03125,0.03125,948.1978,1131.8681,83.77,0.26,30.55699920654297,-10.519192481951356,-6.396427485631795,-5.870423185435726,-4.963046812838447,0.0066502744717939,-5.013097151061772,0.0,0.0,0.0,0.0,0.0,1.0,0.0,0.0,0.0,0.0,0.0,28.43400001525879,143.43077087402344
2023-07-28,19.8,2023-07-25,19.355208333333334,0.0,0.4447916666666636,0.4447916666666636,951.0385,1131.8681,84.02,0.25,32.64799880981445,-5.013097151061772,-5.887949106969936,-5.808946778485942,-5.033349138480897,0.0043810890514418,-5.430457943390096,0.0,0.0,0.0,0.0,0.0,1.0,0.0,0.0,0.0,0.0,0.0,25.840999603271484,61.7248649597168
2023-07-31,17.925,2023-07-28,18.821875,0.0749999999999992,-0.8968749999999979,0.8968749999999979,959.8771,1131.8681,84.8,0.25,25.840999603271484,-7.0707184908824505,-5.347514818955824,-5.681350305087595,-5.498473715864142,0.0091438059877682,-4.694678570041025,0.0,0.0,0.0,0.0,0.0,1.0,0.0,0.0,0.0,0.0,0.0,28.36599922180176,130.33053588867188
2023-08-01,17.85,2023-07-29,17.854166666666664,0.1499999999999985,-0.0041666666666628,0.0041666666666628,964.0784,1131.8681,85.18,0.37,25.840999603271484,-7.0707184908824505,-5.347514818955824,-5.681350305087595,-5.498473715864142,0.0091438059877682,-4.694678570041025,0.0,0.0,0.0,0.0,0.0,1.0,0.0,0.0,0.0,0.0,0.0,27.12299919128418,71.89212036132812
2023-08-02,17.975,2023-07-30,16.751041666666666,0.0249999999999985,1.2239583333333357,1.2239583333333357,968.4296,1131.8681,85.56,0.38,25.840999603271484,-7.0707184908824505,-5.347514818955824,-5.681350305087595,-5.498473715864142,0.0091438059877682,-4.694678570041025,0.0,0.0,0.0,0.0,0.0,1.0,0.0,0.0,0.0,0.0,0.0,28.742000579833984,10.068594932556152
2023-08-03,16.675,2023-07-31,16.420833333333334,1.3249999999999993,0.2541666666666664,0.2541666666666664,971.8749,1131.8931,85.86,0.3,28.36599922180176,-4.694678570041025,-5.023215450338751,-5.637770893157926,-5.822028615341062,0.0086916193924748,-4.745396005688095,0.0,0.0,0.0,0.0,0.0,1.0,0.0,0.0,0.0,0.0,0.0,30.472999572753903,154.3993377685547
2023-08-04,17.075,2023-08-01,16.891666666666666,0.9250000000000008,0.1833333333333335,0.1833333333333335,973.8457,1135.7101,85.75,0.17,27.12299919128418,-4.745396005688095,-4.963046812838447,-5.533972080533001,-5.940463775570318,0.0020078617906059,-6.210684908402981,0.0,0.0,0.0,0.0,0.0,0.0,1.0,0.0,0.0,0.0,0.0,28.85300064086914,116.9141616821289
2023-08-07,15.925,2023-08-04,16.480208333333334,2.0749999999999997,-0.5552083333333329,0.5552083333333329,982.6704,1135.9241,86.51,0.22,28.85300064086914,-5.678088129815121,-5.23535151270942,-5.568713728169824,-4.2322349134932855,0.0029841130331998,-5.814452717264267,0.0,0.0,0.0,0.0,0.0,0.0,1.0,0.0,0.0,0.0,0.0,30.48699951171875,119.37181091308594
2023-08-08,16.95,2023-08-05,16.944791666666667,1.0500000000000007,0.0052083333333321,0.0052083333333321,986.1717,1135.9241,86.82,0.31,28.85300064086914,-5.678088129815121,-5.23535151270942,-5.568713728169824,-4.2322349134932855,0.0029841130331998,-5.814452717264267,0.0,0.0,0.0,0.0,0.0,0.0,1.0,0.0,0.0,0.0,0.0,31.06599998474121,97.42845916748047
2023-08-09,17.875,2023-08-06,18.958333333333336,0.125,-1.0833333333333357,1.0833333333333357,989.815,1135.9241,87.14,0.32,28.85300064086914,-5.678088129815121,-5.23535151270942,-5.568713728169824,-4.2322349134932855,0.0029841130331998,-5.814452717264267,0.0,0.0,0.0,0.0,0.0,0.0,1.0,0.0,0.0,0.0,0.0,39.823001861572266,30.182849884033203
2023-08-10,20.3,2023-08-07,20.765625,0.0,-0.4656249999999993,0.4656249999999993,993.1994,1135.9241,87.44,0.3,30.48699951171875,-5.814452717264267,-5.498473715864142,-5.535726418437781,-4.266101821322712,0.0030345061031686,-5.797706601100772,0.0,0.0,0.0,0.0,0.0,0.0,1.0,0.0,0.0,0.0,0.0,37.055999755859375,117.56503295898438
2023-08-11,22.4,2023-08-08,22.301041666666663,0.0,0.0989583333333321,0.0989583333333321,996.6019,1135.9241,87.73,0.3,31.06599998474121,-5.797706601100772,-5.822028615341062,-5.54327403699972,-4.084488911456848,0.0003539525175123,-7.946347782322827,0.0,0.0,0.0,0.0,0.0,0.0,1.0,0.0,0.0,0.0,0.0,35.29999923706055,108.29548645019531
2023-08-14,22.2,2023-08-11,22.319791666666667,0.0,-0.1197916666666678,0.1197916666666678,1006.2534,1136.1241,88.57,0.31,35.29999923706055,-5.261778187327537,-4.223631892824777,-5.056101094915327,-5.716320882877275,0.0023568435448958,-6.05043203572268,0.0,0.0,0.0,0.0,0.0,0.0,1.0,0.0,0.0,0.0,0.0,34.43399810791016,142.3582763671875
2023-08-15,21.45,2023-08-12,21.553125,0.0,-0.1031250000000021,0.1031250000000021,1010.4651,1136.1241,88.94,0.37,35.29999923706055,-5.261778187327537,-4.223631892824777,-5.056101094915327,-5.716320882877275,0.0023568435448958,-6.05043203572268,0.0,0.0,0.0,0.0,0.0,0.0,1.0,0.0,0.0,0.0,0.0,38.8129997253418,119.27412414550781
2023-08-16,21.4,2023-08-13,21.73958333333333,0.0,-0.3395833333333335,0.3395833333333335,1014.563,1136.1759,89.3,0.36,35.29999923706055,-5.261778187327537,-4.223631892824777,-5.056101094915327,-5.716320882877275,0.0023568435448958,-6.05043203572268,0.0,0.0,0.0,0.0,0.0,0.0,1.0,0.0,0.0,0.0,0.0,37.78400039672852,60.70150375366211
2023-08-17,21.025,2023-08-14,22.20625,0.0,-1.181250000000002,1.181250000000002,1018.0724,1136.3558,89.59,0.31,34.43399810791016,-6.05043203572268,-4.2322349134932855,-5.094027576423997,-5.160260824180083,0.000616953512464,-7.390716879743206,0.0,0.0,0.0,0.0,0.0,0.0,1.0,0.0,0.0,0.0,0.0,36.82500076293945,114.96981048583984
2023-08-18,23.5,2023-08-15,23.375,0.0,0.125,0.125,1021.2976,1138.1658,89.73,0.28,38.8129997253418,-7.390716879743206,-4.266101821322712,-5.089476323183455,-5.686763668763043,0.0143306855908244,-4.245352195172447,0.0,0.0,0.0,0.0,0.0,0.0,1.0,0.0,0.0,0.0,0.0,36.40999984741211,114.6426010131836
2023-08-21,23.25,2023-08-18,24.28645833333333,0.0,-1.036458333333332,1.036458333333332,1031.1039,1138.1969,90.59,0.3,36.40999984741211,-7.32184697463844,-5.589344087993227,-5.030184364471688,-4.322054074573938,0.0001284487905157,-8.959980242660176,0.0,0.0,0.0,0.0,0.0,0.0,1.0,0.0,0.0,0.0,0.0,40.78200149536133,77.42227935791016
2023-08-22,23.025,2023-08-19,23.265625,0.0,-0.2406250000000014,0.2406250000000014,1034.6734,1138.1969,90.9,0.31,36.40999984741211,-7.32184697463844,-5.589344087993227,-5.030184364471688,-4.322054074573938,0.0001284487905157,-8.959980242660176,0.0,0.0,0.0,0.0,0.0,0.0,1.0,0.0,0.0,0.0,0.0,42.90800094604492,114.04771423339844
2023-08-23,23.15,2023-08-20,22.697916666666668,0.0,0.4520833333333307,0.4520833333333307,1037.9875,1138.1969,91.2,0.29,36.40999984741211,-7.32184697463844,-5.589344087993227,-5.030184364471688,-4.322054074573938,0.0001284487905157,-8.959980242660176,0.0,0.0,0.0,0.0,0.0,0.0,1.0,0.0,0.0,0.0,0.0,36.7859992980957,43.701419830322266
2023-08-24,22.375,2023-08-21,22.154166666666665,0.0,0.220833333333335,0.220833333333335,1040.4294,1138.1965,91.41,0.21,40.78200149536133,-8.959980242660176,-5.716320882877275,-5.029398634459679,-4.367769834457693,0.0128589672113314,-4.353713873480781,0.0,0.0,0.0,0.0,0.0,0.0,1.0,0.0,0.0,0.0,0.0,31.9379997253418,97.22421264648438
2023-08-25,20.45,2023-08-22,20.84583333333333,0.0,-0.3958333333333321,0.3958333333333321,1041.1774,1138.1965,91.48,0.07,42.90800094604492,-4.353713873480781,-5.160260824180083,-4.9532704007360175,-4.29073299288134,0.0025824149038827,-5.959030308187986,0.0,0.0,0.0,0.0,0.0,0.0,1.0,0.0,0.0,0.0,0.0,34.777000427246094,81.09864044189453
2023-08-28,16.725,2023-08-25,16.630208333333332,1.2749999999999986,0.0947916666666692,0.0947916666666692,1047.132,1138.5449,91.97,0.15,34.777000427246094,-3.9134455329913536,-4.435609207533554,-4.7490425349637135,-5.569239222868222,0.0072521823733525,-4.926452838260045,0.0,0.0,0.0,0.0,0.0,0.0,1.0,0.0,0.0,0.0,0.0,38.41400146484375,40.256900787353516
2023-08-29,16.95,2023-08-26,16.93958333333333,1.0500000000000007,0.0104166666666678,0.0104166666666678,1049.3046,1138.5449,92.16,0.19,34.777000427246094,-3.9134455329913536,-4.435609207533554,-4.7490425349637135,-5.569239222868222,0.0072521823733525,-4.926452838260045,0.0,0.0,0.0,0.0,0.0,0.0,1.0,0.0,0.0,0.0,0.0,35.19499969482422,85.97503662109375
2023-08-30,15.975,2023-08-27,16.88125,2.0249999999999986,-0.90625,0.90625,1051.7847,1138.5449,92.38,0.22,34.777000427246094,-3.9134455329913536,-4.435609207533554,-4.7490425349637135,-5.569239222868222,0.0072521823733525,-4.926452838260045,0.0,0.0,0.0,0.0,0.0,0.0,1.0,0.0,0.0,0.0,0.0,35.992000579833984,41.931236267089844
2023-08-31,15.625,2023-08-28,16.902083333333334,2.375,-1.2770833333333336,1.2770833333333336,1053.1458,1138.5449,92.5,0.12,38.41400146484375,-4.926452838260045,-4.322054074573938,-4.773696557561678,-6.186484707621555,0.0098934361379874,-4.615883757997968,0.0,0.0,0.0,0.0,0.0,0.0,1.0,0.0,0.0,0.0,0.0,35.02899932861328,75.4415054321289
2023-09-01,17.1,2023-08-29,16.796875,0.8999999999999986,0.3031250000000014,0.3031250000000014,1053.7757,1138.5449,92.55,0.06,35.19499969482422,-4.615883757997968,-4.367769834457693,-4.726189072551174,-5.933153433968992,0.0076593996635249,-4.87182167107837,0.0,0.0,0.0,0.0,0.0,0.0,1.0,0.0,0.0,0.0,0.0,35.617000579833984,115.63378143310547
2023-09-05,23.975,2023-09-02,23.552083333333336,0.0,0.4229166666666657,0.4229166666666657,1058.9702,1141.6267,92.76,0.17,35.617000579833984,-7.214935405544897,-5.257483769645934,-4.783987782852536,-5.589836794472838,0.0002771158693944,-8.19107483456891,0.0,0.0,0.0,0.0,0.0,0.0,0.0,1.0,0.0,0.0,0.0,34.44900131225586,58.97747039794922
2023-09-06,24.875,2023-09-03,24.194791666666667,0.0,0.6802083333333329,0.6802083333333329,1061.1745,1141.6267,92.95,0.19,35.617000579833984,-7.214935405544897,-5.257483769645934,-4.783987782852536,-5.589836794472838,0.0002771158693944,-8.19107483456891,0.0,0.0,0.0,0.0,0.0,0.0,0.0,1.0,0.0,0.0,0.0,31.075000762939453,16.358360290527344
2023-09-07,24.5,2023-09-04,24.214583333333334,0.0,0.2854166666666664,0.2854166666666664,1062.4538,1141.6267,93.06,0.11,35.617000579833984,-7.214935405544897,-5.257483769645934,-4.783987782852536,-5.589836794472838,0.0002771158693944,-8.19107483456891,0.0,0.0,0.0,0.0,0.0,0.0,0.0,1.0,0.0,0.0,0.0,32.755001068115234,100.61537170410156
2023-09-08,25.425,2023-09-05,24.84375,0.0,0.5812500000000007,0.5812500000000007,1063.4788,1141.6267,93.15,0.09,34.44900131225586,-8.19107483456891,-5.569239222868222,-4.80089433060301,-5.592745896165844,0.0011117596963398,-6.801811206021118,0.0,0.0,0.0,0.0,0.0,0.0,0.0,1.0,0.0,0.0,0.0,34.507999420166016,121.78558349609375
2023-09-11,24.175,2023-09-08,24.71875,0.0,-0.5437499999999993,0.5437499999999993,1065.4022,1141.8447,93.31,0.06,34.507999420166016,-5.8881023802716514,-5.774976113066862,-4.773252154602139,-6.436410836376143,0.0027181113631682,-5.907817991256566,0.0,0.0,0.0,0.0,0.0,0.0,0.0,1.0,0.0,0.0,0.0,35.847999572753906,80.14276123046875
2023-09-12,21.15,2023-09-09,20.816666666666663,0.0,0.3333333333333321,0.3333333333333321,1066.7721,1141.8447,93.43,0.12,34.507999420166016,-5.8881023802716514,-5.774976113066862,-4.773252154602139,-6.436410836376143,0.0027181113631682,-5.907817991256566,0.0,0.0,0.0,0.0,0.0,0.0,0.0,1.0,0.0,0.0,0.0,34.70100021362305,44.43086242675781
2023-09-13,18.475,2023-09-10,18.15,0.0,0.3250000000000028,0.3250000000000028,1068.0361,1141.8447,93.54,0.11,34.507999420166016,-5.8881023802716514,-5.774976113066862,-4.773252154602139,-6.436410836376143,0.0027181113631682,-5.907817991256566,0.0,0.0,0.0,0.0,0.0,0.0,0.0,1.0,0.0,0.0,0.0,36.81700134277344,16.60434913635254
2023-09-14,18.525,2023-09-11,18.546875,0.0,-0.0218750000000014,0.0218750000000014,1068.441,1141.8447,93.57,0.04,35.847999572753906,-5.907817991256566,-5.65476648981328,-4.760619199737181,-6.238459422337508,0.0014513510194966,-6.53526041807479,0.0,0.0,0.0,0.0,0.0,0.0,0.0,1.0,0.0,0.0,0.0,35.520999908447266,93.49989318847656
2023-09-15,19.4,2023-09-12,20.757291666666667,0.0,-1.3572916666666686,1.3572916666666686,1068.4304,1141.8447,93.57,-0.0,34.70100021362305,-6.53526041807479,-5.589836794472838,-5.145908704509399,-5.959771241538963,0.001057501908559,-6.851845841315897,0.0,0.0,0.0,0.0,0.0,0.0,0.0,1.0,0.0,0.0,0.0,36.483001708984375,164.96852111816406
2023-09-18,20.2,2023-09-15,20.87708333333333,0.0,-0.6770833333333357,0.6770833333333357,1069.3148,1141.8507,93.65,0.06,36.483001708984375,-6.657623404783071,-6.213133224503556,-5.164140998705244,-6.19865883427788,0.0007140854435864,-7.244507932495455,0.0,0.0,0.0,0.0,0.0,0.0,0.0,1.0,0.0,0.0,0.0,34.474998474121094,106.68494415283203
2023-09-19,18.0,2023-09-16,18.390625,0.0,-0.390625,0.390625,1070.4533,1141.9367,93.74,0.1,36.483001708984375,-6.657623404783071,-6.213133224503556,-5.164140998705244,-6.19865883427788,0.0007140854435864,-7.244507932495455,0.0,0.0,0.0,0.0,0.0,0.0,0.0,1.0,0.0,0.0,0.0,36.78200149536133,79.46189880371094
2023-09-20,20.175,2023-09-17,19.822916666666664,0.0,0.3520833333333364,0.3520833333333364,1071.9672,1141.9367,93.87,0.13,36.483001708984375,-6.657623404783071,-6.213133224503556,-5.164140998705244,-6.19865883427788,0.0007140854435864,-7.244507932495455,0.0,0.0,0.0,0.0,0.0,0.0,0.0,1.0,0.0,0.0,0.0,37.28400039672852,64.32170104980469
2023-09-21,17.224999999999998,2023-09-18,17.229166666666664,0.7750000000000021,-0.0041666666666664,0.0041666666666664,1073.0119,1141.9367,93.96,0.09,34.474998474121094,-7.244507932495455,-6.436410836376143,-5.27870375604781,-5.563540327956445,0.0032049260271325,-5.743066269021696,0.0,0.0,0.0,0.0,0.0,0.0,0.0,1.0,0.0,0.0,0.0,39.10499954223633,114.6917495727539
2023-09-22,14.25,2023-09-19,15.036458333333334,3.75,-0.7864583333333339,0.7864583333333339,1074.0245,1141.8467,94.06,0.09,36.78200149536133,-5.743066269021696,-6.238459422337508,-5.25681123589887,-5.320763976629886,0.0041957042808471,-5.473694067135857,0.0,0.0,0.0,0.0,0.0,0.0,0.0,1.0,0.0,0.0,0.0,39.79100036621094,207.41676330566406
2023-09-25,17.275,2023-09-22,17.344791666666666,0.7250000000000014,-0.0697916666666671,0.0697916666666671,1077.2962,1142.1261,94.32,0.12,39.79100036621094,-6.086233444635337,-6.158943585046962,-5.3197563454666135,-5.29104876880678,0.0003024274354453,-8.10366918878846,0.0,0.0,0.0,0.0,0.0,0.0,0.0,1.0,0.0,0.0,0.0,44.44200134277344,131.62521362304688
2023-09-26,18.75,2023-09-23,18.78645833333333,0.0,-0.0364583333333321,0.0364583333333321,1079.3006,1142.2773,94.49,0.18,39.79100036621094,-6.086233444635337,-6.158943585046962,-5.3197563454666135,-5.29104876880678,0.0003024274354453,-8.10366918878846,0.0,0.0,0.0,0.0,0.0,0.0,0.0,1.0,0.0,0.0,0.0,40.321998596191406,70.02175903320312
2023-09-27,19.925,2023-09-24,20.2375,0.0,-0.3125,0.3125,1081.5512,1142.2773,94.68,0.2,39.79100036621094,-6.086233444635337,-6.158943585046962,-5.3197563454666135,-5.29104876880678,0.0003024274354453,-8.10366918878846,0.0,0.0,0.0,0.0,0.0,0.0,0.0,1.0,0.0,0.0,0.0,39.29600143432617,66.41739654541016
2023-09-28,19.5,2023-09-25,19.126041666666666,0.0,0.3739583333333343,0.3739583333333343,1082.9236,1142.2773,94.8,0.12,44.44200134277344,-8.10366918878846,-6.19865883427788,-5.341160105962728,-5.694017374971294,0.0122200274946991,-4.404679075184007,0.0,0.0,0.0,0.0,0.0,0.0,0.0,1.0,0.0,0.0,0.0,39.73600006103516,109.96076202392578
2023-09-29,18.8,2023-09-26,19.215625,0.0,-0.4156249999999986,0.4156249999999986,1084.0457,1142.2773,94.9,0.1,40.321998596191406,-4.404679075184007,-5.563540327956445,-5.4564712557561625,-6.105441746106659,0.0094649175038605,-4.660163210168602,0.0,0.0,0.0,0.0,0.0,0.0,0.0,1.0,0.0,0.0,0.0,41.85900115966797,81.25166320800781
2023-10-02,20.875,2023-09-29,20.79895833333333,0.0,0.0760416666666685,0.0760416666666685,1088.4738,1142.3373,95.28,0.14,41.85900115966797,-8.995358018671416,-5.39150001161601,-5.793432839555534,-5.764413027661851,0.0027091271260096,-5.91112878932812,0.0,0.0,0.0,0.0,0.0,0.0,0.0,1.0,0.0,0.0,0.0,39.334999084472656,86.41481018066406
2023-10-03,18.0,2023-09-30,17.65,0.0,0.3500000000000014,0.3500000000000014,1088.9028,1140.2473,95.5,0.04,41.85900115966797,-8.995358018671416,-5.39150001161601,-5.793432839555534,-5.764413027661851,0.0027091271260096,-5.91112878932812,0.0,0.0,0.0,0.0,0.0,0.0,0.0,1.0,0.0,0.0,0.0,36.98699951171875,82.55619812011719
2023-10-04,15.475,2023-10-01,15.047916666666667,2.5250000000000004,0.4270833333333321,0.4270833333333321,1091.2594,1138.3057,95.87,0.21,41.85900115966797,-8.995358018671416,-5.39150001161601,-5.793432839555534,-5.764413027661851,0.0027091271260096,-5.91112878932812,0.0,0.0,0.0,0.0,0.0,0.0,0.0,1.0,0.0,0.0,0.0,38.44100189208984,38.97138595581055
2023-10-05,15.625,2023-10-02,15.442708333333334,2.375,0.182291666666666,0.182291666666666,1093.0381,1138.3589,96.02,0.16,39.334999084472656,-5.91112878932812,-5.29104876880678,-5.8701357256126325,-5.074490433859085,0.0038678661058628,-5.555052317589274,0.0,0.0,0.0,0.0,0.0,0.0,0.0,0.0,1.0,0.0,0.0,36.20700073242188,63.45914840698242
2023-10-06,16.35,2023-10-03,16.876041666666666,1.6499999999999986,-0.5260416666666643,0.5260416666666643,1095.1852,1138.4642,96.2,0.19,36.98699951171875,-5.555052317589274,-5.694017374971294,-5.817339849062063,-4.794067440729288,0.003788180695878,-5.575869402346701,0.0,0.0,0.0,0.0,0.0,0.0,0.0,0.0,1.0,0.0,0.0,38.23099899291992,107.04885864257812
2023-10-09,19.0,2023-10-06,16.601041666666667,0.0,2.398958333333333,2.398958333333333,1099.4933,1138.6779,96.56,0.16,38.23099899291992,-5.631087412322822,-5.780453114732778,-5.719407375944412,-4.450024938678127,0.0029587276837837,-5.8229959392739605,0.0,0.0,0.0,0.0,0.0,0.0,0.0,0.0,1.0,0.0,0.0,43.95299911499024,161.30764770507812
2023-10-10,19.55,2023-10-07,18.731250000000003,0.0,0.8187499999999979,0.8187499999999979,1101.4785,1138.6715,96.73,0.17,38.23099899291992,-5.631087412322822,-5.780453114732778,-5.719407375944412,-4.450024938678127,0.0029587276837837,-5.8229959392739605,0.0,0.0,0.0,0.0,0.0,0.0,0.0,0.0,1.0,0.0,0.0,49.45500183105469,54.14300537109375
2023-10-11,19.875,2023-10-08,19.21875,0.0,0.65625,0.65625,1103.1731,1138.7248,96.88,0.15,38.23099899291992,-5.631087412322822,-5.780453114732778,-5.719407375944412,-4.450024938678127,0.0029587276837837,-5.8229959392739605,0.0,0.0,0.0,0.0,0.0,0.0,0.0,0.0,1.0,0.0,0.0,46.06800079345703,75.66779327392578
2023-10-12,17.3,2023-10-09,16.666666666666668,0.6999999999999993,0.6333333333333329,0.6333333333333329,1104.2411,1138.8056,96.96,0.09,43.95299911499024,-5.8229959392739605,-5.764413027661851,-5.83166119067735,-4.594187440322119,0.0194530476007013,-3.93975153215864,0.0,0.0,0.0,0.0,0.0,0.0,0.0,0.0,1.0,0.0,0.0,53.00199890136719,227.07118225097656
2023-10-13,20.175,2023-10-10,19.859375,0.0,0.3156250000000007,0.3156250000000007,1105.8517,1139.5929,97.04,0.14,49.45500183105469,-3.93975153215864,-5.074490433859085,-5.601744287611767,-4.913887218558055,0.0139103958393743,-4.275118816199752,0.0,0.0,0.0,0.0,0.0,0.0,0.0,0.0,1.0,0.0,0.0,53.98199844360352,259.08349609375
2023-10-16,9.775,2023-10-13,9.453125,8.225,0.3218750000000003,0.3218750000000003,1111.7668,1139.83,97.54,0.21,53.98199844360352,-3.929213055277927,-4.406082515270018,-5.257463982752233,-5.898579562820573,0.0003356590728861,-7.999414574171111,0.0,0.0,0.0,0.0,0.0,0.0,0.0,0.0,1.0,0.0,0.0,48.46699905395508,287.3145446777344
2023-10-17,10.25,2023-10-14,10.398958333333333,7.75,-0.1489583333333328,0.1489583333333328,1114.325,1139.8833,97.76,0.22,53.98199844360352,-3.929213055277927,-4.406082515270018,-5.257463982752233,-5.898579562820573,0.0003356590728861,-7.999414574171111,0.0,0.0,0.0,0.0,0.0,0.0,0.0,0.0,1.0,0.0,0.0,48.89599990844727,216.03701782226562
2023-10-18,12.15,2023-10-15,12.742708333333333,5.85,-0.5927083333333325,0.5927083333333325,1116.189,1139.9366,97.92,0.16,53.98199844360352,-3.929213055277927,-4.406082515270018,-5.257463982752233,-5.898579562820573,0.0003356590728861,-7.999414574171111,0.0,0.0,0.0,0.0,0.0,0.0,0.0,0.0,1.0,0.0,0.0,50.83300018310547,154.47207641601562
2023-10-19,15.5,2023-10-16,14.670833333333333,2.5,0.8291666666666675,0.8291666666666675,1116.5055,1140.0174,97.94,0.03,48.46699905395508,-7.999414574171111,-4.450024938678127,-5.285499965310148,-7.769025893690791,0.0116138328414688,-4.455558404897276,0.0,0.0,0.0,0.0,0.0,0.0,0.0,0.0,1.0,0.0,0.0,50.172000885009766,290.3445739746094
2023-10-20,13.925,2023-10-17,11.426041666666666,4.074999999999999,2.4989583333333343,2.4989583333333343,1116.747,1140.0707,97.95,0.02,48.89599990844727,-4.455558404897276,-4.594187440322119,-5.196839250380723,-7.225812978665632,7.765940197707848e-05,-9.463177921340591,0.0,0.0,0.0,0.0,0.0,0.0,0.0,0.0,1.0,0.0,0.0,51.11199951171875,274.5221862792969
2023-10-23,11.825,2023-10-20,12.804166666666667,6.175000000000001,-0.979166666666668,0.979166666666668,1118.777,1140.3404,98.11,0.1,51.11199951171875,-8.672022145581952,-5.899228269732663,-5.250460817866472,-7.761842396314996,0.000344554301562,-7.973258852756634,0.0,0.0,0.0,0.0,0.0,0.0,0.0,0.0,1.0,0.0,0.0,51.2760009765625,298.6288146972656
2023-10-24,12.275,2023-10-21,13.354166666666666,5.725,-1.0791666666666655,1.0791666666666655,1120.651,1140.3937,98.27,0.16,51.11199951171875,-8.672022145581952,-5.899228269732663,-5.250460817866472,-7.761842396314996,0.000344554301562,-7.973258852756634,0.0,0.0,0.0,0.0,0.0,0.0,0.0,0.0,1.0,0.0,0.0,49.26399993896485,251.51968383789062
2023-10-25,11.35,2023-10-22,11.723958333333334,6.65,-0.3739583333333343,0.3739583333333343,1122.4947,1140.4194,98.43,0.16,51.11199951171875,-8.672022145581952,-5.899228269732663,-5.250460817866472,-7.761842396314996,0.000344554301562,-7.973258852756634,0.0,0.0,0.0,0.0,0.0,0.0,0.0,0.0,1.0,0.0,0.0,49.92399978637695,105.160888671875
2023-10-26,11.425,2023-10-23,11.417708333333334,6.574999999999999,0.0072916666666671,0.0072916666666671,1123.0828,1140.5342,98.47,0.05,51.2760009765625,-7.973258852756634,-5.898579562820573,-5.2490682925533205,-7.766634321013323,1.0262615661883436e-05,-11.487002715466328,0.0,0.0,0.0,0.0,0.0,0.0,0.0,0.0,1.0,0.0,0.0,50.80899810791016,312.774658203125
2023-10-27,11.225,2023-10-24,11.480208333333334,6.775,-0.2552083333333339,0.2552083333333339,1123.8158,1140.6152,98.53,0.06,49.26399993896485,-11.487002715466328,-7.769025893690791,-5.268852822299644,-7.361541488432597,0.0016023396988694,-6.436290405455606,0.0,0.0,0.0,0.0,0.0,0.0,0.0,0.0,1.0,0.0,0.0,50.53200149536133,250.00511169433594
2023-10-30,11.95,2023-10-27,12.215625,6.050000000000001,-0.265625,0.265625,1125.5315,1140.7749,98.66,0.05,50.53200149536133,-8.08294009973616,-7.623954865999375,-5.46201174713047,-7.392811961158775,2.9884135914791087e-05,-10.41818275631955,0.0,0.0,0.0,0.0,0.0,0.0,0.0,0.0,1.0,0.0,0.0,50.547000885009766,251.86463928222656
2023-10-31,11.65,2023-10-28,11.984375,6.35,-0.3343749999999996,0.3343749999999996,1127.6216,1140.8282,98.84,0.18,50.53200149536133,-8.08294009973616,-7.623954865999375,-5.46201174713047,-7.392811961158775,2.9884135914791087e-05,-10.41818275631955,0.0,0.0,0.0,0.0,0.0,0.0,0.0,0.0,1.0,0.0,0.0,48.00600051879883,173.5397491455078
2023-11-01,12.375,2023-10-29,12.198958333333334,5.625,0.1760416666666664,0.1760416666666664,1129.5761,1140.8814,99.01,0.17,50.53200149536133,-8.08294009973616,-7.623954865999375,-5.46201174713047,-7.392811961158775,2.9884135914791087e-05,-10.41818275631955,0.0,0.0,0.0,0.0,0.0,0.0,0.0,0.0,1.0,0.0,0.0,47.75699996948242,133.1291961669922
2023-11-02,11.325,2023-10-30,10.716666666666669,6.675000000000001,0.6083333333333325,0.6083333333333325,1130.6172,1140.9347,99.1,0.09,50.547000885009766,-10.41818275631955,-7.761842396314996,-5.468828327038154,-6.44986301391952,8.80816168971834e-08,-16.24499063451485,0.0,0.0,0.0,0.0,0.0,0.0,0.0,0.0,1.0,0.0,0.0,48.56399917602539,205.43055725097656
2023-11-03,9.625,2023-10-31,8.747916666666667,8.375,0.8770833333333332,0.8770833333333332,1131.7,1140.988,99.19,0.09,48.00600051879883,-16.24499063451485,-7.766634321013323,-5.470164942547333,-6.730420391298813,0.002660248835171,-5.929335613131089,0.0,0.0,0.0,0.0,0.0,0.0,0.0,0.0,1.0,0.0,0.0,48.05699920654297,172.08143615722656
2023-11-06,10.475,2023-11-03,10.611458333333331,7.525,-0.1364583333333335,0.1364583333333335,1134.215,1141.3226,99.38,0.01,48.05699920654297,-8.177896734687392,-7.4192288740376195,-5.553388660336248,-6.309125370410894,0.0001101389135994,-9.113768128913426,0.0,0.0,0.0,0.0,0.0,0.0,0.0,0.0,0.0,1.0,0.0,44.83200073242188,174.9210662841797
2023-11-07,9.675,2023-11-04,9.364583333333332,8.325,0.3104166666666685,0.3104166666666685,1134.821,1141.3236,99.43,0.05,48.05699920654297,-8.177896734687392,-7.4192288740376195,-5.553388660336248,-6.309125370410894,0.0001101389135994,-9.113768128913426,0.0,0.0,0.0,0.0,0.0,0.0,0.0,0.0,0.0,1.0,0.0,46.05699920654297,157.24212646484375
2023-11-08,9.675,2023-11-05,9.419791666666669,8.325,0.2552083333333339,0.2552083333333339,1135.64,1141.3236,99.5,0.07,48.05699920654297,-8.177896734687392,-7.4192288740376195,-5.553388660336248,-6.309125370410894,0.0001101389135994,-9.113768128913426,0.0,0.0,0.0,0.0,0.0,0.0,0.0,0.0,0.0,1.0,0.0,45.777000427246094,92.95470428466797
2023-11-09,9.9,2023-11-06,8.879166666666666,8.1,1.020833333333334,1.020833333333334,1135.7301,1141.4672,99.5,0.01,44.83200073242188,-9.113768128913426,-7.392811961158775,-5.569671111397352,-6.915286708897735,0.0048254700536529,-5.333847128282805,0.0,0.0,0.0,0.0,0.0,0.0,0.0,0.0,0.0,1.0,0.0,48.12900161743164,182.9025115966797
2023-11-10,8.775,2023-11-07,7.927083333333333,9.225,0.8479166666666673,0.8479166666666673,1135.5505,1141.4382,99.48,-0.02,46.05699920654297,-5.333847128282805,-6.44986301391952,-5.554983154679983,-7.066379136550052,0.0007267098317488,-7.226983289748163,0.0,0.0,0.0,0.0,0.0,0.0,0.0,0.0,0.0,1.0,0.0,46.63199996948242,140.21450805664062
2023-11-13,11.675,2023-11-10,10.607291666666669,6.324999999999999,1.067708333333334,1.067708333333334,1134.0909,1141.4677,99.35,-0.05,46.63199996948242,-5.987342847437452,-6.411861056013373,-6.0465739350894845,-7.918972726037169,0.0009984297840841,-6.909326727977484,0.0,0.0,0.0,0.0,0.0,0.0,0.0,0.0,0.0,1.0,0.0,47.87300109863281,180.9846649169922
2023-11-14,11.825,2023-11-11,11.717708333333334,6.175000000000001,0.107291666666665,0.107291666666665,1134.2299,1141.4677,99.37,0.01,46.63199996948242,-5.987342847437452,-6.411861056013373,-6.0465739350894845,-7.918972726037169,0.0009984297840841,-6.909326727977484,0.0,0.0,0.0,0.0,0.0,0.0,0.0,0.0,0.0,1.0,0.0,47.608001708984375,161.4616241455078
2023-11-15,10.9,2023-11-12,10.432291666666666,7.1,0.4677083333333343,0.4677083333333343,1134.2922,1141.4677,99.37,0.01,46.63199996948242,-5.987342847437452,-6.411861056013373,-6.0465739350894845,-7.918972726037169,0.0009984297840841,-6.909326727977484,0.0,0.0,0.0,0.0,0.0,0.0,0.0,0.0,0.0,1.0,0.0,47.0369987487793,128.3940887451172
2023-11-16,8.225000000000001,2023-11-13,8.980208333333334,9.775,-0.7552083333333321,0.7552083333333321,1133.4052,1141.4677,99.29,-0.08,47.87300109863281,-6.909326727977484,-6.309125370410894,-6.127257615060724,-8.17604575495582,0.0006898341525609,-7.279059346421402,0.0,0.0,0.0,0.0,0.0,0.0,0.0,0.0,0.0,1.0,0.0,45.8489990234375,131.046630859375
2023-11-17,7.775,2023-11-14,7.685416666666667,10.225,0.0895833333333335,0.0895833333333335,1133.1513,1141.4677,99.27,-0.02,47.608001708984375,-7.279059346421402,-6.915286708897735,-6.629883319932038,-7.451539104121763,3.081186778706397e-05,-10.387610591983726,0.0,0.0,0.0,0.0,0.0,0.0,0.0,0.0,0.0,1.0,0.0,45.06399917602539,148.2277374267578
2023-11-20,10.625,2023-11-17,10.308333333333334,7.375,0.3166666666666664,0.3166666666666664,1128.8196,1141.2879,98.91,-0.16,45.06399917602539,-7.331800417902902,-7.59330460745934,-7.116759008348594,-7.177614565081361,0.0002982419718651,-8.117605411463504,0.0,0.0,0.0,0.0,0.0,0.0,0.0,0.0,0.0,1.0,0.0,45.82099914550781,149.48410034179688
2023-11-21,9.45,2023-11-18,8.286458333333332,8.55,1.1635416666666671,1.1635416666666671,1128.0712,1141.3289,98.84,-0.07,45.06399917602539,-7.331800417902902,-7.59330460745934,-7.116759008348594,-7.177614565081361,0.0002982419718651,-8.117605411463504,0.0,0.0,0.0,0.0,0.0,0.0,0.0,0.0,0.0,1.0,0.0,44.06499862670898,111.65958404541016
2023-11-22,6.25,2023-11-19,6.298958333333333,11.75,-0.0489583333333332,0.0489583333333332,1128.4116,1141.3289,98.87,0.03,45.06399917602539,-7.331800417902902,-7.59330460745934,-7.116759008348594,-7.177614565081361,0.0002982419718651,-8.117605411463504,0.0,0.0,0.0,0.0,0.0,0.0,0.0,0.0,0.0,1.0,0.0,44.61600112915039,101.5645751953125
2023-11-23,9.675,2023-11-20,9.854166666666668,8.325,-0.1791666666666671,0.1791666666666671,1127.1018,1141.3289,98.75,-0.11,45.82099914550781,-8.117605411463504,-7.918972726037169,-7.187016211770279,-6.568348752827799,0.0002775155961705,-8.189633420337223,0.0,0.0,0.0,0.0,0.0,0.0,0.0,0.0,0.0,1.0,0.0,46.58000183105469,204.90109252929688
2023-11-24,7.925,2023-11-21,6.957291666666666,10.075,0.9677083333333334,0.9677083333333334,1124.8585,1141.3289,98.56,-0.2,44.06499862670898,-8.189633420337223,-8.17604575495582,-7.180653908479919,-6.6811387213239,0.0015269882705458,-6.484457933491648,0.0,0.0,0.0,0.0,0.0,0.0,0.0,0.0,0.0,1.0,0.0,46.65700149536133,96.48255157470703
2023-11-27,4.85,2023-11-24,4.851041666666667,13.15,-0.0010416666666674,0.0010416666666674,1116.1641,1141.3629,97.79,-0.24,46.65700149536133,-6.289451378745372,-7.103053031815589,-7.0904893003278096,-6.168192732054906,2.728105989261058e-06,-12.811902599814765,0.0,0.0,0.0,0.0,0.0,0.0,0.0,0.0,0.0,1.0,0.0,43.98400115966797,152.79371643066406
2023-11-28,3.5,2023-11-25,3.0145833333333334,14.5,0.4854166666666666,0.4854166666666666,1113.4702,1141.3629,97.56,-0.24,46.65700149536133,-6.289451378745372,-7.103053031815589,-7.0904893003278096,-6.168192732054906,2.728105989261058e-06,-12.811902599814765,0.0,0.0,0.0,0.0,0.0,0.0,0.0,0.0,0.0,1.0,0.0,42.77399826049805,125.10517883300781
2023-11-29,3.9,2023-11-26,2.9020833333333336,14.1,0.9979166666666665,0.9979166666666665,1110.5006,1141.3979,97.29,-0.26,46.65700149536133,-6.289451378745372,-7.103053031815589,-7.0904893003278096,-6.168192732054906,2.728105989261058e-06,-12.811902599814765,0.0,0.0,0.0,0.0,0.0,0.0,0.0,0.0,0.0,1.0,0.0,40.36000061035156,87.86651611328125
2023-11-30,3.575,2023-11-27,1.1895833333333332,14.425,2.385416666666667,2.385416666666667,1105.5639,1141.3979,96.86,-0.43,43.98400115966797,-12.811902599814765,-7.177614565081361,-7.100050507804525,-5.908100081173481,0.0034806511875857,-5.660535879544287,0.0,0.0,0.0,0.0,0.0,0.0,0.0,0.0,0.0,1.0,0.0,42.09099960327149,166.35165405273438
2023-12-01,0.925,2023-11-28,0.3104166666666667,17.075,0.6145833333333334,0.6145833333333334,1099.9153,1141.3979,96.37,-0.49,42.77399826049805,-5.660535879544287,-6.568348752827799,-6.938998262069944,-5.786186961247009,0.0007781621054894,-7.158575692393417,0.0,0.0,0.0,0.0,0.0,0.0,0.0,0.0,0.0,1.0,0.0,43.49599838256836,184.384765625
2023-12-04,2.8,2023-12-01,2.828125,15.2,-0.0281250000000001,0.0281250000000001,1080.5421,1141.2834,94.68,-0.54,43.49599838256836,-6.340422713812458,-6.276517080529383,-6.798111752214394,-6.070478453797628,0.0010781379454402,-6.83251984952421,0.0,0.0,0.0,0.0,0.0,0.0,0.0,0.0,0.0,0.0,1.0,40.104000091552734,94.81410217285156
2023-12-05,4.625,2023-12-02,5.001041666666667,13.375,-0.3760416666666666,0.3760416666666666,1075.0608,1141.2834,94.2,-0.48,43.49599838256836,-6.340422713812458,-6.276517080529383,-6.798111752214394,-6.070478453797628,0.0010781379454402,-6.83251984952421,0.0,0.0,0.0,0.0,0.0,0.0,0.0,0.0,0.0,0.0,1.0,38.132999420166016,122.122314453125
2023-12-06,4.75,2023-12-03,4.859375,13.25,-0.109375,0.109375,1070.1878,1141.2834,93.77,-0.43,43.49599838256836,-6.340422713812458,-6.276517080529383,-6.798111752214394,-6.070478453797628,0.0010781379454402,-6.83251984952421,0.0,0.0,0.0,0.0,0.0,0.0,0.0,0.0,0.0,0.0,1.0,39.3129997253418,110.7027816772461
2023-12-07,3.45,2023-12-04,3.673958333333333,14.55,-0.223958333333333,0.223958333333333,1063.3818,1141.2834,93.17,-0.6,40.104000091552734,-6.83251984952421,-6.168192732054906,-6.756187451937239,-6.279869486306756,0.0065922805821711,-5.021855923086136,0.0,0.0,0.0,0.0,0.0,0.0,0.0,0.0,0.0,0.0,1.0,39.96799850463867,194.85691833496094
2023-12-08,5.65,2023-12-05,5.535416666666666,12.35,0.1145833333333339,0.1145833333333339,1056.7791,1141.2834,92.6,-0.58,38.132999420166016,-5.021855923086136,-5.908100081173481,-6.535817257616294,-6.385908461960109,0.0025397617012911,-5.975685020348492,0.0,0.0,0.0,0.0,0.0,0.0,0.0,0.0,0.0,0.0,1.0,38.59799957275391,89.69046020507812
2023-12-11,10.275,2023-12-08,10.055208333333333,7.725,0.2197916666666675,0.2197916666666675,1039.2411,1141.2834,91.06,-0.42,38.59799957275391,-8.205900905980615,-6.08253157596493,-6.59789483514052,-6.202361682766423,0.0012165199427061,-6.711761001542024,0.0,0.0,0.0,0.0,0.0,0.0,0.0,0.0,0.0,0.0,1.0,36.11800003051758,153.5236358642578
2023-12-12,9.225,2023-12-09,9.304166666666667,8.775,-0.0791666666666675,0.0791666666666675,1036.3117,1141.2834,90.8,-0.26,38.59799957275391,-8.205900905980615,-6.08253157596493,-6.59789483514052,-6.202361682766423,0.0012165199427061,-6.711761001542024,0.0,0.0,0.0,0.0,0.0,0.0,0.0,0.0,0.0,0.0,1.0,34.702999114990234,106.34246826171875
2023-12-13,8.5,2023-12-10,7.868749999999999,9.5,0.6312500000000005,0.6312500000000005,1034.0861,1141.2834,90.61,-0.2,38.59799957275391,-8.205900905980615,-6.08253157596493,-6.59789483514052,-6.202361682766423,0.0012165199427061,-6.711761001542024,0.0,0.0,0.0,0.0,0.0,0.0,0.0,0.0,0.0,0.0,1.0,35.8120002746582,124.12431335449219
2023-12-14,7.025,2023-12-11,6.766666666666667,10.975,0.2583333333333337,0.2583333333333337,1030.4717,1141.2834,90.29,-0.32,36.11800003051758,-6.711761001542024,-6.070478453797628,-6.559325543258191,-6.182330512350459,0.0044101677277422,-5.423842556518245,0.0,0.0,0.0,0.0,0.0,0.0,0.0,0.0,0.0,0.0,1.0,34.849998474121094,153.77490234375
2023-12-15,7.25,2023-12-12,6.771875,10.75,0.4781250000000003,0.4781250000000003,1026.5985,1141.2557,89.95,-0.34,34.702999114990234,-5.423842556518245,-6.279869486306756,-6.50016080596077,-5.7279394057068345,0.0015972207144164,-6.439490213026857,0.0,0.0,0.0,0.0,0.0,0.0,0.0,0.0,0.0,0.0,1.0,33.18899917602539,167.4221954345703
2023-12-18,5.925,2023-12-15,6.513541666666667,12.075,-0.588541666666667,0.588541666666667,1014.5261,1141.2834,88.89,-0.33,33.18899917602539,-7.206875834617098,-6.324990459603299,-6.452649081243788,-5.922588803616206,0.0023848203574717,-6.038631478874107,0.0,0.0,0.0,0.0,0.0,0.0,0.0,0.0,0.0,0.0,1.0,35.52199935913086,169.25527954101562
2023-12-19,6.85,2023-12-16,7.264583333333332,11.15,-0.4145833333333328,0.4145833333333328,1012.7216,1141.2834,88.74,-0.16,33.18899917602539,-7.206875834617098,-6.324990459603299,-6.452649081243788,-5.922588803616206,0.0023848203574717,-6.038631478874107,0.0,0.0,0.0,0.0,0.0,0.0,0.0,0.0,0.0,0.0,1.0,32.56800079345703,104.33283996582031
2023-12-20,7.675,2023-12-17,7.191666666666666,10.325,0.4833333333333334,0.4833333333333334,1010.6713,1141.2834,88.56,-0.18,33.18899917602539,-7.206875834617098,-6.324990459603299,-6.452649081243788,-5.922588803616206,0.0023848203574717,-6.038631478874107,0.0,0.0,0.0,0.0,0.0,0.0,0.0,0.0,0.0,0.0,1.0,33.520999908447266,90.89362335205078
2023-12-21,10.1,2023-12-18,9.628125,7.9,0.4718749999999989,0.4718749999999989,1006.602,1141.2834,88.2,-0.36,35.52199935913086,-6.038631478874107,-6.202361682766423,-6.390078975219824,-6.345138700402978,0.0046149922028892,-5.378445100326846,0.0,0.0,0.0,0.0,0.0,0.0,0.0,0.0,0.0,0.0,1.0,34.202999114990234,144.02468872070312
2023-12-22,9.325,2023-12-19,9.171875,8.675,0.1531249999999993,0.1531249999999993,1002.2363,1141.2834,87.82,-0.38,32.56800079345703,-5.378445100326846,-6.182330512350459,-6.28817345701815,-7.5182563960306785,0.0075380543426939,-4.887791174864435,0.0,0.0,0.0,0.0,0.0,0.0,0.0,0.0,0.0,0.0,1.0,34.17399978637695,187.75686645507812
2023-12-26,9.35,2023-12-23,9.236458333333331,8.65,0.1135416666666664,0.1135416666666664,992.4714,1141.2834,86.96,-0.12,34.17399978637695,-7.809972811326914,-5.758742096229583,-6.136970738332043,-6.201194012313798,7.194752504772734e-07,-14.144742319534489,0.0,0.0,0.0,0.0,0.0,0.0,0.0,0.0,0.0,0.0,1.0,34.17399978637695,150.29798889160156
2023-12-27,8.525,2023-12-24,9.161458333333334,9.475,-0.6364583333333336,0.6364583333333336,991.9429,1141.2834,86.91,-0.05,34.17399978637695,-7.809972811326914,-5.758742096229583,-6.136970738332043,-6.201194012313798,7.194752504772734e-07,-14.144742319534489,0.0,0.0,0.0,0.0,0.0,0.0,0.0,0.0,0.0,0.0,1.0,35.51300048828125,52.916419982910156
2023-12-28,10.275,2023-12-25,10.003125,7.725,0.2718749999999996,0.2718749999999996,991.7394,1141.2834,86.9,-0.02,34.17399978637695,-7.809972811326914,-5.758742096229583,-6.136970738332043,-6.201194012313798,7.194752504772734e-07,-14.144742319534489,0.0,0.0,0.0,0.0,0.0,0.0,0.0,0.0,0.0,0.0,1.0,33.10499954223633,136.3998565673828
2023-12-29,9.775,2023-12-26,9.634375,8.225,0.140625,0.140625,990.9871,1141.2834,86.83,-0.07,34.17399978637695,-14.144742319534489,-5.922588803616206,-6.140208327261297,-5.805026000631005,0.0,-27.631021115928547,0.0,0.0,0.0,0.0,0.0,0.0,0.0,0.0,0.0,0.0,1.0,32.349998474121094,139.57447814941406
2024-01-22,8.65,2024-01-19,7.891666666666667,9.35,0.7583333333333337,0.7583333333333337,860.243,1141.2835,75.38,-0.68,28.429000854492188,-10.024905284571718,-6.047487072083304,-6.024348587192465,-6.547043777575138,0.0003622943848851,-7.9230534559462065,0.0,0.0,0.0,0.0,0.0,0.0,0.0,0.0,0.0,0.0,0.0,27.263999938964844,207.4058380126953
2024-01-23,8.15,2024-01-20,7.942708333333334,9.85,0.2072916666666664,0.2072916666666664,853.8786,1141.2835,74.82,-0.56,28.429000854492188,-10.024905284571718,-6.047487072083304,-6.024348587192465,-6.547043777575138,0.0003622943848851,-7.9230534559462065,0.0,0.0,0.0,0.0,0.0,0.0,0.0,0.0,0.0,0.0,0.0,27.226999282836918,83.86247253417969
2024-01-24,11.15,2024-01-21,10.803125,6.85,0.3468750000000007,0.3468750000000007,847.9545,1141.2835,74.3,-0.52,28.429000854492188,-10.024905284571718,-6.047487072083304,-6.024348587192465,-6.547043777575138,0.0003622943848851,-7.9230534559462065,0.0,0.0,0.0,0.0,0.0,0.0,0.0,0.0,0.0,0.0,0.0,28.929000854492188,70.10725402832031
2024-01-25,8.55,2024-01-22,8.611458333333333,9.45,-0.0614583333333325,0.0614583333333325,842.0951,1141.2835,73.78,-0.51,27.263999938964844,-7.9230534559462065,-6.018639991987918,-6.063092069510459,-6.824821354071629,0.0017508059013302,-6.347679081434227,0.0,0.0,0.0,0.0,0.0,0.0,0.0,0.0,0.0,0.0,0.0,27.78400039672852,186.62353515625
2024-01-26,8.850000000000001,2024-01-23,8.198958333333334,9.15,0.6510416666666679,0.6510416666666679,836.654,1141.2835,73.31,-0.48,27.226999282836918,-6.347679081434227,-5.990040334592871,-6.120660838211157,-6.540495746309187,1.8442909368932464e-06,-13.20341512817349,0.0,0.0,0.0,0.0,0.0,0.0,0.0,0.0,0.0,0.0,0.0,28.07900047302246,169.07244873046875
2024-01-29,7.525,2024-01-26,7.401041666666666,10.475,0.1239583333333342,0.1239583333333342,823.4162,1141.2559,72.15,-0.37,28.07900047302246,-6.418630742712637,-6.512678094328575,-6.195075197900182,-7.017150868209661,0.0001115485164832,-9.101050927328744,0.0,0.0,0.0,0.0,0.0,0.0,0.0,0.0,0.0,0.0,0.0,28.173999786376957,141.32115173339844
2024-01-30,8.5,2024-01-27,8.145833333333332,9.5,0.3541666666666678,0.3541666666666678,819.356,1141.2559,71.79,-0.36,28.07900047302246,-6.418630742712637,-6.512678094328575,-6.195075197900182,-7.017150868209661,0.0001115485164832,-9.101050927328744,0.0,0.0,0.0,0.0,0.0,0.0,0.0,0.0,0.0,0.0,0.0,29.391000747680664,178.9195556640625
2024-01-31,7.175,2024-01-28,7.617708333333333,10.825,-0.442708333333333,0.442708333333333,815.1971,1141.2835,71.43,-0.36,28.07900047302246,-6.418630742712637,-6.512678094328575,-6.195075197900182,-7.017150868209661,0.0001115485164832,-9.101050927328744,0.0,0.0,0.0,0.0,0.0,0.0,0.0,0.0,0.0,0.0,0.0,30.23500061035156,152.74087524414062
2024-02-01,7.525,2024-01-29,7.170833333333333,10.475,0.3541666666666669,0.3541666666666669,809.796,1141.2835,70.95,-0.47,28.173999786376957,-9.101050927328744,-6.547043777575138,-6.192608124671739,-6.796750214732112,1.1408022485460362e-05,-11.38119363561104,0.0,0.0,0.0,0.0,0.0,0.0,0.0,0.0,0.0,0.0,0.0,28.99099922180176,140.53317260742188
2024-02-02,7.75,2024-01-30,7.634375,10.25,0.1156249999999996,0.1156249999999996,804.5193,1141.2835,70.49,-0.46,29.391000747680664,-11.38119363561104,-6.824821354071629,-6.192354525310535,-7.159834001151889,0.0017883570863282,-6.326457908900043,0.0,0.0,0.0,0.0,0.0,0.0,0.0,0.0,0.0,0.0,0.0,29.304000854492188,206.27711486816406
2024-02-05,9.55,2024-02-02,10.452083333333333,8.45,-0.9020833333333318,0.9020833333333318,790.3394,1141.2835,69.25,-0.37,29.304000854492188,-6.339466503947618,-7.017992380352048,-6.251512255101289,-7.709611802981196,0.0001153184854154,-9.067812810362678,1.0,0.0,0.0,0.0,0.0,0.0,0.0,0.0,0.0,0.0,0.0,28.340999603271484,171.52455139160156
2024-02-06,10.1,2024-02-03,10.205208333333331,7.9,-0.1052083333333335,0.1052083333333335,787.8439,1141.2835,69.03,-0.22,29.304000854492188,-6.339466503947618,-7.017992380352048,-6.251512255101289,-7.709611802981196,0.0001153184854154,-9.067812810362678,1.0,0.0,0.0,0.0,0.0,0.0,0.0,0.0,0.0,0.0,0.0,28.60700035095215,96.79580688476562
2024-02-07,7.675,2024-02-04,8.394791666666666,10.325,-0.7197916666666666,0.7197916666666666,785.4001,1141.2835,68.82,-0.21,29.304000854492188,-6.339466503947618,-7.017992380352048,-6.251512255101289,-7.709611802981196,0.0001153184854154,-9.067812810362678,1.0,0.0,0.0,0.0,0.0,0.0,0.0,0.0,0.0,0.0,0.0,28.18600082397461,85.66985321044922
2024-02-08,7.425,2024-02-05,7.508333333333333,10.575,-0.083333333333333,0.083333333333333,781.7123,1141.2835,68.49,-0.32,28.340999603271484,-9.067812810362678,-7.017150868209661,-6.326923055808631,-7.159653980102495,0.0011165320968609,-6.797527738453373,1.0,0.0,0.0,0.0,0.0,0.0,0.0,0.0,0.0,0.0,0.0,27.812000274658203,125.87757110595703
2024-02-09,11.0,2024-02-06,9.710416666666667,7.0,1.2895833333333329,1.2895833333333329,778.0658,1141.2835,68.17,-0.32,28.60700035095215,-6.797527738453373,-6.796750214732112,-6.428835436747613,-7.148420945817403,8.727202857353484e-05,-9.346480540802633,1.0,0.0,0.0,0.0,0.0,0.0,0.0,0.0,0.0,0.0,0.0,27.117000579833984,118.75242614746094
2024-02-12,7.35,2024-02-09,7.191666666666667,10.65,0.1583333333333323,0.1583333333333323,765.9301,1141.2835,67.11,-0.26,27.117000579833984,-8.631303911424503,-7.976401773812764,-6.723782247343608,-7.271697910111245,0.0006404307475458,-7.353369563400613,1.0,0.0,0.0,0.0,0.0,0.0,0.0,0.0,0.0,0.0,0.0,25.72900009155273,194.5299835205078
2024-02-13,7.325,2024-02-10,7.861458333333333,10.675,-0.536458333333333,0.536458333333333,763.9623,1141.2835,66.94,-0.17,27.117000579833984,-8.631303911424503,-7.976401773812764,-6.723782247343608,-7.271697910111245,0.0006404307475458,-7.353369563400613,1.0,0.0,0.0,0.0,0.0,0.0,0.0,0.0,0.0,0.0,0.0,25.43600082397461,98.4957504272461
2024-02-14,10.425,2024-02-11,10.267708333333331,7.574999999999999,0.1572916666666675,0.1572916666666675,761.8656,1137.8723,66.96,-0.18,27.117000579833984,-8.631303911424503,-7.976401773812764,-6.723782247343608,-7.271697910111245,0.0006404307475458,-7.353369563400613,1.0,0.0,0.0,0.0,0.0,0.0,0.0,0.0,0.0,0.0,0.0,24.85700035095215,86.26477813720703
2024-02-15,12.375,2024-02-12,11.66875,5.625,0.7062500000000007,0.7062500000000007,757.9335,1141.2835,66.41,-0.34,25.72900009155273,-7.353369563400613,-7.709611802981196,-6.734072006648017,-8.161671409120688,0.0027606717373525,-5.892281245404969,1.0,0.0,0.0,0.0,0.0,0.0,0.0,0.0,0.0,0.0,0.0,24.965999603271484,156.3873291015625
2024-02-16,11.65,2024-02-13,11.251041666666666,6.35,0.3989583333333346,0.3989583333333346,753.9802,1141.2835,66.06,-0.35,25.43600082397461,-5.892281245404969,-7.159653980102495,-6.637102260012352,-8.210662519253876,0.0001311766643397,-8.93896555291451,1.0,0.0,0.0,0.0,0.0,0.0,0.0,0.0,0.0,0.0,0.0,24.82200050354004,187.85829162597656
2024-02-20,8.8,2024-02-17,8.895833333333334,9.2,-0.0958333333333332,0.0958333333333332,745.0395,1141.2835,65.28,-0.11,24.82200050354004,-10.863484356095512,-7.110697865939582,-6.891516631726555,-7.1048410069245485,3.3460513652333125e-05,-10.305144481402154,1.0,0.0,0.0,0.0,0.0,0.0,0.0,0.0,0.0,0.0,0.0,24.167999267578125,87.02969360351562
2024-02-21,9.05,2024-02-18,9.288541666666667,8.95,-0.2385416666666664,0.2385416666666664,743.8023,1141.2835,65.17,-0.11,24.82200050354004,-10.863484356095512,-7.110697865939582,-6.891516631726555,-7.1048410069245485,3.3460513652333125e-05,-10.305144481402154,1.0,0.0,0.0,0.0,0.0,0.0,0.0,0.0,0.0,0.0,0.0,23.976999282836918,80.7943344116211
2024-02-22,10.3,2024-02-19,9.607291666666669,7.699999999999999,0.6927083333333339,0.6927083333333339,741.5295,1141.2835,64.97,-0.2,24.82200050354004,-10.863484356095512,-7.110697865939582,-6.891516631726555,-7.1048410069245485,3.3460513652333125e-05,-10.305144481402154,1.0,0.0,0.0,0.0,0.0,0.0,0.0,0.0,0.0,0.0,0.0,23.19300079345703,167.8173065185547
2024-02-23,6.575,2024-02-20,5.940625,11.425,0.6343750000000004,0.6343750000000004,739.1399,1141.2835,64.76,-0.21,24.167999267578125,-10.305144481402154,-7.271697910111245,-7.120873268983709,-7.224348482318004,0.0007129414365787,-7.24611127615647,1.0,0.0,0.0,0.0,0.0,0.0,0.0,0.0,0.0,0.0,0.0,22.93400001525879,170.2109832763672
2024-02-26,6.175,2024-02-23,7.48125,11.825,-1.3062500000000004,1.3062500000000004,731.1868,1141.3835,64.06,-0.26,22.93400001525879,-6.807734019497949,-7.857760059242662,-7.136537166525607,-6.565800023972175,0.000126113280384,-8.978329996319957,1.0,0.0,0.0,0.0,0.0,0.0,0.0,0.0,0.0,0.0,0.0,24.00900077819824,167.06863403320312
2024-02-27,6.3,2024-02-24,6.734375,11.7,-0.4343750000000002,0.4343750000000002,728.9427,1141.3835,63.86,-0.2,22.93400001525879,-6.807734019497949,-7.857760059242662,-7.136537166525607,-6.565800023972175,0.000126113280384,-8.978329996319957,1.0,0.0,0.0,0.0,0.0,0.0,0.0,0.0,0.0,0.0,0.0,24.392000198364254,111.12447357177734
2024-02-28,6.85,2024-02-25,7.116666666666667,11.15,-0.2666666666666675,0.2666666666666675,727.0986,1141.3835,63.7,-0.16,22.93400001525879,-6.807734019497949,-7.857760059242662,-7.136537166525607,-6.565800023972175,0.000126113280384,-8.978329996319957,1.0,0.0,0.0,0.0,0.0,0.0,0.0,0.0,0.0,0.0,0.0,25.61899948120117,87.17283630371094
2024-02-29,7.925,2024-02-26,8.877083333333333,10.075,-0.9520833333333334,0.9520833333333334,723.4581,1141.3835,63.38,-0.32,24.00900077819824,-8.978329996319957,-7.803917726018323,-7.1294615962195,-6.628848033438391,0.0020983972508155,-6.166581439069541,1.0,0.0,0.0,0.0,0.0,0.0,0.0,0.0,0.0,0.0,0.0,24.864999771118164,200.9716796875
2024-03-01,7.8,2024-02-27,7.136458333333334,10.2,0.6635416666666663,0.6635416666666663,719.3716,1141.3835,63.03,-0.36,24.392000198364254,-6.166581439069541,-7.1048410069245485,-7.223272742991032,-6.597599558056192,0.0002504757394386,-8.292148486685383,1.0,0.0,0.0,0.0,0.0,0.0,0.0,0.0,0.0,0.0,0.0,25.80900001525879,166.86441040039062
2024-03-04,8.0,2024-03-01,7.265625,10.0,0.734375,0.734375,710.2454,1141.3835,62.23,-0.2,25.80900001525879,-7.021596382342483,-6.7634581101311095,-7.1170838344323615,-7.143809231848959,0.0013884630483628,-6.57955786348158,0.0,1.0,0.0,0.0,0.0,0.0,0.0,0.0,0.0,0.0,0.0,26.88500022888184,155.183349609375
2024-03-05,7.25,2024-03-02,7.580208333333333,10.75,-0.3302083333333332,0.3302083333333332,709.3771,1141.6129,62.14,-0.08,25.80900001525879,-7.021596382342483,-6.7634581101311095,-7.1170838344323615,-7.143809231848959,0.0013884630483628,-6.57955786348158,0.0,1.0,0.0,0.0,0.0,0.0,0.0,0.0,0.0,0.0,0.0,27.468000411987305,82.69258880615234
2024-03-06,8.149999999999999,2024-03-03,7.685416666666667,9.85,0.4645833333333318,0.4645833333333318,708.6572,1141.6129,62.08,-0.06,25.80900001525879,-7.021596382342483,-6.7634581101311095,-7.1170838344323615,-7.143809231848959,0.0013884630483628,-6.57955786348158,0.0,1.0,0.0,0.0,0.0,0.0,0.0,0.0,0.0,0.0,0.0,26.57200050354004,82.35665130615234
2024-03-07,7.225,2024-03-04,7.758333333333334,10.775,-0.5333333333333341,0.5333333333333341,706.1442,1141.613,61.85,-0.22,26.88500022888184,-6.57955786348158,-6.565800023972175,-7.13974825952129,-6.807347999948223,0.0016683344374709,-6.395929492463105,0.0,1.0,0.0,0.0,0.0,0.0,0.0,0.0,0.0,0.0,0.0,25.992000579833984,170.75091552734375
2024-03-08,7.15,2024-03-05,7.30625,10.85,-0.15625,0.15625,703.034,1141.613,61.58,-0.27,27.468000411987305,-6.395929492463105,-6.628848033438391,-7.091256430251444,-6.886627135120326,0.0004602392316946,-7.68376413259594,0.0,1.0,0.0,0.0,0.0,0.0,0.0,0.0,0.0,0.0,0.0,26.392000198364254,83.45616912841797
2024-03-11,8.475,2024-03-08,7.751041666666666,9.525,0.7239583333333339,0.7239583333333339,693.5633,1141.613,60.75,-0.23,26.392000198364254,-7.627142068745014,-6.887185162676489,-7.144528563146501,-6.616114271285372,0.0002332376727336,-8.36345256536265,0.0,1.0,0.0,0.0,0.0,0.0,0.0,0.0,0.0,0.0,0.0,24.93000030517578,183.7222442626953
2024-03-12,8.825,2024-03-09,8.403125,9.175,0.421875,0.421875,692.3154,1141.613,60.64,-0.11,26.392000198364254,-7.627142068745014,-6.887185162676489,-7.144528563146501,-6.616114271285372,0.0002332376727336,-8.36345256536265,0.0,1.0,0.0,0.0,0.0,0.0,0.0,0.0,0.0,0.0,0.0,24.774999618530277,89.67141723632812
2024-03-13,10.6,2024-03-10,10.165625,7.399999999999999,0.434375000000001,0.434375000000001,691.4001,1141.613,60.56,-0.08,26.392000198364254,-7.627142068745014,-6.887185162676489,-7.144528563146501,-6.616114271285372,0.0002332376727336,-8.36345256536265,0.0,1.0,0.0,0.0,0.0,0.0,0.0,0.0,0.0,0.0,0.0,24.902999877929688,98.21629333496094
2024-03-14,12.575,2024-03-11,12.173958333333331,5.425000000000001,0.4010416666666661,0.4010416666666661,688.6612,1141.613,60.32,-0.24,24.93000030517578,-8.36345256536265,-7.143809231848959,-7.136156393186993,-6.491026461524186,0.0032477497301807,-5.729792912859362,0.0,1.0,0.0,0.0,0.0,0.0,0.0,0.0,0.0,0.0,0.0,26.048999786376957,155.80584716796875
2024-03-15,12.675,2024-03-12,12.057291666666666,5.324999999999999,0.6177083333333346,0.6177083333333346,685.7393,1141.613,60.07,-0.26,24.774999618530277,-5.729792912859362,-6.807347999948223,-6.976635409191343,-6.495859691084272,3.8898235031216656e-05,-10.154561654609262,0.0,1.0,0.0,0.0,0.0,0.0,0.0,0.0,0.0,0.0,0.0,27.025999069213867,199.55227661132812
2024-03-18,11.8,2024-03-15,11.428125,6.199999999999999,0.3718749999999993,0.3718749999999993,681.7707,1141.613,59.72,-0.12,27.025999069213867,-6.202581247882356,-6.799683220057504,-7.051952869689027,-6.142831169677988,0.0013557094271324,-6.60343039846449,0.0,1.0,0.0,0.0,0.0,0.0,0.0,0.0,0.0,0.0,0.0,28.82200050354004,138.02365112304688
2024-03-19,12.75,2024-03-16,12.489583333333332,5.25,0.2604166666666678,0.2604166666666678,681.4035,1141.5453,59.69,-0.03,27.025999069213867,-6.202581247882356,-6.799683220057504,-7.051952869689027,-6.142831169677988,0.0013557094271324,-6.60343039846449,0.0,1.0,0.0,0.0,0.0,0.0,0.0,0.0,0.0,0.0,0.0,28.86599922180176,126.55989837646484
2024-03-20,13.675,2024-03-17,13.247916666666669,4.324999999999999,0.4270833333333339,0.4270833333333339,680.9728,1141.5453,59.65,-0.04,27.025999069213867,-6.202581247882356,-6.799683220057504,-7.051952869689027,-6.142831169677988,0.0013557094271324,-6.60343039846449,0.0,1.0,0.0,0.0,0.0,0.0,0.0,0.0,0.0,0.0,0.0,27.742000579833984,69.1920166015625
2024-03-21,12.35,2024-03-18,11.66875,5.65,0.6812500000000004,0.6812500000000004,679.3258,1141.5177,59.51,-0.14,28.82200050354004,-6.60343039846449,-6.616114271285372,-6.989640992422444,-6.536609673817424,0.0041395932272455,-5.487157750019116,0.0,1.0,0.0,0.0,0.0,0.0,0.0,0.0,0.0,0.0,0.0,26.402000427246094,147.65321350097656
2024-03-22,11.75,2024-03-19,13.111458333333331,6.25,-1.3614583333333332,1.3614583333333332,677.7172,1141.5177,59.37,-0.14,28.86599922180176,-5.487157750019116,-6.491026461524186,-6.825769378205234,-6.252673973365868,2.3268546160461563e-06,-12.970992722820458,0.0,1.0,0.0,0.0,0.0,0.0,0.0,0.0,0.0,0.0,0.0,27.775999069213867,183.30413818359375
2024-03-25,8.375,2024-03-22,7.808333333333334,9.625,0.5666666666666664,0.5666666666666664,675.4096,1141.5453,59.17,-0.03,27.775999069213867,-6.011252103478666,-6.263160216007393,-6.697607859326182,-6.831230220135249,0.0025737889839618,-5.962376152593016,0.0,1.0,0.0,0.0,0.0,0.0,0.0,0.0,0.0,0.0,0.0,28.48900032043457,125.00255584716797
2024-03-26,9.525,2024-03-23,8.485416666666667,8.475,1.0395833333333329,1.0395833333333329,675.6173,1141.5453,59.18,0.02,27.775999069213867,-6.011252103478666,-6.263160216007393,-6.697607859326182,-6.831230220135249,0.0025737889839618,-5.962376152593016,0.0,1.0,0.0,0.0,0.0,0.0,0.0,0.0,0.0,0.0,0.0,27.131999969482425,107.02964782714844
2024-03-27,9.425,2024-03-24,9.272916666666667,8.575,0.1520833333333335,0.1520833333333335,675.3142,1141.5453,59.16,-0.03,27.775999069213867,-6.011252103478666,-6.263160216007393,-6.697607859326182,-6.831230220135249,0.0025737889839618,-5.962376152593016,0.0,1.0,0.0,0.0,0.0,0.0,0.0,0.0,0.0,0.0,0.0,27.687000274658203,69.01182556152344
2024-03-28,9.125,2024-03-25,8.3625,8.875,0.7624999999999993,0.7624999999999993,673.4159,1141.5453,58.99,-0.17,28.48900032043457,-5.962376152593016,-6.142831169677988,-6.609141598689798,-6.836978585794616,0.0006424072528676,-7.3502881035716285,0.0,1.0,0.0,0.0,0.0,0.0,0.0,0.0,0.0,0.0,0.0,27.34000015258789,187.99307250976562
2024-04-02,10.2,2024-03-30,10.142708333333337,7.800000000000001,0.0572916666666643,0.0572916666666643,670.2893,1141.5453,58.72,0.03,27.34000015258789,-7.799284238043918,-6.381951170247901,-6.605621259758075,-6.8042990465629085,0.0001590666301815,-8.746187379492246,0.0,1.0,0.0,0.0,0.0,0.0,0.0,0.0,0.0,0.0,0.0,26.202999114990234,161.5886688232422
2024-04-03,11.025,2024-03-31,10.251041666666667,6.975,0.7739583333333329,0.7739583333333329,666.1458,1139.1544,58.48,-0.36,27.34000015258789,-7.799284238043918,-6.381951170247901,-6.605621259758075,-6.8042990465629085,0.0001590666301815,-8.746187379492246,0.0,1.0,0.0,0.0,0.0,0.0,0.0,0.0,0.0,0.0,0.0,25.5629997253418,119.95370483398438
2024-04-04,12.5,2024-04-01,11.311458333333333,5.5,1.1885416666666675,1.1885416666666675,669.1111,1129.916,59.22,0.26,27.34000015258789,-7.799284238043918,-6.381951170247901,-6.605621259758075,-6.8042990465629085,0.0001590666301815,-8.746187379492246,0.0,1.0,0.0,0.0,0.0,0.0,0.0,0.0,0.0,0.0,0.0,26.20599937438965,123.22461700439453
2024-04-05,14.95,2024-04-02,14.370833333333334,3.0500000000000007,0.5791666666666657,0.5791666666666657,670.6287,1129.916,59.35,0.13,26.202999114990234,-8.746187379492246,-6.697957533838925,-6.60869749457664,-7.094775934923619,0.001804292353699,-6.317586811326049,0.0,0.0,1.0,0.0,0.0,0.0,0.0,0.0,0.0,0.0,0.0,26.606000900268555,197.96221923828125
2024-04-08,16.65,2024-04-05,14.705208333333331,1.3500000000000014,1.9447916666666651,1.9447916666666651,673.6079,1130.1589,59.6,0.16,26.606000900268555,-7.39040797896881,-7.235703922141394,-6.666156974116174,-6.090943736750582,0.0002294746221086,-8.379718109267538,0.0,0.0,1.0,0.0,0.0,0.0,0.0,0.0,0.0,0.0,0.0,27.90800094604492,142.04835510253906
2024-04-09,11.45,2024-04-06,9.80625,6.550000000000001,1.643749999999999,1.643749999999999,677.2041,1125.6614,60.16,0.32,26.606000900268555,-7.39040797896881,-7.235703922141394,-6.666156974116174,-6.090943736750582,0.0002294746221086,-8.379718109267538,0.0,0.0,1.0,0.0,0.0,0.0,0.0,0.0,0.0,0.0,0.0,27.35099983215332,130.29766845703125
2024-04-10,11.3,2024-04-07,10.411458333333334,6.699999999999999,0.8885416666666668,0.8885416666666668,680.1409,1125.6614,60.42,0.26,26.606000900268555,-7.39040797896881,-7.235703922141394,-6.666156974116174,-6.090943736750582,0.0002294746221086,-8.379718109267538,0.0,0.0,1.0,0.0,0.0,0.0,0.0,0.0,0.0,0.0,0.0,27.100000381469727,69.73827362060547
2024-04-11,13.2,2024-04-08,12.9875,4.800000000000001,0.2125000000000003,0.2125000000000003,683.4832,1125.6614,60.72,0.3,27.90800094604492,-8.379718109267538,-7.287129821099696,-6.718888605138592,-6.296876728823195,0.0022826065535033,-6.08243726334127,0.0,0.0,1.0,0.0,0.0,0.0,0.0,0.0,0.0,0.0,0.0,29.37700080871582,126.32672882080078
2024-04-12,16.15,2024-04-09,15.982291666666669,1.8500000000000012,0.1677083333333318,0.1677083333333318,685.2941,1130.1589,60.64,0.16,27.35099983215332,-6.08243726334127,-6.8042990465629085,-6.652559122567228,-5.978519298300429,0.0004064391009246,-7.808076450962696,0.0,0.0,1.0,0.0,0.0,0.0,0.0,0.0,0.0,0.0,0.0,30.73200035095215,171.76275634765625
2024-04-15,10.15,2024-04-12,9.872916666666669,7.85,0.2770833333333335,0.2770833333333335,691.7604,1125.6614,61.45,0.25,30.73200035095215,-5.034570261960694,-6.264585285836703,-6.4849850585587845,-6.139066298350846,0.0020333232429999,-6.198083758450526,0.0,0.0,1.0,0.0,0.0,0.0,0.0,0.0,0.0,0.0,0.0,31.14299964904785,161.3263397216797
2024-04-16,8.25,2024-04-13,7.634375,9.75,0.6156249999999996,0.6156249999999996,695.7098,1125.6614,61.8,0.35,30.73200035095215,-5.034570261960694,-6.264585285836703,-6.4849850585587845,-6.139066298350846,0.0020333232429999,-6.198083758450526,0.0,0.0,1.0,0.0,0.0,0.0,0.0,0.0,0.0,0.0,0.0,33.138999938964844,130.1172332763672
2024-04-17,7.4,2024-04-14,6.701041666666667,10.6,0.6989583333333336,0.6989583333333336,699.3679,1125.6614,62.13,0.32,30.73200035095215,-5.034570261960694,-6.264585285836703,-6.4849850585587845,-6.139066298350846,0.0020333232429999,-6.198083758450526,0.0,0.0,1.0,0.0,0.0,0.0,0.0,0.0,0.0,0.0,0.0,31.28899955749512,137.6413116455078
2024-04-18,8.025,2024-04-15,8.316666666666666,9.975,-0.2916666666666661,0.2916666666666661,701.5052,1125.6436,62.32,0.19,31.14299964904785,-6.198083758450526,-6.090943736750582,-6.521824825268939,-5.957372997976545,0.0001764917878862,-8.642236204564092,0.0,0.0,1.0,0.0,0.0,0.0,0.0,0.0,0.0,0.0,0.0,32.30899810791016,230.79364013671875
2024-04-19,8.125,2024-04-16,8.017708333333333,9.875,0.1072916666666667,0.1072916666666667,702.7103,1130.1411,62.18,0.11,33.138999938964844,-8.642236204564092,-6.296876728823195,-6.517582086301554,-6.211434438377658,0.0038590615140636,-5.557331255879006,0.0,0.0,1.0,0.0,0.0,0.0,0.0,0.0,0.0,0.0,0.0,30.757999420166016,340.5443420410156
2024-04-22,6.375,2024-04-19,6.903124999999999,11.625,-0.5281249999999993,0.5281249999999993,702.3462,1130.4091,62.13,-0.02,30.757999420166016,-6.879095696770969,-6.175599646932353,-6.380321446339796,-6.851815437011588,0.0024202135983108,-6.023899478530552,0.0,0.0,1.0,0.0,0.0,0.0,0.0,0.0,0.0,0.0,0.0,29.309999465942383,208.1194305419922
2024-04-23,6.525,2024-04-20,6.965624999999999,11.475,-0.4406249999999989,0.4406249999999989,702.9335,1130.4091,62.18,0.05,30.757999420166016,-6.879095696770969,-6.175599646932353,-6.380321446339796,-6.851815437011588,0.0024202135983108,-6.023899478530552,0.0,0.0,1.0,0.0,0.0,0.0,0.0,0.0,0.0,0.0,0.0,28.41699981689453,134.36312866210938
2024-04-24,6.975,2024-04-21,6.722916666666666,11.025,0.2520833333333332,0.2520833333333332,703.514,1130.4091,62.24,0.05,30.757999420166016,-6.879095696770969,-6.175599646932353,-6.380321446339796,-6.851815437011588,0.0024202135983108,-6.023899478530552,0.0,0.0,1.0,0.0,0.0,0.0,0.0,0.0,0.0,0.0,0.0,29.01799964904785,70.48016357421875
2024-04-25,7.65,2024-04-22,7.375,10.35,0.2750000000000003,0.2750000000000003,702.2528,1130.4091,62.12,-0.11,29.309999465942383,-6.023899478530552,-6.139066298350846,-6.427538646934318,-7.144427536295629,0.0023253002994299,-6.063906086808183,0.0,0.0,1.0,0.0,0.0,0.0,0.0,0.0,0.0,0.0,0.0,29.770999908447266,162.9131622314453
2024-04-26,8.925,2024-04-23,9.907291666666666,9.075,-0.982291666666665,0.982291666666665,700.6539,1130.4091,61.98,-0.14,28.41699981689453,-6.063906086808183,-5.957372997976545,-6.364260606076657,-7.004573989904446,0.0009573569485931,-6.951334247973462,0.0,0.0,1.0,0.0,0.0,0.0,0.0,0.0,0.0,0.0,0.0,28.88599967956543,148.3239288330078
2024-04-29,13.825,2024-04-26,13.626041666666667,4.175000000000001,0.1989583333333318,0.1989583333333318,697.5113,1130.4091,61.7,-0.03,28.88599967956543,-7.328885180886693,-6.600684069768162,-6.492227282496376,-6.408925404873221,0.0009106950659974,-7.001302440120367,0.0,0.0,1.0,0.0,0.0,0.0,0.0,0.0,0.0,0.0,0.0,27.99399948120117,150.83494567871094
2024-04-30,16.525,2024-04-27,15.109375,1.4750000000000014,1.4156249999999986,1.4156249999999986,699.0063,1130.4091,61.84,0.13,28.88599967956543,-7.328885180886693,-6.600684069768162,-6.492227282496376,-6.408925404873221,0.0009106950659974,-7.001302440120367,0.0,0.0,1.0,0.0,0.0,0.0,0.0,0.0,0.0,0.0,0.0,29.118000030517575,154.3292694091797
2024-05-01,18.25,2024-04-28,16.914583333333333,0.0,1.3354166666666671,1.3354166666666671,701.3379,1130.4091,62.04,0.21,28.88599967956543,-7.328885180886693,-6.600684069768162,-6.492227282496376,-6.408925404873221,0.0009106950659974,-7.001302440120367,0.0,0.0,1.0,0.0,0.0,0.0,0.0,0.0,0.0,0.0,0.0,28.729999542236328,106.32933807373047
2024-05-02,15.7,2024-04-29,13.75,2.3000000000000007,1.9499999999999995,1.9499999999999995,703.2102,1130.4091,62.21,0.17,27.99399948120117,-7.001302440120367,-6.851815437011588,-6.484210965827861,-6.32899906270849,0.0009838795687488,-6.924007056868702,0.0,0.0,1.0,0.0,0.0,0.0,0.0,0.0,0.0,0.0,0.0,30.913000106811523,191.10968017578125
2024-05-03,11.725,2024-04-30,12.320833333333333,6.275,-0.5958333333333332,0.5958333333333332,705.7761,1130.4091,62.44,0.23,29.118000030517575,-6.924007056868702,-7.144427536295629,-6.5267049671484045,-6.448474003565463,0.0015497101211819,-6.469687383488139,0.0,0.0,1.0,0.0,0.0,0.0,0.0,0.0,0.0,0.0,0.0,30.527999877929688,167.80361938476562
2024-05-06,13.675,2024-05-03,12.660416666666666,4.324999999999999,1.0145833333333345,1.0145833333333345,714.1125,1132.0607,63.08,0.2,30.527999877929688,-5.228164921911151,-6.3213476805206135,-6.389944043309267,-7.335997145185786,0.000157064047307,-8.758856884804974,0.0,0.0,0.0,1.0,0.0,0.0,0.0,0.0,0.0,0.0,0.0,31.801000595092773,110.41893005371094
2024-05-07,13.4,2024-05-04,12.914583333333333,4.6,0.4854166666666675,0.4854166666666675,716.8069,1132.0607,63.32,0.24,30.527999877929688,-5.228164921911151,-6.3213476805206135,-6.389944043309267,-7.335997145185786,0.000157064047307,-8.758856884804974,0.0,0.0,0.0,1.0,0.0,0.0,0.0,0.0,0.0,0.0,0.0,31.066999435424805,86.46179962158203
2024-05-08,12.5,2024-05-05,13.305208333333333,5.5,-0.8052083333333329,0.8052083333333329,719.6126,1133.0607,63.51,0.25,30.527999877929688,-5.228164921911151,-6.3213476805206135,-6.389944043309267,-7.335997145185786,0.000157064047307,-8.758856884804974,0.0,0.0,0.0,1.0,0.0,0.0,0.0,0.0,0.0,0.0,0.0,30.608999252319336,68.83257293701172
2024-05-09,14.6,2024-05-06,14.765625,3.3999999999999986,-0.1656249999999985,0.1656249999999985,721.7591,1133.0607,63.7,0.19,31.801000595092773,-8.758856884804974,-6.408925404873221,-6.402326978294206,-7.919311271990524,0.0016690054618361,-6.395527361188445,0.0,0.0,0.0,1.0,0.0,0.0,0.0,0.0,0.0,0.0,0.0,30.864999771118164,93.61604309082031
2024-05-10,16.45,2024-05-07,16.395833333333336,1.5500000000000007,0.0541666666666635,0.0541666666666635,723.2142,1133.0607,63.83,0.13,31.066999435424805,-6.395527361188445,-6.32899906270849,-6.373892711197504,-8.268457839336532,0.0005452976960753,-7.514178679266216,0.0,0.0,0.0,1.0,0.0,0.0,0.0,0.0,0.0,0.0,0.0,30.02899932861328,176.26507568359375
2024-05-13,18.4,2024-05-10,16.808333333333334,0.0,1.591666666666665,1.591666666666665,730.4044,1133.0607,64.46,0.27,30.02899932861328,-9.576074289566938,-7.538370805480129,-6.431016149278695,-8.705195614369831,0.0007540125732954,-7.190101513310901,0.0,0.0,0.0,1.0,0.0,0.0,0.0,0.0,0.0,0.0,0.0,29.577999114990234,185.2792205810547
2024-05-14,18.125,2024-05-11,16.584374999999998,0.0,1.540625000000002,1.540625000000002,734.4311,1133.0607,64.82,0.36,30.02899932861328,-9.576074289566938,-7.538370805480129,-6.431016149278695,-8.705195614369831,0.0007540125732954,-7.190101513310901,0.0,0.0,0.0,1.0,0.0,0.0,0.0,0.0,0.0,0.0,0.0,29.66900062561035,106.0021743774414
2024-05-15,16.475,2024-05-12,14.757291666666664,1.5249999999999986,1.717708333333336,1.717708333333336,738.6014,1133.0607,65.19,0.37,30.02899932861328,-9.576074289566938,-7.538370805480129,-6.431016149278695,-8.705195614369831,0.0007540125732954,-7.190101513310901,0.0,0.0,0.0,1.0,0.0,0.0,0.0,0.0,0.0,0.0,0.0,29.733999252319336,54.009254455566406
2024-05-16,15.725,2024-05-13,14.333333333333332,2.2750000000000004,1.3916666666666675,1.3916666666666675,742.0061,1133.0607,65.49,0.3,29.577999114990234,-7.190101513310901,-7.335997145185786,-6.412313579060467,-8.034438937343406,0.0002290000386113,-8.381788381434776,0.0,0.0,0.0,1.0,0.0,0.0,0.0,0.0,0.0,0.0,0.0,30.24799919128418,177.1075897216797
2024-05-17,14.825,2024-05-14,13.976041666666667,3.1750000000000007,0.8489583333333321,0.8489583333333321,745.4346,1133.0607,65.79,0.3,29.66900062561035,-8.381788381434776,-7.919311271990524,-6.603386675333903,-7.396169671235403,9.436808725217593e-06,-11.570892587762916,0.0,0.0,0.0,1.0,0.0,0.0,0.0,0.0,0.0,0.0,0.0,30.768999099731445,154.67242431640625
2024-05-20,16.299999999999997,2024-05-17,15.760416666666668,1.7000000000000028,0.5395833333333293,0.5395833333333293,753.8838,1133.0607,66.54,0.25,30.768999099731445,-8.132809926449099,-8.26179145483849,-6.817997572229424,-6.762897910154449,0.0002916451221782,-8.139972826391725,0.0,0.0,0.0,1.0,0.0,0.0,0.0,0.0,0.0,0.0,0.0,31.76799964904785,181.6569366455078
2024-05-21,16.075,2024-05-18,16.791666666666664,1.9250000000000007,-0.716666666666665,0.716666666666665,757.264,1133.0607,66.83,0.3,30.768999099731445,-8.132809926449099,-8.26179145483849,-6.817997572229424,-6.762897910154449,0.0002916451221782,-8.139972826391725,0.0,0.0,0.0,1.0,0.0,0.0,0.0,0.0,0.0,0.0,0.0,33.00400161743164,110.9231185913086
2024-05-22,15.6,2024-05-19,15.111458333333331,2.4000000000000004,0.4885416666666664,0.4885416666666664,760.7549,1133.0607,67.14,0.31,30.768999099731445,-8.132809926449099,-8.26179145483849,-6.817997572229424,-6.762897910154449,0.0002916451221782,-8.139972826391725,0.0,0.0,0.0,1.0,0.0,0.0,0.0,0.0,0.0,0.0,0.0,34.388999938964844,98.48174285888672
2024-05-23,15.375,2024-05-20,15.080208333333331,2.625,0.2947916666666668,0.2947916666666668,763.6009,1133.0607,67.39,0.25,31.76799964904785,-8.139972826391725,-8.705195614369831,-6.951526424653779,-6.897108923150051,0.0010209189561017,-6.887052118952275,0.0,0.0,0.0,1.0,0.0,0.0,0.0,0.0,0.0,0.0,0.0,35.22800064086914,135.07557678222656
2024-05-24,14.3,2024-05-21,14.410416666666666,3.6999999999999993,-0.1104166666666657,0.1104166666666657,765.1428,1133.0607,67.53,0.14,33.00400161743164,-6.887052118952275,-8.034438937343406,-6.951913779456284,-7.208486256962002,0.0014568979410246,-6.531445800876744,0.0,0.0,0.0,1.0,0.0,0.0,0.0,0.0,0.0,0.0,0.0,34.1150016784668,165.28404235839844
2024-05-28,13.8,2024-05-25,14.39375,4.199999999999999,-0.59375,0.59375,775.9266,1133.0607,68.48,0.29,34.1150016784668,-7.450713871934185,-6.899717564708226,-7.050441907308457,-6.863319729858169,0.0010306680788181,-6.877548065821712,0.0,0.0,0.0,1.0,0.0,0.0,0.0,0.0,0.0,0.0,0.0,33.53400039672852,91.41826629638672
2024-05-29,14.725,2024-05-26,13.688541666666666,3.2750000000000004,1.036458333333334,1.036458333333334,779.7599,1133.0607,68.82,0.34,34.1150016784668,-7.450713871934185,-6.899717564708226,-7.050441907308457,-6.863319729858169,0.0010306680788181,-6.877548065821712,0.0,0.0,0.0,1.0,0.0,0.0,0.0,0.0,0.0,0.0,0.0,33.87900161743164,121.3052978515625
2024-05-30,14.25,2024-05-27,13.9125,3.75,0.3375000000000003,0.3375000000000003,782.4725,1133.0607,69.06,0.24,34.1150016784668,-7.450713871934185,-6.899717564708226,-7.050441907308457,-6.863319729858169,0.0010306680788181,-6.877548065821712,0.0,0.0,0.0,1.0,0.0,0.0,0.0,0.0,0.0,0.0,0.0,35.19200134277344,145.42979431152344
2024-05-31,14.4,2024-05-28,13.988541666666666,3.6,0.4114583333333339,0.4114583333333339,784.916,1133.0607,69.27,0.22,33.53400039672852,-6.877548065821712,-6.762897910154449,-7.019844394513473,-6.32342911452802,0.0002950616320305,-8.128326297919005,0.0,0.0,0.0,1.0,0.0,0.0,0.0,0.0,0.0,0.0,0.0,34.222999572753906,143.45765686035156
2024-06-03,15.025,2024-05-31,15.339583333333334,2.975,-0.3145833333333332,0.3145833333333332,792.9097,1133.0607,69.98,0.28,34.222999572753906,-6.539105930648409,-7.276704321326061,-7.056363397275936,-6.541988284410489,0.0007795767704157,-7.156759386290779,0.0,0.0,0.0,1.0,0.0,0.0,0.0,0.0,0.0,0.0,0.0,36.013999938964844,156.499267578125
2024-06-04,17.1,2024-06-01,16.811458333333334,0.8999999999999986,0.2885416666666671,0.2885416666666671,795.5348,1134.5981,70.12,0.23,34.222999572753906,-6.539105930648409,-7.276704321326061,-7.056363397275936,-6.541988284410489,0.0007795767704157,-7.156759386290779,0.0,0.0,0.0,1.0,0.0,0.0,0.0,0.0,0.0,0.0,0.0,33.797000885009766,121.19149780273438
2024-06-05,14.975,2024-06-02,14.980208333333334,3.0250000000000004,-0.0052083333333339,0.0052083333333339,798.6805,1134.5981,70.39,0.28,34.222999572753906,-6.539105930648409,-7.276704321326061,-7.056363397275936,-6.541988284410489,0.0007795767704157,-7.156759386290779,0.0,0.0,0.0,1.0,0.0,0.0,0.0,0.0,0.0,0.0,0.0,33.35499954223633,90.01542663574219
2024-06-06,14.8,2024-06-03,14.966666666666669,3.1999999999999997,-0.1666666666666678,0.1666666666666678,800.5558,1134.5981,70.56,0.17,36.013999938964844,-7.156759386290779,-7.220863661774293,-7.097825878799968,-6.764534791782276,0.0026020027448874,-5.951473843593585,0.0,0.0,0.0,0.0,1.0,0.0,0.0,0.0,0.0,0.0,0.0,33.68600082397461,111.1133804321289
2024-06-07,15.75,2024-06-04,15.657291666666666,2.25,0.0927083333333342,0.0927083333333342,802.3301,1134.5981,70.71,0.16,33.797000885009766,-5.951473843593585,-6.863319729858169,-6.972833797034987,-7.966901437784745,0.0040367829778266,-5.512307196587899,0.0,0.0,0.0,0.0,1.0,0.0,0.0,0.0,0.0,0.0,0.0,33.10900115966797,110.2148208618164
2024-06-10,12.8,2024-06-07,13.697916666666666,5.199999999999999,-0.8979166666666654,0.8979166666666654,809.2998,1134.5981,71.33,0.21,33.10900115966797,-9.235564195758611,-6.477379961906921,-7.123425065138155,-7.70303619380335,0.0002985003082395,-8.116739589153646,0.0,0.0,0.0,0.0,1.0,0.0,0.0,0.0,0.0,0.0,0.0,34.257999420166016,122.68769073486328
2024-06-11,12.575,2024-06-08,13.130208333333334,5.425000000000001,-0.5552083333333346,0.5552083333333346,812.5253,1134.5981,71.61,0.28,33.10900115966797,-9.235564195758611,-6.477379961906921,-7.123425065138155,-7.70303619380335,0.0002985003082395,-8.116739589153646,0.0,0.0,0.0,0.0,1.0,0.0,0.0,0.0,0.0,0.0,0.0,34.28499984741211,66.66158294677734
2024-06-12,12.8,2024-06-09,12.920833333333333,5.199999999999999,-0.1208333333333318,0.1208333333333318,815.7288,1134.5981,71.9,0.28,33.10900115966797,-9.235564195758611,-6.477379961906921,-7.123425065138155,-7.70303619380335,0.0002985003082395,-8.116739589153646,0.0,0.0,0.0,0.0,1.0,0.0,0.0,0.0,0.0,0.0,0.0,35.29399871826172,92.95470428466797
2024-06-13,14.85,2024-06-10,14.814583333333331,3.1500000000000004,0.0354166666666682,0.0354166666666682,817.9674,1133.7861,72.14,0.2,34.257999420166016,-8.116739589153646,-6.541988284410489,-7.137440999097319,-7.734833776991262,0.0011638273147375,-6.756041294855803,0.0,0.0,0.0,0.0,1.0,0.0,0.0,0.0,0.0,0.0,0.0,35.7239990234375,107.28964233398438
2024-06-14,14.85,2024-06-11,15.548958333333331,3.1500000000000004,-0.6989583333333336,0.6989583333333336,819.9515,1133.7861,72.32,0.17,34.28499984741211,-6.756041294855803,-6.764534791782276,-7.084900627085979,-7.646627100769091,6.206905033745065e-07,-14.29243165240009,0.0,0.0,0.0,0.0,1.0,0.0,0.0,0.0,0.0,0.0,0.0,35.36000061035156,121.78558349609375
2024-06-17,16.7,2024-06-14,16.655208333333334,1.3000000000000007,0.044791666666665,0.044791666666665,827.4555,1133.7861,72.98,0.28,35.36000061035156,-8.827486580853554,-7.620744005274595,-7.0883699722755225,-8.04825267300023,0.0001048872869354,-9.162624232599232,0.0,0.0,0.0,0.0,1.0,0.0,0.0,0.0,0.0,0.0,0.0,34.209999084472656,90.13789367675781
2024-06-18,17.8,2024-06-15,18.128125,0.1999999999999993,-0.328125,0.328125,831.1865,1134.5861,73.26,0.33,35.36000061035156,-8.827486580853554,-7.620744005274595,-7.0883699722755225,-8.04825267300023,0.0001048872869354,-9.162624232599232,0.0,0.0,0.0,0.0,1.0,0.0,0.0,0.0,0.0,0.0,0.0,34.70000076293945,109.89561462402344
2024-06-20,17.0,2024-06-17,17.751041666666666,1.0,-0.7510416666666657,0.7510416666666657,837.9257,1134.5861,73.85,0.45,34.209999084472656,-9.162624232599232,-7.70303619380335,-7.0831859220101485,-8.509070325771727,0.00109318066971,-6.818663785451553,0.0,0.0,0.0,0.0,1.0,0.0,0.0,0.0,0.0,0.0,0.0,34.4640007019043,120.9456787109375
2024-06-21,16.575,2024-06-18,17.121875,1.4250000000000007,-0.546875,0.546875,840.5822,1134.5861,74.09,0.23,34.70000076293945,-6.818663785451553,-7.734833776991262,-7.025899450326604,-7.984206350812698,0.0002022577951056,-8.505967455892506,0.0,0.0,0.0,0.0,1.0,0.0,0.0,0.0,0.0,0.0,0.0,33.93600082397461,142.94383239746094
2024-06-24,20.725,2024-06-21,19.84166666666667,0.0,0.8833333333333329,0.8833333333333329,848.6039,1134.5861,74.79,0.23,33.93600082397461,-9.974505320494528,-8.05123248484496,-7.0432658801700505,-7.87809393634825,0.0002383596096719,-8.341730055448217,0.0,0.0,0.0,0.0,1.0,0.0,0.0,0.0,0.0,0.0,0.0,34.08000183105469,128.30368041992188
2024-06-25,22.575,2024-06-22,22.09166666666667,0.0,0.4833333333333307,0.4833333333333307,852.4008,1134.5861,75.13,0.33,33.93600082397461,-9.974505320494528,-8.05123248484496,-7.0432658801700505,-7.87809393634825,0.0002383596096719,-8.341730055448217,0.0,0.0,0.0,0.0,1.0,0.0,0.0,0.0,0.0,0.0,0.0,34.85300064086914,64.95230865478516
2024-06-26,24.375,2024-06-23,23.575,0.0,0.8000000000000007,0.8000000000000007,856.2176,1134.4843,75.47,0.34,33.93600082397461,-9.974505320494528,-8.05123248484496,-7.0432658801700505,-7.87809393634825,0.0002383596096719,-8.341730055448217,0.0,0.0,0.0,0.0,1.0,0.0,0.0,0.0,0.0,0.0,0.0,33.82400131225586,85.1559829711914
2024-06-27,23.55,2024-06-24,23.570833333333333,0.0,-0.0208333333333321,0.0208333333333321,859.1098,1134.5861,75.72,0.25,34.08000183105469,-8.341730055448217,-7.995274741656805,-7.084851679753887,-7.511328776223129,1.7929580923170076e-05,-10.92905858778751,0.0,0.0,0.0,0.0,1.0,0.0,0.0,0.0,0.0,0.0,0.0,34.564998626708984,212.60784912109375
2024-06-28,19.35,2024-06-25,19.27916666666667,0.0,0.0708333333333328,0.0708333333333328,861.9297,1134.5861,75.97,0.25,34.85300064086914,-10.92905858778751,-8.04825267300023,-7.166148652895592,-7.698869891491509,0.0005030366888192,-7.594847448537993,0.0,0.0,0.0,0.0,1.0,0.0,0.0,0.0,0.0,0.0,0.0,34.47999954223633,109.98760223388672
2024-07-01,16.4,2024-06-28,16.6125,1.6000000000000014,-0.2125000000000021,0.2125000000000021,871.1888,1135.1505,76.75,0.29,34.47999954223633,-7.663567907428712,-7.762447325607771,-7.254117650017387,-7.604045452926689,6.062119331927622e-06,-12.013450929323165,0.0,0.0,0.0,0.0,1.0,0.0,0.0,0.0,0.0,0.0,0.0,33.48500061035156,121.46080780029297
2024-07-02,15.125,2024-06-29,15.880208333333332,2.875,-0.7552083333333321,0.7552083333333321,874.9805,1135.1505,77.08,0.33,34.47999954223633,-7.663567907428712,-7.762447325607771,-7.254117650017387,-7.604045452926689,6.062119331927622e-06,-12.013450929323165,0.0,0.0,0.0,0.0,1.0,0.0,0.0,0.0,0.0,0.0,0.0,33.685001373291016,42.536983489990234
2024-07-03,14.4,2024-06-30,13.709375,3.6000000000000014,0.6906249999999989,0.6906249999999989,878.8032,1135.1505,77.42,0.34,34.47999954223633,-7.663567907428712,-7.762447325607771,-7.254117650017387,-7.604045452926689,6.062119331927622e-06,-12.013450929323165,0.0,0.0,0.0,0.0,1.0,0.0,0.0,0.0,0.0,0.0,0.0,32.691001892089844,46.920223236083984
2024-07-05,17.075,2024-07-02,17.089583333333334,0.9250000000000008,-0.0145833333333342,0.0145833333333342,884.4195,1135.1505,77.91,0.25,33.685001373291016,-7.06157570921013,-7.511328776223129,-7.224754099019337,-7.48476150498938,3.546297294252121e-05,-10.247021393307508,0.0,0.0,0.0,0.0,0.0,1.0,0.0,0.0,0.0,0.0,0.0,33.06700134277344,79.59959411621094
2024-07-08,18.4,2024-07-05,18.657291666666666,0.0,-0.2572916666666671,0.2572916666666671,893.5202,1135.1505,78.71,0.28,33.06700134277344,-7.016264494779549,-7.699287131178705,-7.308872683923592,-7.699348280356799,0.000130781599309,-8.94198179925637,0.0,0.0,0.0,0.0,0.0,1.0,0.0,0.0,0.0,0.0,0.0,32.2859992980957,73.11270141601562
2024-07-09,22.0,2024-07-06,22.1125,0.0,-0.1125000000000007,0.1125000000000007,897.0592,1135.6492,78.99,0.31,33.06700134277344,-7.016264494779549,-7.699287131178705,-7.308872683923592,-7.699348280356799,0.000130781599309,-8.94198179925637,0.0,0.0,0.0,0.0,0.0,1.0,0.0,0.0,0.0,0.0,0.0,31.334999084472656,87.63406372070312
2024-07-10,20.625,2024-07-07,20.558333333333334,0.0,0.0666666666666664,0.0666666666666664,900.5516,1135.6492,79.3,0.31,33.06700134277344,-7.016264494779549,-7.699287131178705,-7.308872683923592,-7.699348280356799,0.000130781599309,-8.94198179925637,0.0,0.0,0.0,0.0,0.0,1.0,0.0,0.0,0.0,0.0,0.0,30.78400039672852,94.91598510742188
2024-07-11,19.6,2024-07-08,20.213541666666668,0.0,-0.6135416666666664,0.6135416666666664,903.7771,1135.6492,79.58,0.28,32.2859992980957,-8.94198179925637,-7.861278986847414,-7.49250876785089,-7.920555595086534,0.0005713136747584,-7.467572154556955,0.0,0.0,0.0,0.0,0.0,1.0,0.0,0.0,0.0,0.0,0.0,31.11199951171875,89.18451690673828
2024-07-12,16.225,2024-07-09,18.91875,1.7749999999999986,-2.693749999999998,2.693749999999998,906.8107,1135.6492,79.85,0.27,31.334999084472656,-7.467572154556955,-7.604045452926689,-7.82474155374224,-7.453105210883372,0.000893891811353,-7.019925805378777,0.0,0.0,0.0,0.0,0.0,1.0,0.0,0.0,0.0,0.0,0.0,31.7189998626709,90.05038452148438
2024-07-15,20.8,2024-07-12,19.738541666666663,0.0,1.0614583333333307,1.0614583333333307,914.8096,1135.7735,80.55,0.23,31.7189998626709,-9.094086757895504,-7.812590436410275,-7.742725987581019,-7.207244004311927,0.0003733506949086,-7.892992376526619,0.0,0.0,0.0,0.0,0.0,1.0,0.0,0.0,0.0,0.0,0.0,31.371000289916992,86.32097625732422
2024-07-16,18.425,2024-07-13,19.266666666666666,0.0,-0.841666666666665,0.841666666666665,918.0186,1135.7735,80.83,0.28,31.7189998626709,-9.094086757895504,-7.812590436410275,-7.742725987581019,-7.207244004311927,0.0003733506949086,-7.892992376526619,0.0,0.0,0.0,0.0,0.0,1.0,0.0,0.0,0.0,0.0,0.0,32.797000885009766,31.749849319458008
2024-07-17,19.7,2024-07-14,19.5875,0.0,0.1125000000000007,0.1125000000000007,921.3442,1135.7735,81.12,0.29,31.7189998626709,-9.094086757895504,-7.812590436410275,-7.742725987581019,-7.207244004311927,0.0003733506949086,-7.892992376526619,0.0,0.0,0.0,0.0,0.0,1.0,0.0,0.0,0.0,0.0,0.0,31.89299964904785,45.007713317871094
2024-07-18,21.95,2024-07-15,21.53333333333333,0.0,0.4166666666666678,0.4166666666666678,924.0643,1135.7735,81.36,0.24,31.371000289916992,-7.892992376526619,-7.699348280356799,-7.829168018560904,-7.211229483994098,0.0001217040876679,-9.013917962249586,0.0,0.0,0.0,0.0,0.0,1.0,0.0,0.0,0.0,0.0,0.0,32.67399978637695,67.88048553466797
2024-07-19,24.675,2024-07-16,23.984375,0.0,0.6906250000000007,0.6906250000000007,926.697,1135.7735,81.59,0.23,32.797000885009766,-9.013917962249586,-7.920555595086534,-7.815432648238003,-7.950782676044658,0.0019760839897196,-6.226638175134874,0.0,0.0,0.0,0.0,0.0,1.0,0.0,0.0,0.0,0.0,0.0,32.16999816894531,68.23641204833984
2024-07-22,20.375,2024-07-19,20.195833333333333,0.0,0.1791666666666671,0.1791666666666671,934.2312,1135.7735,82.26,0.24,32.16999816894531,-7.443374867244295,-7.172325758564702,-7.589519855015192,-7.695497006673669,0.0002416583336053,-8.32798566986731,0.0,0.0,0.0,0.0,0.0,1.0,0.0,0.0,0.0,0.0,0.0,31.839000701904297,143.77462768554688
2024-07-23,19.6,2024-07-20,19.832291666666663,0.0,-0.232291666666665,0.232291666666665,937.7588,1135.7735,82.57,0.31,32.16999816894531,-7.443374867244295,-7.172325758564702,-7.589519855015192,-7.695497006673669,0.0002416583336053,-8.32798566986731,0.0,0.0,0.0,0.0,0.0,1.0,0.0,0.0,0.0,0.0,0.0,31.621999740600582,79.50162506103516
2024-07-24,19.4,2024-07-21,19.107291666666665,0.0,0.2927083333333335,0.2927083333333335,941.4457,1135.7735,82.89,0.32,32.16999816894531,-7.443374867244295,-7.172325758564702,-7.589519855015192,-7.695497006673669,0.0002416583336053,-8.32798566986731,0.0,0.0,0.0,0.0,0.0,1.0,0.0,0.0,0.0,0.0,0.0,32.62099838256836,81.29000091552734
2024-07-25,20.575,2024-07-22,20.875,0.0,-0.3000000000000007,0.3000000000000007,944.1683,1135.7735,83.13,0.24,31.839000701904297,-8.32798566986731,-7.207244004311927,-7.669142209622446,-7.145042358846793,0.0001069633521343,-9.143024276238638,0.0,0.0,0.0,0.0,0.0,1.0,0.0,0.0,0.0,0.0,0.0,31.77899932861328,130.038818359375
2024-07-26,20.0,2024-07-23,20.69895833333333,0.0,-0.69895833333333,0.69895833333333,946.5927,1135.7735,83.34,0.21,31.621999740600582,-9.143024276238638,-7.211229483994098,-7.678460428163218,-7.105802400141897,4.677059162271368e-05,-9.970255915305822,0.0,0.0,0.0,0.0,0.0,1.0,0.0,0.0,0.0,0.0,0.0,32.474998474121094,36.46863555908203
2024-07-29,21.925,2024-07-26,21.56875,0.0,0.3562499999999993,0.3562499999999993,954.0147,1137.2211,83.89,0.23,32.474998474121094,-7.287771638685197,-7.80099023496835,-7.550013092061524,-6.945844098218827,0.0004693653968525,-7.664128992959926,0.0,0.0,0.0,0.0,0.0,1.0,0.0,0.0,0.0,0.0,0.0,33.87300109863281,95.77151489257812
2024-07-30,25.4,2024-07-27,23.97083333333333,0.0,1.4291666666666636,1.4291666666666636,957.2097,1137.2211,84.17,0.28,32.474998474121094,-7.287771638685197,-7.80099023496835,-7.550013092061524,-6.945844098218827,0.0004693653968525,-7.664128992959926,0.0,0.0,0.0,0.0,0.0,1.0,0.0,0.0,0.0,0.0,0.0,34.36100006103516,81.64779663085938
2024-07-31,24.175,2024-07-28,23.246875,0.0,0.9281250000000014,0.9281250000000014,960.6125,1137.2211,84.47,0.3,32.474998474121094,-7.287771638685197,-7.80099023496835,-7.550013092061524,-6.945844098218827,0.0004693653968525,-7.664128992959926,0.0,0.0,0.0,0.0,0.0,1.0,0.0,0.0,0.0,0.0,0.0,35.86800003051758,105.160888671875
2024-08-01,22.15,2024-07-29,22.063541666666666,0.0,0.0864583333333328,0.0864583333333328,963.1391,1137.2211,84.69,0.22,33.87300109863281,-7.664128992959926,-7.695497006673669,-7.55292648192538,-7.117258908952532,0.0017764331444826,-6.33314777592584,0.0,0.0,0.0,0.0,0.0,1.0,0.0,0.0,0.0,0.0,0.0,36.96900177001953,124.38494873046875
2024-08-02,22.125,2024-07-30,22.012500000000003,0.0,0.1124999999999971,0.1124999999999971,965.5134,1137.2211,84.9,0.21,34.36100006103516,-6.33314777592584,-7.145042358846793,-7.479576863093095,-6.924677011700759,0.000204602492898,-8.494441515381121,0.0,0.0,0.0,0.0,0.0,1.0,0.0,0.0,0.0,0.0,0.0,36.64899826049805,107.0728988647461
2024-08-05,21.5,2024-08-02,21.663541666666667,0.0,-0.1635416666666671,0.1635416666666671,971.9194,1137.7465,85.42,0.23,36.64899826049805,-6.997560604192246,-6.867204186099367,-7.356394289571207,-6.704570851555424,7.558000475064697e-05,-9.490318783956049,0.0,0.0,0.0,0.0,0.0,0.0,1.0,0.0,0.0,0.0,0.0,35.49800109863281,191.2178192138672
2024-08-06,23.4,2024-08-03,23.82604166666667,0.0,-0.42604166666667,0.42604166666667,975.1823,1137.7465,85.71,0.29,36.64899826049805,-6.997560604192246,-6.867204186099367,-7.356394289571207,-6.704570851555424,7.558000475064697e-05,-9.490318783956049,0.0,0.0,0.0,0.0,0.0,0.0,1.0,0.0,0.0,0.0,0.0,36.67599868774414,92.17579650878906
2024-08-07,20.85,2024-08-04,21.039583333333333,0.0,-0.1895833333333314,0.1895833333333314,978.54,1137.7465,86.01,0.3,36.64899826049805,-6.997560604192246,-6.867204186099367,-7.356394289571207,-6.704570851555424,7.558000475064697e-05,-9.490318783956049,0.0,0.0,0.0,0.0,0.0,0.0,1.0,0.0,0.0,0.0,0.0,38.45100021362305,76.24835968017578
2024-08-08,21.5,2024-08-05,21.15520833333333,0.0,0.3447916666666657,0.3447916666666657,981.1433,1137.7465,86.24,0.23,35.49800109863281,-9.490318783956049,-6.945844098218827,-7.353542429990198,-6.821903431430823,0.0010182294360335,-6.889690006057991,0.0,0.0,0.0,0.0,0.0,0.0,1.0,0.0,0.0,0.0,0.0,40.095001220703125,186.99978637695312
2024-08-09,21.75,2024-08-06,21.698958333333334,0.0,0.0510416666666664,0.0510416666666664,983.4548,1138.0965,86.41,0.2,36.67599868774414,-6.889690006057991,-7.117258908952532,-7.344985515627968,-7.034977734978446,0.0010657721931959,-6.844055677580621,0.0,0.0,0.0,0.0,0.0,0.0,1.0,0.0,0.0,0.0,0.0,40.39599990844727,131.50079345703125
2024-08-12,26.875,2024-08-09,26.366666666666667,0.0,0.5083333333333329,0.5083333333333329,991.1644,1138.0965,87.09,0.25,40.39599990844727,-6.3465166267389455,-6.701369728237512,-7.127244234191636,-8.749231315325833,5.593692474871348e-05,-9.791285827926682,0.0,0.0,0.0,0.0,0.0,0.0,1.0,0.0,0.0,0.0,0.0,39.65800094604492,151.33558654785156
2024-08-13,25.05,2024-08-10,24.73125,0.0,0.3187500000000014,0.3187500000000014,994.2652,1138.0965,87.36,0.27,40.39599990844727,-6.3465166267389455,-6.701369728237512,-7.127244234191636,-8.749231315325833,5.593692474871348e-05,-9.791285827926682,0.0,0.0,0.0,0.0,0.0,0.0,1.0,0.0,0.0,0.0,0.0,39.47999954223633,122.04196166992188
2024-08-14,22.45,2024-08-11,21.571875,0.0,0.8781250000000007,0.8781250000000007,998.2705,1138.0965,87.71,0.35,40.39599990844727,-6.3465166267389455,-6.701369728237512,-7.127244234191636,-8.749231315325833,5.593692474871348e-05,-9.791285827926682,0.0,0.0,0.0,0.0,0.0,0.0,1.0,0.0,0.0,0.0,0.0,38.96699905395508,61.8345947265625
2024-08-15,22.575,2024-08-12,23.204166666666666,0.0,-0.6291666666666664,0.6291666666666664,1000.4787,1138.0965,87.91,0.19,39.65800094604492,-9.791285827926682,-6.704570851555424,-7.142002994169979,-9.254228197095808,0.0003399617197457,-7.986677532734251,0.0,0.0,0.0,0.0,0.0,0.0,1.0,0.0,0.0,0.0,0.0,39.60100173950195,118.30599212646484
2024-08-16,21.7,2024-08-13,21.745833333333334,0.0,-0.0458333333333342,0.0458333333333342,1003.5796,1138.1964,88.17,0.27,39.47999954223633,-7.986677532734251,-6.821903431430823,-7.129009626109765,-7.4823315766263985,2.023662875918444e-05,-10.80801624128427,0.0,0.0,0.0,0.0,0.0,0.0,1.0,0.0,0.0,0.0,0.0,39.64400100708008,151.6049346923828
2024-08-19,19.575,2024-08-16,19.796875,0.0,-0.2218750000000007,0.2218750000000007,1013.6429,1138.6959,89.02,0.3,39.64400100708008,-8.252995404101888,-8.6824510350691,-7.250634965393838,-7.351240486101069,1.1777101643193786e-06,-13.651937694378724,0.0,0.0,0.0,0.0,0.0,0.0,1.0,0.0,0.0,0.0,0.0,39.845001220703125,118.94318389892578
2024-08-20,19.475,2024-08-17,20.535416666666663,0.0,-1.060416666666665,1.060416666666665,1017.5131,1138.6959,89.36,0.34,39.64400100708008,-8.252995404101888,-8.6824510350691,-7.250634965393838,-7.351240486101069,1.1777101643193786e-06,-13.651937694378724,0.0,0.0,0.0,0.0,0.0,0.0,1.0,0.0,0.0,0.0,0.0,37.95700073242188,137.03067016601562
2024-08-21,17.875,2024-08-18,17.33125,0.125,0.5437499999999993,0.5437499999999993,1021.5357,1138.6959,89.71,0.35,39.64400100708008,-8.252995404101888,-8.6824510350691,-7.250634965393838,-7.351240486101069,1.1777101643193786e-06,-13.651937694378724,0.0,0.0,0.0,0.0,0.0,0.0,1.0,0.0,0.0,0.0,0.0,37.0099983215332,75.07235717773438
2024-08-22,19.625,2024-08-19,19.5,0.0,0.125,0.125,1024.5295,1138.7989,89.97,0.26,39.845001220703125,-13.651937694378724,-8.749231315325833,-7.301885032504807,-7.226196653724587,2.557648091402385e-05,-10.573837303952914,0.0,0.0,0.0,0.0,0.0,0.0,1.0,0.0,0.0,0.0,0.0,36.58700180053711,136.52664184570312
2024-08-23,20.8,2024-08-20,21.38958333333333,0.0,-0.5895833333333371,0.5895833333333371,1027.4617,1138.7989,90.22,0.26,37.95700073242188,-10.573837303952914,-9.254228197095808,-7.34034862175804,-7.817868021096251,0.0023564226674243,-6.050610628423959,0.0,0.0,0.0,0.0,0.0,0.0,1.0,0.0,0.0,0.0,0.0,36.86299896240234,151.46929931640625
2024-08-26,18.8,2024-08-23,18.819791666666667,0.0,-0.0197916666666664,0.0197916666666664,1036.1411,1138.7989,90.99,0.26,36.86299896240234,-8.931674789242425,-7.368624118742253,-7.165251217738384,-7.737712597980284,5.647935162742078e-05,-9.78163542682407,0.0,0.0,0.0,0.0,0.0,0.0,1.0,0.0,0.0,0.0,0.0,37.65599822998047,143.7642364501953
2024-08-27,20.75,2024-08-24,21.090625000000003,0.0,-0.3406250000000028,0.3406250000000028,1040.3056,1139.6109,91.29,0.37,36.86299896240234,-8.931674789242425,-7.368624118742253,-7.165251217738384,-7.737712597980284,5.647935162742078e-05,-9.78163542682407,0.0,0.0,0.0,0.0,0.0,0.0,1.0,0.0,0.0,0.0,0.0,38.68899917602539,87.31644439697266
2024-08-28,23.925,2024-08-25,23.759375,0.0,0.1656250000000021,0.1656250000000021,1043.8707,1139.6109,91.6,0.31,36.86299896240234,-8.931674789242425,-7.368624118742253,-7.165251217738384,-7.737712597980284,5.647935162742078e-05,-9.78163542682407,0.0,0.0,0.0,0.0,0.0,0.0,1.0,0.0,0.0,0.0,0.0,38.52000045776367,110.72650146484375
2024-08-29,22.9,2024-08-26,24.011458333333334,0.0,-1.111458333333335,1.111458333333335,1045.7776,1139.6109,91.77,0.17,37.65599822998047,-9.78163542682407,-7.351240486101069,-7.220305254862475,-6.661596356981007,0.0004530064114723,-7.699604277013417,0.0,0.0,0.0,0.0,0.0,0.0,1.0,0.0,0.0,0.0,0.0,38.60100173950195,176.03016662597656
2024-08-30,19.75,2024-08-27,18.80208333333333,0.0,0.947916666666668,0.947916666666668,1047.9527,1139.6109,91.96,0.19,38.68899917602539,-7.699604277013417,-7.226196653724587,-7.234751918370314,-6.553649647974911,0.0007324083243051,-7.219172378072357,0.0,0.0,0.0,0.0,0.0,0.0,1.0,0.0,0.0,0.0,0.0,39.823001861572266,174.34567260742188
2024-09-03,21.175,2024-08-31,21.33125,0.0,-0.15625,0.15625,1055.5968,1142.5292,92.39,0.21,39.823001861572266,-12.331036568858076,-8.281748800104824,-7.347707386109356,-6.593261508513304,0.0009713478322056,-6.93682593218603,0.0,0.0,0.0,0.0,0.0,0.0,1.0,0.0,0.0,0.0,0.0,37.19300079345703,124.57520294189453
2024-09-04,19.725,2024-09-01,19.56458333333333,0.0,0.1604166666666699,0.1604166666666699,1058.0498,1145.6208,92.36,0.21,39.823001861572266,-12.331036568858076,-8.281748800104824,-7.347707386109356,-6.593261508513304,0.0009713478322056,-6.93682593218603,0.0,0.0,0.0,0.0,0.0,0.0,1.0,0.0,0.0,0.0,0.0,35.79800033569336,113.66654205322266
2024-09-05,20.55,2024-09-02,18.532291666666666,0.0,2.017708333333335,2.017708333333335,1059.3972,1145.6208,92.47,0.12,39.823001861572266,-12.331036568858076,-8.281748800104824,-7.347707386109356,-6.593261508513304,0.0009713478322056,-6.93682593218603,0.0,0.0,0.0,0.0,0.0,0.0,1.0,0.0,0.0,0.0,0.0,36.19499969482422,145.5133056640625
2024-09-06,20.125,2024-09-03,19.26354166666667,0.0,0.8614583333333314,0.8614583333333314,1059.9998,1145.6208,92.53,0.05,37.19300079345703,-6.93682593218603,-7.737712597980284,-7.411152856191979,-6.835913082689605,0.0046681810976374,-5.366985769543982,0.0,0.0,0.0,0.0,0.0,0.0,0.0,1.0,0.0,0.0,0.0,36.479000091552734,171.22616577148438
2024-09-09,16.7,2024-09-06,17.15625,1.3000000000000007,-0.4562500000000007,0.4562500000000007,1062.3533,1145.6858,92.73,0.09,36.479000091552734,-9.014464368003562,-6.5393689304949145,-7.134214660579135,-6.871276408335294,6.108635050822113e-05,-9.703222096310506,0.0,0.0,0.0,0.0,0.0,0.0,0.0,1.0,0.0,0.0,0.0,37.33300018310547,100.38084411621094
2024-09-10,15.8,2024-09-07,15.980208333333334,2.200000000000001,-0.1802083333333346,0.1802083333333346,1063.4202,1145.6858,92.82,0.09,36.479000091552734,-9.014464368003562,-6.5393689304949145,-7.134214660579135,-6.871276408335294,6.108635050822113e-05,-9.703222096310506,0.0,0.0,0.0,0.0,0.0,0.0,0.0,1.0,0.0,0.0,0.0,35.28200149536133,90.47984313964844
2024-09-11,13.35,2024-09-08,13.08125,4.649999999999999,0.2687500000000007,0.2687500000000007,1064.8832,1145.6858,92.95,0.13,36.479000091552734,-9.014464368003562,-6.5393689304949145,-7.134214660579135,-6.871276408335294,6.108635050822113e-05,-9.703222096310506,0.0,0.0,0.0,0.0,0.0,0.0,0.0,1.0,0.0,0.0,0.0,36.141998291015625,122.36398315429688
2024-09-12,11.9,2024-09-09,11.966666666666669,6.1,-0.0666666666666664,0.0666666666666664,1065.9971,1145.6858,93.04,0.1,37.33300018310547,-9.703222096310506,-6.531557579611708,-7.193194281656794,-6.619419468318882,0.0005355014314997,-7.532306993010471,0.0,0.0,0.0,0.0,0.0,0.0,0.0,1.0,0.0,0.0,0.0,35.191001892089844,146.7593231201172
2024-09-13,12.675,2024-09-10,12.584375,5.324999999999999,0.090625000000001,0.090625000000001,1067.1731,1145.6858,93.15,0.1,35.28200149536133,-7.532306993010471,-6.593261508513304,-7.301549505149158,-6.858588364899495,0.0031927808579887,-5.746862999302608,0.0,0.0,0.0,0.0,0.0,0.0,0.0,1.0,0.0,0.0,0.0,35.64799880981445,97.6078872680664
2024-09-16,15.9,2024-09-13,15.95,2.1,-0.0499999999999989,0.0499999999999989,1068.0451,1145.6858,93.22,0.02,35.64799880981445,-7.24879525545827,-6.891808803906497,-7.155407809695029,-6.2658989033426655,0.0001664768043907,-8.70065456521017,0.0,0.0,0.0,0.0,0.0,0.0,0.0,1.0,0.0,0.0,0.0,34.08100128173828,185.6430206298828
2024-09-17,17.125,2024-09-14,16.690625,0.875,0.4343749999999993,0.4343749999999993,1068.6857,1145.6858,93.28,0.06,35.64799880981445,-7.24879525545827,-6.891808803906497,-7.155407809695029,-6.2658989033426655,0.0001664768043907,-8.70065456521017,0.0,0.0,0.0,0.0,0.0,0.0,0.0,1.0,0.0,0.0,0.0,35.547000885009766,100.38084411621094
2024-09-18,18.825000000000003,2024-09-15,19.241666666666667,0.0,-0.4166666666666643,0.4166666666666643,1069.6373,1145.6858,93.36,0.08,35.64799880981445,-7.24879525545827,-6.891808803906497,-7.155407809695029,-6.2658989033426655,0.0001664768043907,-8.70065456521017,0.0,0.0,0.0,0.0,0.0,0.0,0.0,1.0,0.0,0.0,0.0,35.244998931884766,55.874637603759766
2024-09-19,19.35,2024-09-16,19.839583333333334,0.0,-0.4895833333333321,0.4895833333333321,1069.7927,1145.6868,93.38,0.01,34.08100128173828,-8.70065456521017,-6.871276408335294,-7.14692859547125,-6.216403090685268,0.0020207658306633,-6.204278714832789,0.0,0.0,0.0,0.0,0.0,0.0,0.0,1.0,0.0,0.0,0.0,33.08300018310547,88.97392272949219
2024-09-20,18.825,2024-09-17,18.823958333333334,0.0,0.0010416666666657,0.0010416666666657,1069.9616,1145.8758,93.38,0.01,35.547000885009766,-6.204278714832789,-6.619419468318882,-7.045460124637498,-6.353306129267422,0.0017737328213745,-6.334669013892339,0.0,0.0,0.0,0.0,0.0,0.0,0.0,1.0,0.0,0.0,0.0,34.444000244140625,100.7880630493164
2024-09-23,16.7,2024-09-20,16.425,1.3000000000000007,0.2749999999999986,0.2749999999999986,1072.1151,1145.8929,93.56,0.07,34.444000244140625,-5.519610863956632,-6.432617350949034,-6.790516453063727,-6.723279402421022,0.0016253204392699,-6.422050288628318,0.0,0.0,0.0,0.0,0.0,0.0,0.0,1.0,0.0,0.0,0.0,36.21099853515625,175.53778076171875
2024-09-24,14.95,2024-09-21,14.721875,3.0500000000000007,0.2281249999999985,0.2281249999999985,1073.5915,1145.8929,93.69,0.13,34.444000244140625,-5.519610863956632,-6.432617350949034,-6.790516453063727,-6.723279402421022,0.0016253204392699,-6.422050288628318,0.0,0.0,0.0,0.0,0.0,0.0,0.0,1.0,0.0,0.0,0.0,35.41299819946289,90.29145050048828
2024-09-25,15.025,2024-09-22,14.830208333333331,2.975,0.1947916666666671,0.1947916666666671,1074.9676,1145.8929,93.81,0.12,34.444000244140625,-5.519610863956632,-6.432617350949034,-6.790516453063727,-6.723279402421022,0.0016253204392699,-6.422050288628318,0.0,0.0,0.0,0.0,0.0,0.0,0.0,1.0,0.0,0.0,0.0,37.31900024414063,8.952885627746582
2024-09-26,15.975,2024-09-23,15.591666666666669,2.0249999999999986,0.3833333333333328,0.3833333333333328,1075.3317,1145.8929,93.84,0.03,36.21099853515625,-6.422050288628318,-6.2658989033426655,-6.820517584054408,-7.1083290249916455,0.0025028083584172,-5.990341833819579,0.0,0.0,0.0,0.0,0.0,0.0,0.0,1.0,0.0,0.0,0.0,37.88999938964844,158.09982299804688
2024-09-27,13.525,2024-09-24,13.78125,4.475,-0.2562499999999996,0.2562499999999996,1076.0205,1145.8929,93.9,0.06,35.41299819946289,-5.990341833819579,-6.216403090685268,-6.7457184904066425,-7.228255288810649,0.0004965751452588,-7.607775733950004,0.0,0.0,0.0,0.0,0.0,0.0,0.0,1.0,0.0,0.0,0.0,38.11399841308594,161.11709594726562
2024-09-30,13.05,2024-09-27,12.826041666666669,4.949999999999999,0.2239583333333339,0.2239583333333339,1078.3043,1146.1425,94.08,0.08,38.11399841308594,-8.37494413744357,-6.488582402974196,-6.641773717616008,-7.529727843719125,3.4744165305816024e-05,-10.267498876137866,0.0,0.0,0.0,0.0,0.0,0.0,0.0,1.0,0.0,0.0,0.0,39.04399871826172,134.84788513183594
2024-10-01,14.0,2024-09-28,13.829166666666666,4.0,0.1708333333333342,0.1708333333333342,1079.6547,1146.1425,94.2,0.12,38.11399841308594,-8.37494413744357,-6.488582402974196,-6.641773717616008,-7.529727843719125,3.4744165305816024e-05,-10.267498876137866,0.0,0.0,0.0,0.0,0.0,0.0,0.0,1.0,0.0,0.0,0.0,39.27299880981445,66.58427429199219
2024-10-02,13.0,2024-09-29,13.372916666666669,5.0,-0.3729166666666668,0.3729166666666668,1080.9931,1146.1425,94.32,0.12,38.11399841308594,-8.37494413744357,-6.488582402974196,-6.641773717616008,-7.529727843719125,3.4744165305816024e-05,-10.267498876137866,0.0,0.0,0.0,0.0,0.0,0.0,0.0,1.0,0.0,0.0,0.0,38.617000579833984,102.35462188720703
2024-10-03,11.95,2024-09-30,11.973958333333334,6.050000000000001,-0.0239583333333346,0.0239583333333346,1081.3933,1146.1425,94.35,0.03,39.04399871826172,-10.267498876137866,-6.723279402421022,-6.666379749549025,-7.628603147381992,0.000581174228062,-7.450459968163101,0.0,0.0,0.0,0.0,0.0,0.0,0.0,1.0,0.0,0.0,0.0,39.9119987487793,160.4926300048828
2024-10-04,11.8,2024-10-01,12.336458333333333,6.199999999999999,-0.5364583333333321,0.5364583333333321,1082.021,1147.2981,94.31,0.05,39.27299880981445,-7.450459968163101,-7.1083290249916455,-6.6465109481776095,-7.259214989001052,3.419965460264889e-05,-10.283294984044405,0.0,0.0,0.0,0.0,0.0,0.0,0.0,0.0,1.0,0.0,0.0,40.97999954223633,135.86703491210938
2024-10-07,15.45,2024-10-04,14.44375,2.5500000000000007,1.0062499999999996,1.0062499999999996,1082.1023,1147.2981,94.32,0.03,40.97999954223633,-6.823441708256592,-7.8131905015151455,-6.80708933700308,-7.071284107360234,0.000697336643233,-7.268242273514765,0.0,0.0,0.0,0.0,0.0,0.0,0.0,0.0,1.0,0.0,0.0,40.24399948120117,144.27560424804688
2024-10-08,15.525,2024-10-05,15.116666666666664,2.475,0.408333333333335,0.408333333333335,1083.2066,1147.2981,94.41,0.1,40.97999954223633,-6.823441708256592,-7.8131905015151455,-6.80708933700308,-7.071284107360234,0.000697336643233,-7.268242273514765,0.0,0.0,0.0,0.0,0.0,0.0,0.0,0.0,1.0,0.0,0.0,38.91899871826172,72.57582092285156
2024-10-09,13.95,2024-10-06,13.816666666666666,4.050000000000001,0.1333333333333328,0.1333333333333328,1084.4697,1147.2981,94.52,0.11,40.97999954223633,-6.823441708256592,-7.8131905015151455,-6.80708933700308,-7.071284107360234,0.000697336643233,-7.268242273514765,0.0,0.0,0.0,0.0,0.0,0.0,0.0,0.0,1.0,0.0,0.0,38.34099960327149,89.28753662109375
2024-10-10,12.875,2024-10-07,12.1375,5.125,0.7374999999999989,0.7374999999999989,1084.9203,1147.2981,94.56,0.04,40.24399948120117,-7.268242273514765,-7.529727843719125,-6.838998203677984,-7.081363488826736,0.0003284511068606,-8.021122565634998,0.0,0.0,0.0,0.0,0.0,0.0,0.0,0.0,1.0,0.0,0.0,40.292999267578125,80.63045501708984
2024-10-11,10.625,2024-10-08,10.34375,7.375,0.28125,0.28125,1085.9377,1147.2931,94.65,0.09,38.91899871826172,-8.021122565634998,-7.628603147381992,-6.83026051352511,-7.325050616342581,0.0011208020087748,-6.793710769782046,0.0,0.0,0.0,0.0,0.0,0.0,0.0,0.0,1.0,0.0,0.0,39.87900161743164,98.58832550048828
2024-10-14,10.9,2024-10-11,11.39375,7.1,-0.4937500000000003,0.4937500000000003,1088.5717,1147.2031,94.89,0.05,39.87900161743164,-6.00519440359962,-6.941026125725558,-6.829368025506724,-8.445113432141977,0.0001066640375099,-9.145826490111574,0.0,0.0,0.0,0.0,0.0,0.0,0.0,0.0,1.0,0.0,0.0,40.55899810791016,157.45294189453125
2024-10-15,12.475,2024-10-12,11.565625,5.525,0.9093749999999988,0.9093749999999988,1089.5707,1147.2331,94.97,0.09,39.87900161743164,-6.00519440359962,-6.941026125725558,-6.829368025506724,-8.445113432141977,0.0001066640375099,-9.145826490111574,0.0,0.0,0.0,0.0,0.0,0.0,0.0,0.0,1.0,0.0,0.0,39.97299957275391,96.0164566040039
2024-10-16,16.7,2024-10-13,15.938541666666666,1.3000000000000007,0.7614583333333336,0.7614583333333336,1090.5725,1147.2331,95.06,0.09,39.87900161743164,-6.00519440359962,-6.941026125725558,-6.829368025506724,-8.445113432141977,0.0001066640375099,-9.145826490111574,0.0,0.0,0.0,0.0,0.0,0.0,0.0,0.0,1.0,0.0,0.0,39.24100112915039,52.166419982910156
2024-10-17,16.6,2024-10-14,16.66979166666667,1.3999999999999986,-0.0697916666666671,0.0697916666666671,1090.0551,1147.3331,95.01,-0.05,40.55899810791016,-9.145826490111574,-7.071284107360234,-6.849460528440699,-8.320492827877809,0.0002858719216107,-8.159966670486327,0.0,0.0,0.0,0.0,0.0,0.0,0.0,0.0,1.0,0.0,0.0,39.650001525878906,151.46929931640625
2024-10-18,15.2,2024-10-15,15.990625,2.8000000000000007,-0.7906250000000004,0.7906250000000004,1090.1778,1147.5331,95.0,0.01,39.97299957275391,-8.159966670486327,-7.081363488826736,-6.867859789501937,-8.26301512821286,0.000211802673635,-8.45985549676033,0.0,0.0,0.0,0.0,0.0,0.0,0.0,0.0,1.0,0.0,0.0,39.20399856567383,125.71414947509766
2024-10-21,15.575,2024-10-18,15.647916666666667,2.4250000000000007,-0.0729166666666678,0.0729166666666678,1091.3743,1147.6116,95.1,0.02,39.20399856567383,-9.1379003898914,-8.465133797885768,-7.023504368489707,-7.669662823221621,0.0001279667906467,-8.963739767964569,0.0,0.0,0.0,0.0,0.0,0.0,0.0,0.0,1.0,0.0,0.0,40.02399826049805,124.89034271240234
2024-10-22,13.575,2024-10-19,13.141666666666667,4.425000000000001,0.4333333333333318,0.4333333333333318,1092.4893,1147.6116,95.2,0.1,39.20399856567383,-9.1379003898914,-8.465133797885768,-7.023504368489707,-7.669662823221621,0.0001279667906467,-8.963739767964569,0.0,0.0,0.0,0.0,0.0,0.0,0.0,0.0,1.0,0.0,0.0,40.70399856567383,72.25399780273438
2024-10-23,12.8,2024-10-20,12.440625,5.199999999999999,0.359375,0.359375,1093.7417,1147.6116,95.31,0.11,39.20399856567383,-9.1379003898914,-8.465133797885768,-7.023504368489707,-7.669662823221621,0.0001279667906467,-8.963739767964569,0.0,0.0,0.0,0.0,0.0,0.0,0.0,0.0,1.0,0.0,0.0,41.380001068115234,77.84101867675781
2024-10-24,12.425,2024-10-21,13.554166666666667,5.574999999999999,-1.1291666666666664,1.1291666666666664,1093.9419,1147.6116,95.32,0.02,40.02399826049805,-8.963739767964569,-8.445113432141977,-7.020692899177375,-7.625450224471747,0.000428510075249,-7.755196305035894,0.0,0.0,0.0,0.0,0.0,0.0,0.0,0.0,1.0,0.0,0.0,42.15399932861328,119.05634307861328
2024-10-25,14.675,2024-10-22,14.25625,3.3249999999999997,0.418750000000001,0.418750000000001,1093.8088,1147.6116,95.31,-0.01,40.70399856567383,-7.755196305035894,-8.320492827877809,-7.221741299437536,-7.718444353681182,0.000283824837552,-8.167153275743022,0.0,0.0,0.0,0.0,0.0,0.0,0.0,0.0,1.0,0.0,0.0,43.51300048828125,214.1457977294922
2024-10-28,13.9,2024-10-25,14.155208333333333,4.1,-0.2552083333333321,0.2552083333333321,1092.5842,1147.6116,95.21,-0.01,43.51300048828125,-7.976527183119393,-8.142161437272867,-7.485506100383505,-7.101239078797182,0.0010068050879144,-6.900973240172362,0.0,0.0,0.0,0.0,0.0,0.0,0.0,0.0,1.0,0.0,0.0,42.51900100708008,170.02560424804688
2024-10-29,13.7,2024-10-26,14.134375,4.299999999999999,-0.4343749999999993,0.4343749999999993,1093.3114,1147.6116,95.27,0.06,43.51300048828125,-7.976527183119393,-8.142161437272867,-7.485506100383505,-7.101239078797182,0.0010068050879144,-6.900973240172362,0.0,0.0,0.0,0.0,0.0,0.0,0.0,0.0,1.0,0.0,0.0,42.86899948120117,114.05547332763672
2024-10-30,13.125,2024-10-27,13.960416666666667,4.875,-0.8354166666666671,0.8354166666666671,1093.77,1147.6116,95.31,0.04,43.51300048828125,-7.976527183119393,-8.142161437272867,-7.485506100383505,-7.101239078797182,0.0010068050879144,-6.900973240172362,0.0,0.0,0.0,0.0,0.0,0.0,0.0,0.0,1.0,0.0,0.0,40.90299987792969,93.91300201416016
2024-10-31,12.275,2024-10-28,13.119791666666666,5.725,-0.8447916666666657,0.8447916666666657,1093.8498,1147.6726,95.31,0.01,42.51900100708008,-6.900973240172362,-7.669662823221621,-7.6375602432226595,-7.037996795483878,0.0005340118634325,-7.535092501212397,0.0,0.0,0.0,0.0,0.0,0.0,0.0,0.0,1.0,0.0,0.0,40.5880012512207,145.1722869873047
2024-11-01,11.65,2024-10-29,12.94375,6.35,-1.293750000000001,1.293750000000001,1092.7145,1147.6726,95.21,-0.1,42.86899948120117,-7.535092501212397,-7.625450224471747,-7.609346659921246,-7.048267004783647,6.720529161927123e-05,-9.607758554321167,0.0,0.0,0.0,0.0,0.0,0.0,0.0,0.0,1.0,0.0,0.0,39.17499923706055,160.8042449951172
2024-11-04,9.6,2024-11-01,10.135416666666666,8.4,-0.5354166666666664,0.5354166666666664,1092.7379,1147.7026,95.21,0.04,39.17499923706055,-9.72505485775118,-7.163506577559286,-7.466034490569305,-7.805090432453341,0.0012555484051263,-6.680182824851941,0.0,0.0,0.0,0.0,0.0,0.0,0.0,0.0,0.0,1.0,0.0,40.30099868774414,131.0728302001953
2024-11-05,9.45,2024-11-02,10.7625,8.55,-1.3125,1.3125,1092.8884,1147.7026,95.22,0.01,39.17499923706055,-9.72505485775118,-7.163506577559286,-7.466034490569305,-7.805090432453341,0.0012555484051263,-6.680182824851941,0.0,0.0,0.0,0.0,0.0,0.0,0.0,0.0,0.0,1.0,0.0,40.492000579833984,79.75684356689453
2024-11-06,9.225,2024-11-03,11.6,8.775,-2.375,2.375,1092.5872,1147.7026,95.2,-0.03,39.17499923706055,-9.72505485775118,-7.163506577559286,-7.466034490569305,-7.805090432453341,0.0012555484051263,-6.680182824851941,0.0,0.0,0.0,0.0,0.0,0.0,0.0,0.0,0.0,1.0,0.0,40.38800048828125,101.40513610839844
2024-11-07,8.125,2024-11-04,10.411458333333334,9.875,-2.286458333333334,2.286458333333334,1090.3432,1147.7026,95.0,-0.2,40.30099868774414,-6.680182824851941,-7.101239078797182,-7.391669788759627,-7.7409297988113295,0.0008030128414554,-7.127139851050255,0.0,0.0,0.0,0.0,0.0,0.0,0.0,0.0,0.0,1.0,0.0,41.2760009765625,114.6917495727539
2024-11-08,6.675,2024-11-05,10.21875,11.325,-3.54375,3.54375,1087.2813,1147.7026,94.74,-0.27,40.492000579833984,-7.127139851050255,-7.037996795483878,-7.412908197947156,-7.686680602482875,2.2355762491822552e-05,-10.708426395794095,0.0,0.0,0.0,0.0,0.0,0.0,0.0,0.0,0.0,1.0,0.0,42.40900039672852,57.4433708190918
2024-11-11,9.3,2024-11-08,10.284375,8.7,-0.984375,0.984375,1076.1116,1147.7026,93.76,-0.3,42.40900039672852,-7.656419350624558,-7.576979410294741,-7.545169333880114,-7.001679924629564,0.0007332924044885,-7.217966019540887,0.0,0.0,0.0,0.0,0.0,0.0,0.0,0.0,0.0,1.0,0.0,43.72800064086914,108.89063262939453
2024-11-12,8.7,2024-11-09,9.004166666666666,9.3,-0.3041666666666671,0.3041666666666671,1073.5011,1147.7026,93.53,-0.23,42.40900039672852,-7.656419350624558,-7.576979410294741,-7.545169333880114,-7.001679924629564,0.0007332924044885,-7.217966019540887,0.0,0.0,0.0,0.0,0.0,0.0,0.0,0.0,0.0,1.0,0.0,44.255001068115234,77.39643859863281
2024-11-13,8.35,2024-11-10,8.711458333333333,9.65,-0.3614583333333332,0.3614583333333332,1071.1242,1147.7026,93.33,-0.21,42.40900039672852,-7.656419350624558,-7.576979410294741,-7.545169333880114,-7.001679924629564,0.0007332924044885,-7.217966019540887,0.0,0.0,0.0,0.0,0.0,0.0,0.0,0.0,0.0,1.0,0.0,43.66600036621094,54.009254455566406
2024-11-14,9.5,2024-11-11,9.357291666666663,8.5,0.142708333333335,0.142708333333335,1067.8764,1147.7026,93.04,-0.28,43.72800064086914,-7.217966019540887,-7.805090432453341,-7.502301862868635,-7.217145889963428,0.0009380762598245,-6.97167931074409,0.0,0.0,0.0,0.0,0.0,0.0,0.0,0.0,0.0,1.0,0.0,46.2239990234375,154.22886657714844
2024-11-15,9.35,2024-11-12,9.388541666666669,8.65,-0.0385416666666671,0.0385416666666671,1062.5534,1147.7026,92.58,-0.46,44.255001068115234,-6.97167931074409,-7.7409297988113295,-7.636807965222446,-7.073910310861985,0.0001435141636341,-8.849076819384107,0.0,0.0,0.0,0.0,0.0,0.0,0.0,0.0,0.0,1.0,0.0,46.55099868774414,106.85701751708984
2024-11-18,7.7,2024-11-15,6.292708333333334,10.3,1.4072916666666666,1.4072916666666666,1047.4951,1147.7026,91.27,-0.4,46.55099868774414,-5.731888613383373,-6.86175833149705,-7.390811378252541,-7.388565895643431,4.9693123698038845e-05,-9.90964397048656,0.0,0.0,0.0,0.0,0.0,0.0,0.0,0.0,0.0,1.0,0.0,46.900001525878906,97.5879135131836
2024-11-19,7.975,2024-11-16,7.035416666666666,10.025,0.9395833333333332,0.9395833333333332,1044.4619,1147.7026,91.0,-0.26,46.55099868774414,-5.731888613383373,-6.86175833149705,-7.390811378252541,-7.388565895643431,4.9693123698038845e-05,-9.90964397048656,0.0,0.0,0.0,0.0,0.0,0.0,0.0,0.0,0.0,1.0,0.0,45.667999267578125,97.26952362060547
2024-11-20,4.575,2024-11-17,4.213541666666666,13.425,0.3614583333333341,0.3614583333333341,1041.4584,1147.7026,90.74,-0.26,46.55099868774414,-5.731888613383373,-6.86175833149705,-7.390811378252541,-7.388565895643431,4.9693123698038845e-05,-9.90964397048656,0.0,0.0,0.0,0.0,0.0,0.0,0.0,0.0,0.0,1.0,0.0,46.79600143432617,33.888160705566406
2024-11-21,2.475,2024-11-18,2.752083333333333,15.525,-0.2770833333333331,0.2770833333333331,1036.433,1147.7026,90.31,-0.44,46.900001525878906,-9.90964397048656,-7.001679924629564,-7.412553572531915,-7.334422617062049,5.578970164466277e-05,-9.793921246024915,0.0,0.0,0.0,0.0,0.0,0.0,0.0,0.0,0.0,1.0,0.0,48.303001403808594,253.14381408691406
2024-11-22,3.175,2024-11-19,3.253125,14.825,-0.078125,0.078125,1031.3818,1147.7026,89.86,-0.44,45.667999267578125,-9.793921246024915,-7.217145889963428,-7.416456049295086,-7.533849123561934,0.0007086185548377,-7.252193179257421,0.0,0.0,0.0,0.0,0.0,0.0,0.0,0.0,0.0,1.0,0.0,47.01800155639648,197.47999572753906
2024-11-25,12.65,2024-11-22,11.410416666666666,5.35,1.239583333333334,1.239583333333334,1013.3609,1147.8226,88.29,-0.56,47.01800155639648,-6.903133378328645,-7.635870308552575,-7.311196220729547,-8.303610474846877,0.0007270119635083,-7.226567623195725,0.0,0.0,0.0,0.0,0.0,0.0,0.0,0.0,0.0,1.0,0.0,47.733001708984375,102.09968566894531
2024-11-26,9.075,2024-11-23,8.4625,8.925,0.6124999999999989,0.6124999999999989,1008.9186,1147.8226,87.9,-0.39,47.01800155639648,-6.903133378328645,-7.635870308552575,-7.311196220729547,-8.303610474846877,0.0007270119635083,-7.226567623195725,0.0,0.0,0.0,0.0,0.0,0.0,0.0,0.0,0.0,1.0,0.0,47.21599960327149,183.44915771484375
2024-11-27,9.125,2024-11-24,8.571875,8.875,0.5531249999999996,0.5531249999999996,1006.5843,1147.8226,87.7,-0.2,47.01800155639648,-6.903133378328645,-7.635870308552575,-7.311196220729547,-8.303610474846877,0.0007270119635083,-7.226567623195725,0.0,0.0,0.0,0.0,0.0,0.0,0.0,0.0,0.0,1.0,0.0,46.762001037597656,85.59606170654297
2024-11-29,5.4,2024-11-26,5.266666666666667,12.6,0.1333333333333337,0.1333333333333337,999.1301,1147.8226,87.05,-0.38,47.21599960327149,-8.387117581853772,-7.334422617062049,-7.288320913929337,-7.877900557243146,0.0001185966433222,-9.039782365879642,0.0,0.0,0.0,0.0,0.0,0.0,0.0,0.0,0.0,1.0,0.0,47.81100082397461,169.25527954101562
2024-12-02,8.275,2024-11-29,8.540624999999999,9.725,-0.2656249999999982,0.2656249999999982,984.1403,1147.8226,85.74,-0.47,47.81100082397461,-9.279133988394372,-7.7418321060089585,-7.380849126604276,-8.163840689660008,0.0004921665180432,-7.616693445394467,0.0,0.0,0.0,0.0,0.0,0.0,0.0,0.0,0.0,1.0,0.0,48.65499877929688,226.97222900390625
2024-12-03,6.85,2024-11-30,6.0,11.15,0.8499999999999996,0.8499999999999996,980.3169,1147.8226,85.41,-0.33,47.81100082397461,-9.279133988394372,-7.7418321060089585,-7.380849126604276,-8.163840689660008,0.0004921665180432,-7.616693445394467,0.0,0.0,0.0,0.0,0.0,0.0,0.0,0.0,0.0,1.0,0.0,48.55699920654297,105.60198974609375
2024-12-04,5.3,2024-12-01,4.446875,12.7,0.8531249999999995,0.8531249999999995,976.5291,1147.8226,85.08,-0.33,47.81100082397461,-9.279133988394372,-7.7418321060089585,-7.380849126604276,-8.163840689660008,0.0004921665180432,-7.616693445394467,0.0,0.0,0.0,0.0,0.0,0.0,0.0,0.0,0.0,1.0,0.0,47.04600143432617,184.54417419433594
2024-12-05,6.1,2024-12-02,5.68125,11.9,0.4187499999999993,0.4187499999999993,971.6369,1147.8226,84.65,-0.43,48.65499877929688,-7.616693445394467,-8.011032456075677,-7.3503180536174195,-7.648387005719065,0.000306207910635,-8.091246236945754,0.0,0.0,0.0,0.0,0.0,0.0,0.0,0.0,0.0,0.0,1.0,46.55099868774414,197.0029296875
2024-12-06,8.4,2024-12-03,8.760416666666668,9.6,-0.3604166666666675,0.3604166666666675,965.894,1147.8226,84.15,-0.5,48.55699920654297,-8.091246236945754,-8.303610474846877,-7.494508398574752,-7.554875378255468,4.065078267502736e-06,-12.41307731515395,0.0,0.0,0.0,0.0,0.0,0.0,0.0,0.0,0.0,0.0,1.0,46.47999954223633,164.99378967285156
2024-12-09,5.525,2024-12-06,4.865625,12.475,0.6593750000000007,0.6593750000000007,949.0952,1147.7616,82.69,-0.42,46.47999954223633,-9.098067584637638,-7.868170474712445,-7.580046208387672,-6.8755327212292014,2.329759234285748e-06,-12.96974519942164,0.0,0.0,0.0,0.0,0.0,0.0,0.0,0.0,0.0,0.0,1.0,44.85499954223633,150.84552001953125
2024-12-10,5.125,2024-12-07,4.884375,12.875,0.2406250000000005,0.2406250000000005,945.277,1147.7616,82.36,-0.33,46.47999954223633,-9.098067584637638,-7.868170474712445,-7.580046208387672,-6.8755327212292014,2.329759234285748e-06,-12.96974519942164,0.0,0.0,0.0,0.0,0.0,0.0,0.0,0.0,0.0,0.0,1.0,45.55199813842773,151.0617218017578
2024-12-11,4.15,2024-12-08,4.0625,13.85,0.0875000000000003,0.0875000000000003,941.6223,1147.7616,82.04,-0.32,46.47999954223633,-9.098067584637638,-7.868170474712445,-7.580046208387672,-6.8755327212292014,2.329759234285748e-06,-12.96974519942164,0.0,0.0,0.0,0.0,0.0,0.0,0.0,0.0,0.0,0.0,1.0,44.69400024414063,68.65425109863281
2024-12-12,3.6,2024-12-09,3.760416666666667,14.4,-0.1604166666666668,0.1604166666666668,935.878,1147.7616,81.54,-0.5,44.85499954223633,-12.96974519942164,-8.163840689660008,-7.581830768975419,-7.029404144832778,0.0012664379774684,-6.671547060532205,0.0,0.0,0.0,0.0,0.0,0.0,0.0,0.0,0.0,0.0,1.0,42.80400085449219,170.9712371826172
2024-12-13,1.975,2024-12-10,3.0,16.025,-1.025,1.025,928.3729,1147.7616,80.89,-0.65,45.55199813842773,-6.671547060532205,-7.648387005719065,-7.475341576439841,-6.7128182776551215,0.0002377589714903,-8.344253118069446,0.0,0.0,0.0,0.0,0.0,0.0,0.0,0.0,0.0,0.0,1.0,41.21500015258789,194.4993896484375
2024-12-16,9.375,2024-12-13,9.092708333333334,8.625,0.2822916666666657,0.2822916666666657,904.0645,1147.8346,78.76,-0.68,41.21500015258789,-6.283473406188058,-7.199442669641312,-7.449860360961118,-6.712987037086309,0.0014310562910762,-6.549342441602011,0.0,0.0,0.0,0.0,0.0,0.0,0.0,0.0,0.0,0.0,1.0,40.277000427246094,191.3634796142578
2024-12-17,7.6,2024-12-14,7.90625,10.4,-0.3062499999999994,0.3062499999999994,898.4746,1147.8346,78.28,-0.49,41.21500015258789,-6.283473406188058,-7.199442669641312,-7.449860360961118,-6.712987037086309,0.0014310562910762,-6.549342441602011,0.0,0.0,0.0,0.0,0.0,0.0,0.0,0.0,0.0,0.0,1.0,42.06499862670898,101.751220703125
2024-12-18,10.225,2024-12-15,10.34375,7.775,-0.1187500000000003,0.1187500000000003,894.3206,1147.8346,77.91,-0.36,41.21500015258789,-6.283473406188058,-7.199442669641312,-7.449860360961118,-6.712987037086309,0.0014310562910762,-6.549342441602011,0.0,0.0,0.0,0.0,0.0,0.0,0.0,0.0,0.0,0.0,1.0,41.00699996948242,64.41104125976562
2024-12-19,9.2,2024-12-16,8.378125,8.8,0.8218749999999986,0.8218749999999986,889.5879,1147.8346,77.5,-0.41,40.277000427246094,-6.549342441602011,-6.8755327212292014,-7.353968240660382,-6.639065900397421,0.0005299974936761,-7.542638278455376,0.0,0.0,0.0,0.0,0.0,0.0,0.0,0.0,0.0,0.0,1.0,43.07799911499024,194.0416259765625
2024-12-20,5.925,2024-12-17,5.346875,12.075,0.578125,0.578125,884.946,1147.8346,77.1,-0.4,42.06499862670898,-7.542638278455376,-7.029404144832778,-7.329383116130703,-6.975773148772561,0.0018866349566215,-6.272960482490753,0.0,0.0,0.0,0.0,0.0,0.0,0.0,0.0,0.0,0.0,1.0,44.130001068115234,133.30252075195312
2024-12-23,6.0,2024-12-20,5.458333333333334,12.0,0.5416666666666661,0.5416666666666661,873.6681,1147.8346,76.11,-0.35,44.130001068115234,-6.020895135679143,-6.582189497134482,-7.223207194071777,-7.470165763843987,0.0005821334610575,-7.448810820271714,0.0,0.0,0.0,0.0,0.0,0.0,0.0,0.0,0.0,0.0,1.0,45.54499816894531,128.64340209960938
2024-12-24,5.95,2024-12-21,4.811458333333333,12.05,1.1385416666666668,1.1385416666666668,870.9826,1147.8346,75.88,-0.23,44.130001068115234,-6.020895135679143,-6.582189497134482,-7.223207194071777,-7.470165763843987,0.0005821334610575,-7.448810820271714,0.0,0.0,0.0,0.0,0.0,0.0,0.0,0.0,0.0,0.0,1.0,45.73099899291992,89.20738983154297
2024-12-26,7.225,2024-12-23,6.78125,10.775,0.4437499999999996,0.4437499999999996,864.3377,1147.8346,75.3,-0.34,45.54499816894531,-7.448810820271714,-6.712987037086309,-7.231120041871582,-7.588791829708422,0.0009960942282054,-6.9116686972187455,0.0,0.0,0.0,0.0,0.0,0.0,0.0,0.0,0.0,0.0,1.0,45.73099899291992,146.57379150390625
2024-12-27,4.85,2024-12-24,6.719791666666667,13.15,-1.869791666666667,1.869791666666667,860.7774,1147.8346,74.99,-0.31,45.73099899291992,-6.9116686972187455,-6.639065900397421,-7.206262203386101,-7.32535254120088,1.6610310753508848e-05,-11.00548686548999,0.0,0.0,0.0,0.0,0.0,0.0,0.0,0.0,0.0,0.0,1.0,47.73099899291992,143.3685302734375
2024-12-30,4.2,2024-12-27,5.475,13.8,-1.2749999999999997,1.2749999999999997,849.3725,1147.8346,74.0,-0.46,47.73099899291992,-27.631021115928547,-7.125330937764889,-7.31727503280322,-7.16261686846035,0.0018322404579041,-6.302215766482999,0.0,0.0,0.0,0.0,0.0,0.0,0.0,0.0,0.0,0.0,1.0,47.632999420166016,168.5598602294922
2024-12-31,3.475,2024-12-28,5.290625,14.525,-1.8156249999999996,1.8156249999999996,844.0245,1147.8346,73.53,-0.47,47.73099899291992,-27.631021115928547,-7.125330937764889,-7.31727503280322,-7.16261686846035,0.0018322404579041,-6.302215766482999,0.0,0.0,0.0,0.0,0.0,0.0,0.0,0.0,0.0,0.0,1.0,48.88899993896485,106.214599609375
2025-01-02,4.45,2024-12-30,4.953125,13.55,-0.5031249999999998,0.5031249999999998,832.0439,1147.8346,72.49,-0.61,47.632999420166016,-6.302215766482999,-7.285485053273564,-7.21305981048146,-7.161192158539465,4.224154147321196e-06,-12.374691282281908,0.0,0.0,0.0,0.0,0.0,0.0,0.0,0.0,0.0,0.0,1.0,50.27299880981445,108.1994400024414
2025-01-03,2.575,2024-12-31,2.4604166666666667,15.425,0.1145833333333334,0.1145833333333334,828.2722,1147.8346,72.16,-0.33,48.88899993896485,-12.374691282281908,-7.470165763843987,-7.220139715647344,-6.928252268032107,0.0006773857233165,-7.297269692032726,0.0,0.0,0.0,0.0,0.0,0.0,0.0,0.0,0.0,0.0,1.0,49.62200164794922,63.39842224121094
2025-01-06,9.35,2025-01-03,9.40625,8.65,-0.0562500000000003,0.0562500000000003,811.9318,1147.6446,70.75,-0.58,49.62200164794922,-7.157131407234033,-7.32535254120088,-7.167435625564395,-7.1039545964769,0.0001698802813208,-8.680416590636858,0.0,0.0,0.0,0.0,0.0,0.0,0.0,0.0,0.0,0.0,0.0,47.32600021362305,137.5028076171875
2025-01-07,5.025,2025-01-04,4.304166666666666,12.975,0.7208333333333341,0.7208333333333341,805.4288,1147.6446,70.18,-0.57,49.62200164794922,-7.157131407234033,-7.32535254120088,-7.167435625564395,-7.1039545964769,0.0001698802813208,-8.680416590636858,0.0,0.0,0.0,0.0,0.0,0.0,0.0,0.0,0.0,0.0,0.0,47.4739990234375,69.86082458496094
2025-01-08,4.2,2025-01-05,3.3895833333333334,13.8,0.8104166666666668,0.8104166666666668,800.1648,1147.6446,69.72,-0.46,49.62200164794922,-7.157131407234033,-7.32535254120088,-7.167435625564395,-7.1039545964769,0.0001698802813208,-8.680416590636858,0.0,0.0,0.0,0.0,0.0,0.0,0.0,0.0,0.0,0.0,0.0,45.55899810791016,48.147789001464844
2025-01-09,4.075,2025-01-06,3.515625,13.925,0.5593750000000002,0.5593750000000002,795.5577,1147.6446,69.32,-0.4,47.32600021362305,-8.680416590636858,-7.275052893620912,-7.175502204747028,-6.609927712526075,0.0022443418406504,-6.099342967072269,0.0,0.0,0.0,0.0,0.0,0.0,0.0,0.0,0.0,0.0,0.0,44.98699951171875,98.31822204589844
2025-01-10,2.075,2025-01-07,1.8677083333333333,15.925,0.2072916666666664,0.2072916666666664,789.9718,1147.6446,68.83,-0.49,47.4739990234375,-6.099342967072269,-7.16261686846035,-7.050549847247689,-6.504037153313777,9.749009083689578e-06,-11.538344807987018,0.0,0.0,0.0,0.0,0.0,0.0,0.0,0.0,0.0,0.0,0.0,45.007999420166016,117.64259338378906
2025-01-13,0.475,2025-01-10,0.775,17.525,-0.3,0.3,769.1061,1149.6521,66.9,-0.62,45.007999420166016,-8.742632476129454,-7.063496165714514,-7.01192308957916,-6.709716657003457,2.178000913229191e-07,-15.339683615794728,0.0,0.0,0.0,0.0,0.0,0.0,0.0,0.0,0.0,0.0,0.0,48.26100158691406,65.53641510009766
2025-01-14,1.425,2025-01-11,1.4260416666666664,16.575,-0.0010416666666663,0.0010416666666663,762.0499,1147.6446,66.4,-0.61,45.007999420166016,-8.742632476129454,-7.063496165714514,-7.01192308957916,-6.709716657003457,2.178000913229191e-07,-15.339683615794728,0.0,0.0,0.0,0.0,0.0,0.0,0.0,0.0,0.0,0.0,0.0,46.946998596191406,71.65287780761719
2025-01-15,3.85,2025-01-12,4.514583333333333,14.15,-0.6645833333333333,0.6645833333333333,754.8549,1147.6446,65.77,-0.63,45.007999420166016,-8.742632476129454,-7.063496165714514,-7.01192308957916,-6.709716657003457,2.178000913229191e-07,-15.339683615794728,0.0,0.0,0.0,0.0,0.0,0.0,0.0,0.0,0.0,0.0,0.0,47.00600051879883,81.90414428710938
2025-01-16,3.15,2025-01-13,3.9489583333333336,14.85,-0.7989583333333337,0.7989583333333337,745.7917,1147.6446,64.98,-0.79,48.26100158691406,-15.339683615794728,-7.1039545964769,-7.077928590606207,-6.825761948600328,0.0048697473528444,-5.324713221294036,0.0,0.0,0.0,0.0,0.0,0.0,0.0,0.0,0.0,0.0,0.0,46.24100112915039,106.85701751708984
2025-01-17,1.525,2025-01-14,2.738541666666667,16.475,-1.213541666666667,1.213541666666667,736.251,1147.6446,64.15,-0.83,46.946998596191406,-5.324713221294036,-6.609927712526075,-6.855102547215189,-6.836287189386654,0.0007620105188028,-7.179550196857435,0.0,0.0,0.0,0.0,0.0,0.0,0.0,0.0,0.0,0.0,0.0,46.887001037597656,147.36761474609375
2025-01-21,1.825,2025-01-18,3.0635416666666666,16.175,-1.2385416666666669,1.2385416666666669,699.6927,1147.6446,60.97,-0.75,46.887001037597656,-8.219925057527934,-6.741768338004381,-6.975319879819723,-6.639760043820028,0.0001924767439754,-8.555535216856168,0.0,0.0,0.0,0.0,0.0,0.0,0.0,0.0,0.0,0.0,0.0,50.027000427246094,77.15607452392578
2025-01-22,3.45,2025-01-19,4.20625,14.55,-0.7562499999999996,0.7562499999999996,691.0199,1147.6446,60.21,-0.76,46.887001037597656,-8.219925057527934,-6.741768338004381,-6.975319879819723,-6.639760043820028,0.0001924767439754,-8.555535216856168,0.0,0.0,0.0,0.0,0.0,0.0,0.0,0.0,0.0,0.0,0.0,48.71599960327149,68.30036163330078
2025-01-23,5.65,2025-01-20,5.971875000000001,12.35,-0.3218750000000003,0.3218750000000003,680.858,1147.6446,59.33,-0.89,46.887001037597656,-8.219925057527934,-6.741768338004381,-6.975319879819723,-6.639760043820028,0.0001924767439754,-8.555535216856168,0.0,0.0,0.0,0.0,0.0,0.0,0.0,0.0,0.0,0.0,0.0,49.12300109863281,151.88629150390625
2025-01-24,7.95,2025-01-21,7.739583333333334,10.05,0.2104166666666662,0.2104166666666662,670.1654,1147.6446,58.39,-0.93,50.027000427246094,-8.555535216856168,-6.709716657003457,-6.99187032408754,-7.645256906116061,0.0042019428368819,-5.47220828020208,0.0,0.0,0.0,0.0,0.0,0.0,0.0,0.0,0.0,0.0,0.0,49.70199966430664,50.095542907714844
2025-01-27,9.75,2025-01-24,7.885416666666666,8.25,1.864583333333334,1.864583333333334,648.7409,1147.6446,56.53,-0.49,49.70199966430664,-9.578217482120191,-6.823770426513872,-6.991211250598097,-6.739641457502107,0.0001373065492875,-8.893294538480239,0.0,0.0,0.0,0.0,0.0,0.0,0.0,0.0,0.0,0.0,0.0,47.86199951171875,148.64085388183594
2025-01-28,8.3,2025-01-25,6.982291666666667,9.7,1.317708333333334,1.317708333333334,644.7389,1147.6446,56.18,-0.35,49.70199966430664,-9.578217482120191,-6.823770426513872,-6.991211250598097,-6.739641457502107,0.0001373065492875,-8.893294538480239,0.0,0.0,0.0,0.0,0.0,0.0,0.0,0.0,0.0,0.0,0.0,48.2239990234375,84.66626739501953
2025-01-29,7.6,2025-01-26,6.561458333333333,10.4,1.0385416666666665,1.0385416666666665,640.5664,1149.6521,55.72,-0.36,49.70199966430664,-9.578217482120191,-6.823770426513872,-6.991211250598097,-6.739641457502107,0.0001373065492875,-8.893294538480239,0.0,0.0,0.0,0.0,0.0,0.0,0.0,0.0,0.0,0.0,0.0,51.15599822998047,128.0631866455078
2025-01-30,6.125,2025-01-27,6.129166666666666,11.875,-0.0041666666666664,0.0041666666666664,636.1854,1147.6446,55.43,-0.38,47.86199951171875,-8.893294538480239,-6.848329793878515,-7.013435641562828,-6.99099761856009,0.0014230478934529,-6.554954303059968,0.0,0.0,0.0,0.0,0.0,0.0,0.0,0.0,0.0,0.0,0.0,51.72600173950195,209.143798828125
2025-01-31,3.975,2025-01-28,4.3375,14.025,-0.3625000000000002,0.3625000000000002,631.7915,1147.6446,55.05,-0.38,48.2239990234375,-6.554954303059968,-6.639760043820028,-6.992094771997412,-6.788627232459711,5.677535453518253e-05,-9.776408207813793,0.0,0.0,0.0,0.0,0.0,0.0,0.0,0.0,0.0,0.0,0.0,53.23699951171875,163.21046447753906
2025-02-03,2.65,2025-01-31,3.0791666666666666,15.35,-0.4291666666666667,0.4291666666666667,615.0046,1147.6446,53.59,-0.55,53.23699951171875,-9.005076089214652,-6.864001878634759,-6.906163820373236,-7.497903810255527,0.0008290393869527,-7.095242891348815,0.0,0.0,0.0,0.0,0.0,0.0,0.0,0.0,0.0,0.0,0.0,53.79399871826172,109.84081268310547
2025-02-04,3.1500000000000004,2025-02-01,4.002083333333333,14.85,-0.8520833333333329,0.8520833333333329,609.7506,1147.7502,53.13,-0.46,53.23699951171875,-9.005076089214652,-6.864001878634759,-6.906163820373236,-7.497903810255527,0.0008290393869527,-7.095242891348815,0.0,0.0,0.0,0.0,0.0,0.0,0.0,0.0,0.0,0.0,0.0,52.04800033569336,65.24754333496094
2025-02-05,4.55,2025-02-02,5.414583333333333,13.45,-0.864583333333333,0.864583333333333,604.1699,1149.7577,52.55,-0.49,53.23699951171875,-9.005076089214652,-6.864001878634759,-6.906163820373236,-7.497903810255527,0.0008290393869527,-7.095242891348815,0.0,0.0,0.0,0.0,0.0,0.0,0.0,0.0,0.0,0.0,0.0,53.4379997253418,61.99993133544922
2025-02-06,3.85,2025-02-03,4.275,14.15,-0.4250000000000007,0.4250000000000007,596.465,1147.7502,51.97,-0.67,53.79399871826172,-7.095242891348815,-6.739641457502107,-6.86941540832753,-7.05366153060676,0.0001083322675938,-9.130307492714955,1.0,0.0,0.0,0.0,0.0,0.0,0.0,0.0,0.0,0.0,0.0,54.50199890136719,146.04507446289062
2025-02-07,3.85,2025-02-04,2.7104166666666667,14.15,1.1395833333333334,1.1395833333333334,588.7688,1149.7577,51.21,-0.67,52.04800033569336,-9.130307492714955,-6.99099761856009,-6.894623616930518,-7.337087489747826,0.0010887054472297,-6.822765950745245,1.0,0.0,0.0,0.0,0.0,0.0,0.0,0.0,0.0,0.0,0.0,55.72299957275391,141.4619598388672
2025-02-10,3.7,2025-02-07,3.7,14.3,0.0,0.0,567.0777,1147.7502,49.41,-0.56,55.72299957275391,-7.85272263165464,-7.382765515941261,-6.94153232716182,-6.251156131898842,0.0004908707150811,-7.619329772211591,1.0,0.0,0.0,0.0,0.0,0.0,0.0,0.0,0.0,0.0,0.0,58.03900146484375,124.4435043334961
2025-02-11,4.275,2025-02-08,4.058333333333334,13.725,0.2166666666666667,0.2166666666666667,561.4825,1147.7502,48.92,-0.49,55.72299957275391,-7.85272263165464,-7.382765515941261,-6.94153232716182,-6.251156131898842,0.0004908707150811,-7.619329772211591,1.0,0.0,0.0,0.0,0.0,0.0,0.0,0.0,0.0,0.0,0.0,57.76599884033203,131.8939666748047
2025-02-12,3.975,2025-02-09,4.219791666666667,14.025,-0.2447916666666665,0.2447916666666665,556.2994,1149.7577,48.38,-0.45,55.72299957275391,-7.85272263165464,-7.382765515941261,-6.94153232716182,-6.251156131898842,0.0004908707150811,-7.619329772211591,1.0,0.0,0.0,0.0,0.0,0.0,0.0,0.0,0.0,0.0,0.0,55.6609992980957,0.0
2025-02-13,2.75,2025-02-10,2.8708333333333336,15.25,-0.1208333333333335,0.1208333333333335,549.5619,1147.7502,47.88,-0.59,58.03900146484375,-7.619329772211591,-7.497903810255527,-6.919163914692124,-6.336884833231182,0.0016583010898516,-6.401961639931208,1.0,0.0,0.0,0.0,0.0,0.0,0.0,0.0,0.0,0.0,0.0,51.382999420166016,121.00703430175781
2025-02-14,1.4,2025-02-11,1.91875,16.6,-0.51875,0.51875,542.1613,1147.7502,47.24,-0.64,57.76599884033203,-6.401961639931208,-7.05366153060676,-6.920866441701847,-6.297170171346219,2.223005926856176e-05,-10.714065118855462,1.0,0.0,0.0,0.0,0.0,0.0,0.0,0.0,0.0,0.0,0.0,50.685001373291016,119.80353546142578
2025-02-18,1.1749999999999998,2025-02-15,2.7041666666666666,16.825,-1.5291666666666668,1.5291666666666668,512.098,1147.7502,44.62,-0.58,50.685001373291016,-5.0521488485388,-6.220131408191145,-6.8009581783381465,-8.081096346077645,0.0001870693898943,-8.584030935639623,1.0,0.0,0.0,0.0,0.0,0.0,0.0,0.0,0.0,0.0,0.0,49.21500015258789,108.1865005493164
2025-02-19,2.6750000000000003,2025-02-16,3.1010416666666667,15.325,-0.4260416666666664,0.4260416666666664,505.744,1147.7502,44.06,-0.55,50.685001373291016,-5.0521488485388,-6.220131408191145,-6.8009581783381465,-8.081096346077645,0.0001870693898943,-8.584030935639623,1.0,0.0,0.0,0.0,0.0,0.0,0.0,0.0,0.0,0.0,0.0,48.26399993896485,86.55165100097656
2025-02-20,6.775,2025-02-17,7.059374999999999,11.225,-0.2843749999999998,0.2843749999999998,497.3774,1147.7502,43.33,-0.73,50.685001373291016,-5.0521488485388,-6.220131408191145,-6.8009581783381465,-8.081096346077645,0.0001870693898943,-8.584030935639623,1.0,0.0,0.0,0.0,0.0,0.0,0.0,0.0,0.0,0.0,0.0,47.49399948120117,156.25318908691406
2025-02-21,11.85,2025-02-18,11.007291666666667,6.15,0.8427083333333325,0.8427083333333325,488.8278,1147.7502,42.59,-0.74,49.21500015258789,-8.584030935639623,-6.251156131898842,-6.824724937750266,-6.996071990759574,0.0008662177686999,-7.051374214847972,1.0,0.0,0.0,0.0,0.0,0.0,0.0,0.0,0.0,0.0,0.0,47.19499969482422,217.6139373779297
2025-02-24,10.325,2025-02-21,9.684375,7.675000000000001,0.640625,0.640625,470.9774,1149.9987,40.95,-0.37,47.19499969482422,-8.260039205653703,-6.426780808915376,-6.782045738338464,-5.756966764108348,3.988463130967397e-05,-10.129519463405764,1.0,0.0,0.0,0.0,0.0,0.0,0.0,0.0,0.0,0.0,0.0,47.14400100708008,181.8218994140625
2025-02-25,8.475,2025-02-22,8.352083333333333,9.525,0.1229166666666667,0.1229166666666667,468.0365,1149.9987,40.7,-0.26,47.19499969482422,-8.260039205653703,-6.426780808915376,-6.782045738338464,-5.756966764108348,3.988463130967397e-05,-10.129519463405764,1.0,0.0,0.0,0.0,0.0,0.0,0.0,0.0,0.0,0.0,0.0,44.29100036621094,124.80632019042969
2025-02-26,7.325,2025-02-23,7.295833333333333,10.675,0.0291666666666667,0.0291666666666667,465.8165,1149.7577,40.51,-0.19,47.19499969482422,-8.260039205653703,-6.426780808915376,-6.782045738338464,-5.756966764108348,3.988463130967397e-05,-10.129519463405764,1.0,0.0,0.0,0.0,0.0,0.0,0.0,0.0,0.0,0.0,0.0,41.33599853515625,96.91022491455078
2025-02-27,6.15,2025-02-24,5.515625,11.85,0.6343750000000004,0.6343750000000004,462.4295,1149.7577,40.22,-0.29,47.14400100708008,-10.129519463405764,-7.96759367634128,-6.964570856972033,-5.732169573553839,1.1689489236039362e-06,-13.659404713343166,1.0,0.0,0.0,0.0,0.0,0.0,0.0,0.0,0.0,0.0,0.0,44.93000030517578,144.02468872070312
2025-02-28,5.475,2025-02-25,5.751041666666667,12.525,-0.2760416666666669,0.2760416666666669,458.2221,1149.7577,39.85,-0.37,44.29100036621094,-13.659404713343166,-8.081096346077645,-6.999029401181284,-5.888206386249921,0.0038969136464891,-5.547570411585682,1.0,0.0,0.0,0.0,0.0,0.0,0.0,0.0,0.0,0.0,0.0,44.31999969482422,165.32223510742188
2025-03-03,6.125,2025-02-28,5.841666666666667,11.875,0.2833333333333332,0.2833333333333332,438.9927,1149.7577,38.18,-0.87,44.31999969482422,-4.968886130529877,-5.766310540820741,-6.4704773361248655,-5.970927017518163,0.0001868605428302,-8.585147974241572,1.0,0.0,0.0,0.0,0.0,0.0,0.0,0.0,0.0,0.0,0.0,45.2130012512207,122.68769073486328
2025-03-04,7.325,2025-03-01,7.091666666666667,10.675,0.2333333333333334,0.2333333333333334,438.332,1148.5719,38.16,-0.06,44.31999969482422,-4.968886130529877,-5.766310540820741,-6.4704773361248655,-5.970927017518163,0.0001868605428302,-8.585147974241572,1.0,0.0,0.0,0.0,0.0,0.0,0.0,0.0,0.0,0.0,0.0,43.4640007019043,119.8626480102539
2025-03-05,9.25,2025-03-02,8.520833333333334,8.75,0.7291666666666661,0.7291666666666661,435.4441,1148.5719,37.91,-0.25,44.31999969482422,-4.968886130529877,-5.766310540820741,-6.4704773361248655,-5.970927017518163,0.0001868605428302,-8.585147974241572,1.0,0.0,0.0,0.0,0.0,0.0,0.0,0.0,0.0,0.0,0.0,41.507999420166016,83.74468994140625
2025-03-06,10.825,2025-03-03,9.913541666666667,7.175000000000001,0.911458333333332,0.911458333333332,431.3793,1148.5719,37.56,-0.35,45.2130012512207,-8.585147974241572,-5.756966764108348,-6.466666064500412,-5.927463132255541,0.0003979485660554,-7.829187789534414,0.0,1.0,0.0,0.0,0.0,0.0,0.0,0.0,0.0,0.0,0.0,38.2400016784668,154.22886657714844
2025-03-07,11.875,2025-03-04,11.21875,6.125,0.65625,0.65625,427.7978,1148.572,37.25,-0.31,43.4640007019043,-7.829187789534414,-5.732169573553839,-6.561235441852029,-5.951468786913508,0.0015564333490305,-6.465358389410278,0.0,1.0,0.0,0.0,0.0,0.0,0.0,0.0,0.0,0.0,0.0,39.97100067138672,253.4526824951172
2025-03-10,11.55,2025-03-07,10.783333333333331,6.449999999999999,0.7666666666666675,0.7666666666666675,421.0133,1148.572,36.66,-0.15,39.97100067138672,-5.001973682836981,-6.1205516781658655,-6.29867478439112,-7.65689510593959,0.001960016704055,-6.234802282788776,0.0,1.0,0.0,0.0,0.0,0.0,0.0,0.0,0.0,0.0,0.0,41.23199844360352,179.5272674560547
2025-03-11,8.375,2025-03-08,8.192708333333334,9.625,0.182291666666666,0.182291666666666,420.7237,1148.5721,36.63,-0.03,39.97100067138672,-5.001973682836981,-6.1205516781658655,-6.29867478439112,-7.65689510593959,0.001960016704055,-6.234802282788776,0.0,1.0,0.0,0.0,0.0,0.0,0.0,0.0,0.0,0.0,0.0,42.709999084472656,195.7426300048828
2025-03-12,6.025,2025-03-09,6.092708333333334,11.975,-0.0677083333333339,0.0677083333333339,420.3974,1148.5722,36.6,-0.03,39.97100067138672,-5.001973682836981,-6.1205516781658655,-6.29867478439112,-7.65689510593959,0.001960016704055,-6.234802282788776,0.0,1.0,0.0,0.0,0.0,0.0,0.0,0.0,0.0,0.0,0.0,42.25400161743164,105.72024536132812
2025-03-13,5.025,2025-03-10,5.035416666666666,12.975,-0.010416666666666,0.010416666666666,418.35,1148.5723,36.42,-0.18,41.23199844360352,-6.234802282788776,-5.970927017518163,-6.277364237171967,-7.813343510186385,0.0009647489570242,-6.943642637594565,0.0,1.0,0.0,0.0,0.0,0.0,0.0,0.0,0.0,0.0,0.0,42.07600021362305,238.45330810546875
2025-03-14,4.35,2025-03-11,4.59375,13.65,-0.2437500000000003,0.2437500000000003,415.3113,1148.5723,36.16,-0.26,42.709999084472656,-6.943642637594565,-5.927463132255541,-6.270848689290788,-8.594333660932646,0.0012403390270363,-6.692370527028081,0.0,1.0,0.0,0.0,0.0,0.0,0.0,0.0,0.0,0.0,0.0,42.290000915527344,221.6365509033203
2025-03-17,6.025,2025-03-14,5.970833333333333,11.975,0.0541666666666671,0.0541666666666671,403.8788,1148.5725,35.16,-0.31,42.290000915527344,-10.935105687434516,-7.059009665916079,-6.299244720366288,-6.956865426716019,2.573696434896318e-05,-10.567582259057287,0.0,1.0,0.0,0.0,0.0,0.0,0.0,0.0,0.0,0.0,0.0,41.24800109863281,223.67819213867188
2025-03-18,6.199999999999999,2025-03-15,6.220833333333333,11.8,-0.0208333333333339,0.0208333333333339,401.5407,1148.5726,34.96,-0.2,42.290000915527344,-10.935105687434516,-7.059009665916079,-6.299244720366288,-6.956865426716019,2.573696434896318e-05,-10.567582259057287,0.0,1.0,0.0,0.0,0.0,0.0,0.0,0.0,0.0,0.0,0.0,40.755001068115234,150.57125854492188
2025-03-19,9.6,2025-03-16,8.897916666666667,8.4,0.7020833333333325,0.7020833333333325,399.4292,1148.5726,34.78,-0.18,42.290000915527344,-10.935105687434516,-7.059009665916079,-6.299244720366288,-6.956865426716019,2.573696434896318e-05,-10.567582259057287,0.0,1.0,0.0,0.0,0.0,0.0,0.0,0.0,0.0,0.0,0.0,43.35499954223633,92.95470428466797
2025-03-20,12.325,2025-03-17,11.25,5.675000000000001,1.0749999999999993,1.0749999999999993,395.9337,1148.5726,34.47,-0.3,41.24800109863281,-10.567582259057287,-7.65689510593959,-6.299157982303666,-7.09427628611945,0.0006224036890271,-7.381921656410887,0.0,1.0,0.0,0.0,0.0,0.0,0.0,0.0,0.0,0.0,0.0,42.85499954223633,155.95892333984375
2025-03-21,14.475,2025-03-18,13.302083333333334,3.5250000000000004,1.1729166666666655,1.1729166666666655,392.7138,1148.5727,34.19,-0.28,40.755001068115234,-7.381921656410887,-7.813343510186385,-6.3180210725878485,-6.947374683035369,0.0001445788758869,-8.841685338530041,0.0,1.0,0.0,0.0,0.0,0.0,0.0,0.0,0.0,0.0,0.0,42.60499954223633,201.12017822265625
2025-03-24,11.575,2025-03-21,11.044791666666669,6.425000000000001,0.5302083333333325,0.5302083333333325,387.9437,1148.5731,33.78,-0.03,42.60499954223633,-8.913549906392815,-6.958651291288307,-6.406096582659784,-8.194906659971537,3.423077396322085e-05,-10.282385465794706,0.0,1.0,0.0,0.0,0.0,0.0,0.0,0.0,0.0,0.0,0.0,42.74800109863281,158.8217315673828
2025-03-25,10.325,2025-03-22,10.5375,7.675000000000001,-0.2125000000000003,0.2125000000000003,388.6284,1148.5732,33.84,0.06,42.60499954223633,-8.913549906392815,-6.958651291288307,-6.406096582659784,-8.194906659971537,3.423077396322085e-05,-10.282385465794706,0.0,1.0,0.0,0.0,0.0,0.0,0.0,0.0,0.0,0.0,0.0,41.55500030517578,94.94621276855469
2025-03-26,9.975,2025-03-23,10.280208333333334,8.025,-0.3052083333333346,0.3052083333333346,389.0064,1148.5734,33.87,0.03,42.60499954223633,-8.913549906392815,-6.958651291288307,-6.406096582659784,-8.194906659971537,3.423077396322085e-05,-10.282385465794706,0.0,1.0,0.0,0.0,0.0,0.0,0.0,0.0,0.0,0.0,0.0,40.869998931884766,96.91022491455078
2025-03-27,10.3,2025-03-24,11.233333333333333,7.699999999999999,-0.9333333333333318,0.9333333333333318,387.7754,1148.5735,33.76,-0.11,42.74800109863281,-10.282385465794706,-6.956865426716019,-6.415679588159648,-8.200246449382206,1.1228060531599456e-05,-11.397094419287326,0.0,1.0,0.0,0.0,0.0,0.0,0.0,0.0,0.0,0.0,0.0,41.20199966430664,141.50775146484375
2025-03-28,10.3,2025-03-25,11.040625,7.699999999999999,-0.7406249999999996,0.7406249999999996,386.5466,1148.5738,33.65,-0.11,41.55500030517578,-11.397094419287326,-7.09427628611945,-6.422578888516935,-7.636302964262764,0.0008011491365492,-7.129463439026944,0.0,1.0,0.0,0.0,0.0,0.0,0.0,0.0,0.0,0.0,0.0,40.58700180053711,139.72164916992188
2025-03-31,9.6,2025-03-28,9.173958333333337,8.4,0.4260416666666646,0.4260416666666646,384.9341,1148.5747,33.51,0.0,40.58700180053711,-9.634124709545231,-8.344634444867642,-6.504016840362437,-6.140289467775578,0.0002261693574149,-8.394226465814562,0.0,1.0,0.0,0.0,0.0,0.0,0.0,0.0,0.0,0.0,0.0,40.66699981689453,156.456787109375
2025-04-01,9.575,2025-03-29,9.682291666666666,8.425,-0.1072916666666667,0.1072916666666667,385.7546,1148.5747,33.59,0.07,40.58700180053711,-9.634124709545231,-8.344634444867642,-6.504016840362437,-6.140289467775578,0.0002261693574149,-8.394226465814562,0.0,1.0,0.0,0.0,0.0,0.0,0.0,0.0,0.0,0.0,0.0,42.45000076293945,132.29104614257812
2025-04-02,12.0,2025-03-30,11.06875,6.0,0.9312500000000004,0.9312500000000004,386.7327,1148.5747,33.67,0.09,40.58700180053711,-9.634124709545231,-8.344634444867642,-6.504016840362437,-6.140289467775578,0.0002261693574149,-8.394226465814562,0.0,1.0,0.0,0.0,0.0,0.0,0.0,0.0,0.0,0.0,0.0,41.26300048828125,55.05652618408203
2025-04-03,14.725,2025-03-31,13.735416666666667,3.2750000000000004,0.989583333333332,0.989583333333332,387.5658,1146.5096,33.8,0.07,40.66699981689453,-8.394226465814562,-8.194906659971537,-6.6523506027247965,-6.116210123454841,3.877298094485626e-06,-12.460371756394578,0.0,1.0,0.0,0.0,0.0,0.0,0.0,0.0,0.0,0.0,0.0,39.20299911499024,188.3616943359375
2025-04-04,15.9,2025-04-01,14.798958333333331,2.1000000000000014,1.1010416666666654,1.1010416666666654,387.6746,1130.2509,34.3,0.01,42.45000076293945,-12.460371756394578,-8.200246449382206,-6.932856886516223,-6.251908104495539,0.0018412665964088,-6.297301576020944,0.0,0.0,1.0,0.0,0.0,0.0,0.0,0.0,0.0,0.0,0.0,36.4010009765625,90.91094970703125
2025-04-07,9.375,2025-04-04,8.8625,8.625,0.5124999999999993,0.5124999999999993,391.0148,1129.714,34.61,0.14,36.4010009765625,-5.943524738395559,-6.812733946846877,-6.796793009537756,-6.684762747180847,0.0054992574283003,-5.203142208713257,0.0,0.0,1.0,0.0,0.0,0.0,0.0,0.0,0.0,0.0,0.0,37.0,176.9652099609375
2025-04-08,11.025,2025-04-05,10.577083333333334,6.975,0.4479166666666661,0.4479166666666661,393.2683,1129.714,34.81,0.2,36.4010009765625,-5.943524738395559,-6.812733946846877,-6.796793009537756,-6.684762747180847,0.0054992574283003,-5.203142208713257,0.0,0.0,1.0,0.0,0.0,0.0,0.0,0.0,0.0,0.0,0.0,36.23099899291992,148.7680206298828
2025-04-09,11.2,2025-04-06,10.861458333333331,6.800000000000001,0.3385416666666661,0.3385416666666661,395.6378,1129.714,35.02,0.21,36.4010009765625,-5.943524738395559,-6.812733946846877,-6.796793009537756,-6.684762747180847,0.0054992574283003,-5.203142208713257,0.0,0.0,1.0,0.0,0.0,0.0,0.0,0.0,0.0,0.0,0.0,33.66600036621094,115.76177215576172
2025-04-10,10.075,2025-04-07,11.613541666666666,7.925000000000001,-1.5385416666666671,1.5385416666666671,395.4332,1129.7124,35.0,-0.02,37.0,-5.203142208713257,-6.140289467775578,-6.667997615119149,-6.583891002016588,0.000266395900414,-8.23052700449897,0.0,0.0,1.0,0.0,0.0,0.0,0.0,0.0,0.0,0.0,0.0,33.292999267578125,125.71414947509766
2025-04-11,12.7,2025-04-08,13.245833333333334,5.300000000000001,-0.5458333333333343,0.5458333333333343,395.1828,1129.7121,34.98,-0.02,36.23099899291992,-8.23052700449897,-6.116210123454841,-6.930631363893204,-6.648733572325441,0.0004411190561508,-7.726195748089476,0.0,0.0,1.0,0.0,0.0,0.0,0.0,0.0,0.0,0.0,0.0,33.4630012512207,128.1103515625
2025-04-14,14.325,2025-04-11,14.108333333333334,3.6750000000000007,0.216666666666665,0.216666666666665,396.7629,1129.7121,35.12,0.1,33.4630012512207,-8.994193743416554,-6.055693997939231,-6.850599622790493,-7.983414219221502,2.5941150189029807e-05,-10.559680001146669,0.0,0.0,1.0,0.0,0.0,0.0,0.0,0.0,0.0,0.0,0.0,34.499000549316406,134.74850463867188
2025-04-15,14.675,2025-04-12,13.352083333333333,3.3249999999999997,1.322916666666668,1.322916666666668,399.4541,1129.7121,35.36,0.24,33.4630012512207,-8.994193743416554,-6.055693997939231,-6.850599622790493,-7.983414219221502,2.5941150189029807e-05,-10.559680001146669,0.0,0.0,1.0,0.0,0.0,0.0,0.0,0.0,0.0,0.0,0.0,34.40700149536133,93.65890502929688
2025-04-16,11.875,2025-04-13,11.438541666666666,6.125,0.4364583333333343,0.4364583333333343,402.479,1129.7121,35.63,0.27,33.4630012512207,-8.994193743416554,-6.055693997939231,-6.850599622790493,-7.983414219221502,2.5941150189029807e-05,-10.559680001146669,0.0,0.0,1.0,0.0,0.0,0.0,0.0,0.0,0.0,0.0,0.0,35.3120002746582,91.55338287353516
2025-04-17,11.0,2025-04-14,10.951041666666669,7.0,0.0489583333333332,0.0489583333333332,404.5345,1129.7121,35.81,0.18,34.499000549316406,-10.559680001146669,-6.684762747180847,-6.854439622383557,-7.637297243297046,0.0009296380149292,-6.98071527777025,0.0,0.0,1.0,0.0,0.0,0.0,0.0,0.0,0.0,0.0,0.0,35.65700149536133,168.11903381347656
2025-04-21,11.7,2025-04-18,12.464583333333334,6.300000000000001,-0.7645833333333343,0.7645833333333343,411.7976,1129.5277,36.46,0.2,35.65700149536133,-7.302182471427334,-7.951365859897725,-6.814527924691124,-7.37361845970745,9.453022766523816e-05,-9.266590894559863,0.0,0.0,1.0,0.0,0.0,0.0,0.0,0.0,0.0,0.0,0.0,35.65700149536133,187.7323455810547
2025-04-22,12.9,2025-04-19,12.096875,5.1,0.8031249999999996,0.8031249999999996,415.069,1129.5277,36.75,0.29,35.65700149536133,-7.302182471427334,-7.951365859897725,-6.814527924691124,-7.37361845970745,9.453022766523816e-05,-9.266590894559863,0.0,0.0,1.0,0.0,0.0,0.0,0.0,0.0,0.0,0.0,0.0,34.24399948120117,117.39453887939453
2025-04-23,12.05,2025-04-20,11.863541666666666,5.949999999999999,0.1864583333333342,0.1864583333333342,418.4597,1129.5277,37.05,0.3,35.65700149536133,-7.302182471427334,-7.951365859897725,-6.814527924691124,-7.37361845970745,9.453022766523816e-05,-9.266590894559863,0.0,0.0,1.0,0.0,0.0,0.0,0.0,0.0,0.0,0.0,0.0,34.15999984741211,170.10482788085938
2025-04-24,10.85,2025-04-21,11.230208333333334,7.15,-0.3802083333333339,0.3802083333333339,421.6516,1129.5277,37.33,0.28,35.65700149536133,-9.266590894559863,-7.9683172566675315,-6.816602513156542,-7.373267908308691,0.0,-27.631021115928547,0.0,0.0,1.0,0.0,0.0,0.0,0.0,0.0,0.0,0.0,0.0,33.57400131225586,158.39720153808594
2025-04-25,11.8,2025-04-22,12.297916666666666,6.199999999999999,-0.497916666666665,0.497916666666665,424.0635,1129.5277,37.54,0.21,34.24399948120117,-27.631021115928547,-7.983414219221502,-6.989409880472279,-7.93566477343301,0.0016349222029669,-6.416160057436551,0.0,0.0,1.0,0.0,0.0,0.0,0.0,0.0,0.0,0.0,0.0,32.43199920654297,133.2294158935547
2025-04-28,16.225,2025-04-25,15.220833333333331,1.7749999999999986,1.0041666666666682,1.0041666666666682,430.8406,1129.5277,38.14,0.22,32.43199920654297,-8.113708286864055,-7.806751017763308,-6.906150509728487,-8.231384562518134,0.0011976051178657,-6.727431450597972,0.0,0.0,1.0,0.0,0.0,0.0,0.0,0.0,0.0,0.0,0.0,32.39799880981445,190.11257934570312
2025-04-29,17.25,2025-04-26,16.54375,0.75,0.7062500000000007,0.7062500000000007,434.0204,1129.5277,38.42,0.28,32.43199920654297,-8.113708286864055,-7.806751017763308,-6.906150509728487,-8.231384562518134,0.0011976051178657,-6.727431450597972,0.0,0.0,1.0,0.0,0.0,0.0,0.0,0.0,0.0,0.0,0.0,31.856000900268555,123.4497299194336
2025-04-30,19.0,2025-04-27,17.988541666666666,0.0,1.0114583333333336,1.0114583333333336,437.0962,1129.5277,38.7,0.27,32.43199920654297,-8.113708286864055,-7.806751017763308,-6.906150509728487,-8.231384562518134,0.0011976051178657,-6.727431450597972,0.0,0.0,1.0,0.0,0.0,0.0,0.0,0.0,0.0,0.0,0.0,32.31700134277344,154.0729217529297
2025-05-01,21.2,2025-04-28,19.990625,0.0,1.2093750000000014,1.2093750000000014,440.0938,1129.487,38.96,0.27,32.39799880981445,-6.727431450597972,-7.37361845970745,-6.888318616673981,-8.21720247882415,1.1002111031844198e-06,-13.7200075756708,0.0,0.0,1.0,0.0,0.0,0.0,0.0,0.0,0.0,0.0,0.0,32.14899826049805,113.79048919677734
2025-05-02,20.875,2025-04-29,19.978125,0.0,0.8968750000000014,0.8968750000000014,443.0395,1129.3285,39.23,0.26,31.856000900268555,-13.7200075756708,-7.373267908308691,-6.900661756336668,-7.146637694889635,0.0002846265980192,-8.164332415610124,0.0,0.0,1.0,0.0,0.0,0.0,0.0,0.0,0.0,0.0,0.0,33.077999114990234,127.8748550415039
2025-05-05,10.275,2025-05-02,10.333333333333334,7.725,-0.0583333333333335,0.0583333333333335,455.5432,1130.3984,40.3,0.4,33.077999114990234,-10.513522873817056,-7.976656219256538,-6.890659861275399,-7.157565471531571,0.0008115143073249,-7.1166085392181495,0.0,0.0,0.0,1.0,0.0,0.0,0.0,0.0,0.0,0.0,0.0,32.93000030517578,181.0728302001953
2025-05-06,10.875,2025-05-03,11.163541666666667,7.125,-0.2885416666666671,0.2885416666666671,460.5519,1130.3984,40.74,0.44,33.077999114990234,-10.513522873817056,-7.976656219256538,-6.890659861275399,-7.157565471531571,0.0008115143073249,-7.1166085392181495,0.0,0.0,0.0,1.0,0.0,0.0,0.0,0.0,0.0,0.0,0.0,34.74300003051758,85.18031311035156
2025-05-07,11.675,2025-05-04,11.464583333333334,6.324999999999999,0.2104166666666671,0.2104166666666671,465.0759,1130.3984,41.14,0.4,33.077999114990234,-10.513522873817056,-7.976656219256538,-6.890659861275399,-7.157565471531571,0.0008115143073249,-7.1166085392181495,0.0,0.0,0.0,1.0,0.0,0.0,0.0,0.0,0.0,0.0,0.0,34.53099822998047,95.38807678222656
2025-05-08,12.925,2025-05-05,12.8375,5.074999999999999,0.0875000000000003,0.0875000000000003,468.0224,1130.3984,41.4,0.26,32.93000030517578,-7.1166085392181495,-8.231384562518134,-6.937765661019835,-7.044473604287562,2.010873505295128e-05,-10.814356207823224,0.0,0.0,0.0,1.0,0.0,0.0,0.0,0.0,0.0,0.0,0.0,35.340999603271484,213.92315673828125
2025-05-09,13.775,2025-05-06,13.4875,4.225,0.2874999999999996,0.2874999999999996,470.5283,1131.3342,41.59,0.22,34.74300003051758,-10.814356207823224,-8.21720247882415,-6.975189660631491,-8.054827102948611,0.0028723177034777,-5.852636012577968,0.0,0.0,0.0,1.0,0.0,0.0,0.0,0.0,0.0,0.0,0.0,34.61800003051758,214.70346069335938
2025-05-12,17.025,2025-05-09,15.275,0.9750000000000014,1.7499999999999982,1.7499999999999982,476.5988,1130.3984,42.16,0.24,34.61800003051758,-7.528384642091115,-7.06347160510325,-7.24996881724672,-8.481395220040937,0.0004272477808253,-7.7581464277308125,0.0,0.0,0.0,1.0,0.0,0.0,0.0,0.0,0.0,0.0,0.0,35.38999938964844,150.08396911621094
2025-05-13,16.75,2025-05-10,15.958333333333334,1.25,0.7916666666666661,0.7916666666666661,480.445,1131.3342,42.47,0.34,34.61800003051758,-7.528384642091115,-7.06347160510325,-7.24996881724672,-8.481395220040937,0.0004272477808253,-7.7581464277308125,0.0,0.0,0.0,1.0,0.0,0.0,0.0,0.0,0.0,0.0,0.0,35.74399948120117,116.97671508789062
2025-05-14,16.7,2025-05-11,16.075,1.3000000000000007,0.625,0.625,484.5063,1131.3343,42.83,0.36,34.61800003051758,-7.528384642091115,-7.06347160510325,-7.24996881724672,-8.481395220040937,0.0004272477808253,-7.7581464277308125,0.0,0.0,0.0,1.0,0.0,0.0,0.0,0.0,0.0,0.0,0.0,35.04800033569336,104.52276611328125
2025-05-15,13.675,2025-05-12,14.032291666666666,4.324999999999999,-0.357291666666665,0.357291666666665,487.7306,1131.7337,43.1,0.28,35.38999938964844,-7.7581464277308125,-7.157565471531571,-7.250857011619041,-9.108061751103168,0.0004864450019605,-7.628386709058292,0.0,0.0,0.0,1.0,0.0,0.0,0.0,0.0,0.0,0.0,0.0,35.29399871826172,200.17465209960938
2025-05-16,13.375,2025-05-13,13.660416666666666,4.625,-0.2854166666666664,0.2854166666666664,490.6674,1131.7337,43.36,0.26,35.74399948120117,-7.628386709058292,-7.044473604287562,-7.6280470323147,-7.481813697574633,9.906482191000902e-05,-9.219736145233751,0.0,0.0,0.0,1.0,0.0,0.0,0.0,0.0,0.0,0.0,0.0,35.15599822998047,150.0257110595703
2025-05-19,15.65,2025-05-16,15.704166666666666,2.35,-0.0541666666666653,0.0541666666666653,499.3776,1131.7337,44.13,0.24,35.15599822998047,-9.92529619392655,-8.146771037606651,-7.680302740374532,-7.593215010662643,1.5348303948233884e-05,-11.084505516853714,0.0,0.0,0.0,1.0,0.0,0.0,0.0,0.0,0.0,0.0,0.0,35.224998474121094,206.7042236328125
2025-05-20,16.7,2025-05-17,16.40625,1.3000000000000007,0.2937499999999993,0.2937499999999993,502.833,1131.7337,44.43,0.31,35.15599822998047,-9.92529619392655,-8.146771037606651,-7.680302740374532,-7.593215010662643,1.5348303948233884e-05,-11.084505516853714,0.0,0.0,0.0,1.0,0.0,0.0,0.0,0.0,0.0,0.0,0.0,36.979000091552734,123.05228424072266
2025-05-21,14.225,2025-05-18,14.247916666666669,3.775,-0.0229166666666671,0.0229166666666671,506.054,1131.7337,44.71,0.28,35.15599822998047,-9.92529619392655,-8.146771037606651,-7.680302740374532,-7.593215010662643,1.5348303948233884e-05,-11.084505516853714,0.0,0.0,0.0,1.0,0.0,0.0,0.0,0.0,0.0,0.0,0.0,36.62099838256836,137.70489501953125
2025-05-22,12.325,2025-05-19,12.7,5.675000000000001,-0.375,0.375,508.4645,1131.7337,44.93,0.21,35.224998474121094,-11.084505516853714,-8.481395220040937,-7.679494246800488,-7.507548670489731,3.844595902353546e-06,-12.468841797341565,0.0,0.0,0.0,1.0,0.0,0.0,0.0,0.0,0.0,0.0,0.0,36.35599899291992,231.87974548339844
2025-05-23,11.65,2025-05-20,12.013541666666669,6.35,-0.3635416666666664,0.3635416666666664,511.0729,1131.7337,45.16,0.23,36.979000091552734,-12.468841797341565,-9.108061751103168,-7.747677756118104,-9.297673992046889,0.0023613935483169,-6.04850334721476,0.0,0.0,0.0,1.0,0.0,0.0,0.0,0.0,0.0,0.0,0.0,36.45000076293945,167.23641967773438
2025-05-27,15.0,2025-05-24,15.403125,3.0,-0.4031249999999993,0.4031249999999993,520.3227,1132.2823,45.95,0.28,36.45000076293945,-9.85004091562743,-7.589775416578728,-7.66882167653285,-7.307695018227437,6.668040005953522e-06,-11.91818444343154,0.0,0.0,0.0,1.0,0.0,0.0,0.0,0.0,0.0,0.0,0.0,37.00600051879883,89.67141723632812
2025-05-28,15.15,2025-05-25,15.107291666666669,2.8500000000000014,0.0427083333333317,0.0427083333333317,524.382,1132.2823,46.31,0.36,36.45000076293945,-9.85004091562743,-7.589775416578728,-7.66882167653285,-7.307695018227437,6.668040005953522e-06,-11.91818444343154,0.0,0.0,0.0,1.0,0.0,0.0,0.0,0.0,0.0,0.0,0.0,36.6870002746582,142.20619201660156
2025-05-29,15.825,2025-05-26,14.996875,2.1750000000000007,0.828125,0.828125,527.6026,1132.2823,46.6,0.28,36.45000076293945,-9.85004091562743,-7.589775416578728,-7.66882167653285,-7.307695018227437,6.668040005953522e-06,-11.91818444343154,0.0,0.0,0.0,1.0,0.0,0.0,0.0,0.0,0.0,0.0,0.0,35.15800094604492,180.8349609375
2025-05-30,20.375,2025-05-27,20.132291666666667,0.0,0.2427083333333328,0.2427083333333328,530.8541,1132.2823,46.88,0.29,37.00600051879883,-11.91818444343154,-7.593215010662643,-7.668759780671199,-7.215530240652859,0.0002291770977239,-8.381015496423185,0.0,0.0,0.0,1.0,0.0,0.0,0.0,0.0,0.0,0.0,0.0,34.22800064086914,203.34573364257812
2025-06-02,16.625,2025-05-30,16.33020833333333,1.375,0.2947916666666685,0.2947916666666685,542.3017,1132.2823,47.89,0.37,34.22800064086914,-6.313198732052904,-7.739809954985462,-7.6103489371205475,-8.084768029656237,0.0007186781935755,-7.238096874042543,0.0,0.0,0.0,1.0,0.0,0.0,0.0,0.0,0.0,0.0,0.0,35.01499938964844,185.31846618652344
2025-06-03,18.200000000000003,2025-05-31,17.708333333333332,0.0,0.4916666666666707,0.4916666666666707,547.3702,1132.2823,48.34,0.45,34.22800064086914,-6.313198732052904,-7.739809954985462,-7.6103489371205475,-8.084768029656237,0.0007186781935755,-7.238096874042543,0.0,0.0,0.0,1.0,0.0,0.0,0.0,0.0,0.0,0.0,0.0,35.847999572753906,54.93478775024414
2025-06-04,15.975,2025-06-01,15.695833333333333,2.0250000000000004,0.2791666666666668,0.2791666666666668,554.2967,1134.0428,48.88,0.61,34.22800064086914,-6.313198732052904,-7.739809954985462,-7.6103489371205475,-8.084768029656237,0.0007186781935755,-7.238096874042543,0.0,0.0,0.0,1.0,0.0,0.0,0.0,0.0,0.0,0.0,0.0,35.650001525878906,161.38150024414062
2025-06-05,15.625,2025-06-02,14.177083333333334,2.375,1.447916666666666,1.447916666666666,558.1412,1134.0428,49.22,0.34,35.01499938964844,-7.238096874042543,-7.4727891466340415,-7.571288089730392,-8.218914931157958,0.0005167657559295,-7.567920867502348,0.0,0.0,0.0,0.0,1.0,0.0,0.0,0.0,0.0,0.0,0.0,36.39300155639648,247.20652770996094
2025-06-06,16.075,2025-06-03,15.80625,1.9250000000000007,0.2687499999999989,0.2687499999999989,561.933,1134.0428,49.55,0.33,35.847999572753906,-7.567920867502348,-7.307695018227437,-7.544267362949734,-8.077057323807152,0.0005527784951742,-7.500553186096933,0.0,0.0,0.0,0.0,1.0,0.0,0.0,0.0,0.0,0.0,0.0,36.2509994506836,205.0933074951172
2025-06-09,15.65,2025-06-06,15.13125,2.3500000000000014,0.5187499999999972,0.5187499999999972,573.0248,1134.0428,50.53,0.36,36.2509994506836,-7.762279521921898,-7.708762165611571,-7.531451401912726,-6.992898766191441,1.5284497141901845e-05,-11.08867143653297,0.0,0.0,0.0,0.0,1.0,0.0,0.0,0.0,0.0,0.0,0.0,35.60499954223633,137.7939910888672
2025-06-10,16.825000000000003,2025-06-07,17.498958333333334,1.1749999999999972,-0.6739583333333314,0.6739583333333314,578.0355,1134.0428,50.97,0.44,36.2509994506836,-7.762279521921898,-7.708762165611571,-7.531451401912726,-6.992898766191441,1.5284497141901845e-05,-11.08867143653297,0.0,0.0,0.0,0.0,1.0,0.0,0.0,0.0,0.0,0.0,0.0,34.63800048828125,109.03436279296875
2025-06-11,17.625,2025-06-08,19.06145833333333,0.375,-1.4364583333333345,1.4364583333333345,582.9537,1134.0428,51.4,0.43,36.2509994506836,-7.762279521921898,-7.708762165611571,-7.531451401912726,-6.992898766191441,1.5284497141901845e-05,-11.08867143653297,0.0,0.0,0.0,0.0,1.0,0.0,0.0,0.0,0.0,0.0,0.0,35.91299819946289,102.71527862548828
2025-06-12,21.775,2025-06-09,21.4375,0.0,0.3374999999999986,0.3374999999999986,587.3371,1134.0428,51.79,0.39,35.60499954223633,-11.08867143653297,-8.084768029656237,-7.808924289882209,-7.065886112054441,0.0003233123115687,-8.036891789922462,0.0,0.0,0.0,0.0,1.0,0.0,0.0,0.0,0.0,0.0,0.0,36.17699813842773,145.3411865234375
2025-06-13,25.55,2025-06-10,25.172916666666666,0.0,0.377083333333335,0.377083333333335,591.0686,1134.0428,52.12,0.33,34.63800048828125,-8.036891789922462,-8.218914931157958,-7.777430093081647,-6.942052123844816,0.0007581599890091,-7.1846161259800985,0.0,0.0,0.0,0.0,1.0,0.0,0.0,0.0,0.0,0.0,0.0,37.89400100708008,188.4736785888672
2025-06-16,19.35,2025-06-13,18.909375,0.0,0.4406250000000007,0.4406250000000007,601.2336,1134.0428,53.02,0.27,37.89400100708008,-9.833140068886452,-7.618221888287796,-7.707565799598611,-6.9430606064849645,0.0021501127665197,-6.142234988208824,0.0,0.0,0.0,0.0,1.0,0.0,0.0,0.0,0.0,0.0,0.0,37.90599822998047,166.77857971191406
2025-06-17,21.175,2025-06-14,20.70208333333333,0.0,0.4729166666666629,0.4729166666666629,605.5624,1134.0428,53.4,0.38,37.89400100708008,-9.833140068886452,-7.618221888287796,-7.707565799598611,-6.9430606064849645,0.0021501127665197,-6.142234988208824,0.0,0.0,0.0,0.0,1.0,0.0,0.0,0.0,0.0,0.0,0.0,39.30899810791016,307.2526550292969
2025-06-18,21.85,2025-06-15,21.726041666666667,0.0,0.1239583333333342,0.1239583333333342,609.875,1134.0428,53.78,0.38,37.89400100708008,-9.833140068886452,-7.618221888287796,-7.707565799598611,-6.9430606064849645,0.0021501127665197,-6.142234988208824,0.0,0.0,0.0,0.0,1.0,0.0,0.0,0.0,0.0,0.0,0.0,38.69300079345703,169.0869903564453
2025-06-20,21.6,2025-06-17,20.896875,0.0,0.703125,0.703125,616.7316,1134.0428,54.38,0.31,39.30899810791016,-16.116052369596602,-7.065886112054441,-7.551974499191424,-5.5113604553766855,0.0013208927287474,-6.6294474605639575,0.0,0.0,0.0,0.0,1.0,0.0,0.0,0.0,0.0,0.0,0.0,40.92900085449219,293.2027893066406
2025-06-23,20.2,2025-06-20,19.690625,0.0,0.5093749999999986,0.5093749999999986,628.224,1134.0428,55.4,0.34,40.92900085449219,-8.29615831340699,-7.188998621905554,-7.429420645979733,-5.564827073158934,0.0031562096470062,-5.758383449812422,0.0,0.0,0.0,0.0,1.0,0.0,0.0,0.0,0.0,0.0,0.0,40.52199935913086,284.8919982910156
2025-06-24,20.575,2025-06-21,20.28333333333333,0.0,0.2916666666666643,0.2916666666666643,632.9427,1134.0429,55.81,0.42,40.92900085449219,-8.29615831340699,-7.188998621905554,-7.429420645979733,-5.564827073158934,0.0031562096470062,-5.758383449812422,0.0,0.0,0.0,0.0,1.0,0.0,0.0,0.0,0.0,0.0,0.0,35.6150016784668,155.696044921875
2025-06-25,24.525,2025-06-22,24.110416666666666,0.0,0.4145833333333328,0.4145833333333328,637.7261,1134.0429,56.23,0.42,40.92900085449219,-8.29615831340699,-7.188998621905554,-7.429420645979733,-5.564827073158934,0.0031562096470062,-5.758383449812422,0.0,0.0,0.0,0.0,1.0,0.0,0.0,0.0,0.0,0.0,0.0,35.4010009765625,239.66897583007812
2025-06-26,21.575,2025-06-23,20.13125,0.0,1.443749999999998,1.443749999999998,641.762,1134.0429,56.59,0.36,40.52199935913086,-5.758383449812422,-6.589041401790826,-7.21316611799434,-5.568334793457226,9.987720647182772e-05,-9.21156905177588,0.0,0.0,0.0,0.0,1.0,0.0,0.0,0.0,0.0,0.0,0.0,34.02399826049805,540.163330078125
2025-06-27,20.025,2025-06-24,21.65625,0.0,-1.6312500000000014,1.6312500000000014,645.3566,1134.0429,56.91,0.32,35.6150016784668,-9.21156905177588,-6.9430606064849645,-7.363423118153184,-7.420857492457043,0.0166611497374785,-4.094675632711177,0.0,0.0,0.0,0.0,1.0,0.0,0.0,0.0,0.0,0.0,0.0,33.08700180053711,351.72052001953125
2025-06-30,26.125,2025-06-27,27.20833333333333,0.0,-1.083333333333332,1.083333333333332,655.1932,1134.0429,57.77,0.35,33.08700180053711,-6.454118984777719,-5.447858059544624,-6.531002067219285,-8.955020094287848,0.0007798389351454,-7.156423151724234,0.0,0.0,0.0,0.0,1.0,0.0,0.0,0.0,0.0,0.0,0.0,32.89799880981445,231.2438201904297
2025-07-01,29.95,2025-06-28,27.790625,0.0,2.1593750000000007,2.1593750000000007,659.7692,1134.0429,58.18,0.4,33.08700180053711,-6.454118984777719,-5.447858059544624,-6.531002067219285,-8.955020094287848,0.0007798389351454,-7.156423151724234,0.0,0.0,0.0,0.0,1.0,0.0,0.0,0.0,0.0,0.0,0.0,33.69300079345703,112.2904281616211
2025-07-02,26.7,2025-06-29,26.523958333333333,0.0,0.1760416666666664,0.1760416666666664,664.4431,1134.0429,58.59,0.41,33.08700180053711,-6.454118984777719,-5.447858059544624,-6.531002067219285,-8.955020094287848,0.0007798389351454,-7.156423151724234,0.0,0.0,0.0,0.0,1.0,0.0,0.0,0.0,0.0,0.0,0.0,33.590999603271484,95.38807678222656
2025-07-03,20.075,2025-06-30,21.11145833333333,0.0,-1.036458333333332,1.036458333333332,667.9449,1134.0429,58.9,0.31,32.89799880981445,-7.156423151724234,-5.564827073158934,-6.513975078512543,-8.955579059933758,3.281778529477095e-05,-10.324539924462275,0.0,0.0,0.0,0.0,1.0,0.0,0.0,0.0,0.0,0.0,0.0,33.62099838256836,147.65321350097656
2025-07-04,21.0,2025-07-01,21.14479166666667,0.0,-0.1447916666666699,0.1447916666666699,670.7453,1134.0429,59.15,0.25,33.69300079345703,-10.324539924462275,-5.568334793457226,-6.51526777691554,-9.469809782577148,0.0005701729590553,-7.469570804470213,0.0,0.0,0.0,0.0,0.0,1.0,0.0,0.0,0.0,0.0,0.0,33.43000030517578,189.46420288085938
2025-07-07,15.8,2025-07-04,16.07604166666667,2.1999999999999997,-0.2760416666666678,0.2760416666666678,680.1492,1134.046,59.98,0.28,33.43000030517578,-14.042604973724218,-8.18586320855474,-6.594040114526284,-8.428036377000483,3.245710871990716e-05,-10.335591041126676,0.0,0.0,0.0,0.0,0.0,1.0,0.0,0.0,0.0,0.0,0.0,33.62099838256836,156.76760864257812
2025-07-08,16.1,2025-07-05,16.597916666666666,1.8999999999999984,-0.497916666666665,0.497916666666665,683.8555,1134.0457,60.3,0.33,33.43000030517578,-14.042604973724218,-8.18586320855474,-6.594040114526284,-8.428036377000483,3.245710871990716e-05,-10.335591041126676,0.0,0.0,0.0,0.0,0.0,1.0,0.0,0.0,0.0,0.0,0.0,34.21900177001953,101.02533721923828
2025-07-09,18.625,2025-07-06,18.323958333333334,0.0,0.3010416666666664,0.3010416666666664,687.8204,1134.0456,60.65,0.35,33.43000030517578,-14.042604973724218,-8.18586320855474,-6.594040114526284,-8.428036377000483,3.245710871990716e-05,-10.335591041126676,0.0,0.0,0.0,0.0,0.0,1.0,0.0,0.0,0.0,0.0,0.0,34.30400085449219,48.714229583740234
2025-07-10,20.925,2025-07-07,20.336458333333333,0.0,0.5885416666666679,0.5885416666666679,691.1066,1134.0456,60.94,0.29,33.62099838256836,-10.335591041126676,-8.955020094287848,-6.611473605689921,-8.449650215898748,3.245710871990742e-05,-10.33559104112667,0.0,0.0,0.0,0.0,0.0,1.0,0.0,0.0,0.0,0.0,0.0,35.16999816894531,115.55469512939453
2025-07-11,21.175,2025-07-08,21.43645833333333,0.0,-0.2614583333333335,0.2614583333333335,698.4266,1134.0455,61.59,0.65,34.21900177001953,-10.33559104112667,-8.955579059933758,-6.611413401831367,-8.051791583580394,0.0003108265421424,-8.07627554047118,0.0,0.0,0.0,0.0,0.0,1.0,0.0,0.0,0.0,0.0,0.0,35.56100082397461,151.7206573486328
2025-07-14,21.3,2025-07-11,22.65625,0.0,-1.3562499999999993,1.3562499999999993,705.7032,1133.9381,62.23,0.32,35.56100082397461,-7.383254123848389,-8.513728695053485,-6.605534031168887,-8.011276777541845,0.0001222386846244,-9.009534985021885,0.0,0.0,0.0,0.0,0.0,1.0,0.0,0.0,0.0,0.0,0.0,35.45399856567383,134.5205078125
2025-07-15,20.175,2025-07-12,21.021875,0.0,-0.8468750000000007,0.8468750000000007,710.2419,1133.9381,62.63,0.4,35.56100082397461,-7.383254123848389,-8.513728695053485,-6.605534031168887,-8.011276777541845,0.0001222386846244,-9.009534985021885,0.0,0.0,0.0,0.0,0.0,1.0,0.0,0.0,0.0,0.0,0.0,34.44499969482422,123.0675277709961
2025-07-16,18.3,2025-07-13,18.9875,0.0,-0.6875000000000036,0.6875000000000036,714.6148,1133.9381,63.02,0.39,35.56100082397461,-7.383254123848389,-8.513728695053485,-6.605534031168887,-8.011276777541845,0.0001222386846244,-9.009534985021885,0.0,0.0,0.0,0.0,0.0,1.0,0.0,0.0,0.0,0.0,0.0,34.80899810791016,42.68772888183594
2025-07-17,20.35,2025-07-14,20.234375,0.0,0.1156250000000014,0.1156250000000014,718.0468,1133.9381,63.32,0.3,35.45399856567383,-9.009534985021885,-8.428036377000483,-6.62713181207952,-7.918319351206881,9.081265243417238e-06,-11.609296920953051,0.0,0.0,0.0,0.0,0.0,1.0,0.0,0.0,0.0,0.0,0.0,34.40700149536133,107.62855529785156
2025-07-18,23.375,2025-07-15,23.461458333333333,0.0,-0.0864583333333328,0.0864583333333328,721.2713,1133.9381,63.61,0.28,34.44499969482422,-11.609296920953051,-8.449650215898748,-6.672704075979105,-8.528696604044582,0.0008336039877119,-7.089752102053453,0.0,0.0,0.0,0.0,0.0,1.0,0.0,0.0,0.0,0.0,0.0,33.595001220703125,166.55368041992188
2025-07-21,18.975,2025-07-18,18.54375,0.0,0.4312500000000021,0.4312500000000021,729.5904,1133.9381,64.34,0.29,33.595001220703125,-8.910770465539068,-8.326278996052324,-6.713962030112628,-9.294601930878834,0.0005703877920942,-7.469194089699306,0.0,0.0,0.0,0.0,0.0,1.0,0.0,0.0,0.0,0.0,0.0,33.15900039672852,140.04351806640625
2025-07-22,18.775,2025-07-19,19.157291666666666,0.0,-0.3822916666666671,0.3822916666666671,733.6984,1133.9381,64.7,0.36,33.595001220703125,-8.910770465539068,-8.326278996052324,-6.713962030112628,-9.294601930878834,0.0005703877920942,-7.469194089699306,0.0,0.0,0.0,0.0,0.0,1.0,0.0,0.0,0.0,0.0,0.0,33.11100006103516,58.319854736328125
2025-07-23,19.2,2025-07-20,19.0125,0.0,0.1875,0.1875,737.9326,1133.9381,65.08,0.37,33.595001220703125,-8.910770465539068,-8.326278996052324,-6.713962030112628,-9.294601930878834,0.0005703877920942,-7.469194089699306,0.0,0.0,0.0,0.0,0.0,1.0,0.0,0.0,0.0,0.0,0.0,32.689998626708984,88.87377166748047
2025-07-24,19.65,2025-07-21,18.385416666666664,0.0,1.2645833333333345,1.2645833333333345,741.1396,1133.9381,65.36,0.28,33.15900039672852,-7.469194089699306,-8.011276777541845,-6.7424684660979874,-9.34137419038646,0.0001706445227375,-8.675927973735599,0.0,0.0,0.0,0.0,0.0,1.0,0.0,0.0,0.0,0.0,0.0,32.358001708984375,144.323486328125
2025-07-25,20.725,2025-07-22,20.019791666666663,0.0,0.7052083333333314,0.7052083333333314,744.4957,1133.9778,65.65,0.3,33.11100006103516,-8.675927973735599,-7.918319351206881,-6.745510330131147,-7.969993166114617,2.098527889371643e-06,-13.074273987590546,0.0,0.0,0.0,0.0,0.0,1.0,0.0,0.0,0.0,0.0,0.0,32.499000549316406,118.55506134033203
2025-07-28,18.125,2025-07-25,18.571875,0.0,-0.4468749999999986,0.4468749999999986,753.7458,1133.9778,66.47,0.28,32.499000549316406,-9.169198378995382,-8.506175998813681,-8.169730942903117,-7.27060029660923,1.890508779122248e-05,-10.876079423926642,0.0,0.0,0.0,0.0,0.0,1.0,0.0,0.0,0.0,0.0,0.0,32.89899826049805,122.90444946289062
2025-07-29,18.625,2025-07-26,18.55208333333333,0.0,0.0729166666666678,0.0729166666666678,757.8855,1133.9778,66.83,0.37,32.499000549316406,-9.169198378995382,-8.506175998813681,-8.169730942903117,-7.27060029660923,1.890508779122248e-05,-10.876079423926642,0.0,0.0,0.0,0.0,0.0,1.0,0.0,0.0,0.0,0.0,0.0,34.10300064086914,124.04899597167969
2025-07-30,18.625,2025-07-27,18.398958333333333,0.0,0.2260416666666671,0.2260416666666671,762.9945,1133.9778,67.28,0.45,32.499000549316406,-9.169198378995382,-8.506175998813681,-8.169730942903117,-7.27060029660923,1.890508779122248e-05,-10.876079423926642,0.0,0.0,0.0,0.0,0.0,1.0,0.0,0.0,0.0,0.0,0.0,34.5369987487793,152.61151123046875
2025-07-31,19.025,2025-07-28,19.160416666666663,0.0,-0.1354166666666678,0.1354166666666678,766.4301,1133.9778,67.59,0.3,32.89899826049805,-10.876079423926642,-9.294601930878834,-8.172531523663144,-7.289931397036827,0.0001496431760723,-8.807256917272094,0.0,0.0,0.0,0.0,0.0,1.0,0.0,0.0,0.0,0.0,0.0,35.27899932861328,142.25750732421875
2025-08-01,18.175,2025-07-29,18.119791666666664,0.0,0.0552083333333364,0.0552083333333364,770.4294,1133.9778,67.94,0.35,34.10300064086914,-8.807256917272094,-9.34137419038646,-8.4330459554184,-7.7597628179460925,0.001291911214662,-6.651632594510767,0.0,0.0,0.0,0.0,0.0,1.0,0.0,0.0,0.0,0.0,0.0,33.97200012207031,126.91829681396484
2025-08-04,20.675,2025-08-01,21.279166666666665,0.0,-0.6041666666666679,0.6041666666666679,781.3814,1134.8745,68.85,0.33,33.97200012207031,-7.7021672042201565,-7.788571418289975,-8.329749078527604,-8.063881932408835,0.0014251536695103,-6.553475632121116,0.0,0.0,0.0,0.0,0.0,0.0,1.0,0.0,0.0,0.0,0.0,34.28300094604492,179.05772399902344
2025-08-05,18.9,2025-08-02,18.696875,0.0,0.203125,0.203125,785.7627,1134.8745,69.24,0.39,33.97200012207031,-7.7021672042201565,-7.788571418289975,-8.329749078527604,-8.063881932408835,0.0014251536695103,-6.553475632121116,0.0,0.0,0.0,0.0,0.0,0.0,1.0,0.0,0.0,0.0,0.0,34.40599822998047,113.899169921875
2025-08-06,18.75,2025-08-03,18.81875,0.0,-0.0687500000000014,0.0687500000000014,790.1456,1134.8745,69.62,0.39,33.97200012207031,-7.7021672042201565,-7.788571418289975,-8.329749078527604,-8.063881932408835,0.0014251536695103,-6.553475632121116,0.0,0.0,0.0,0.0,0.0,0.0,1.0,0.0,0.0,0.0,0.0,33.25699996948242,89.52886199951172
2025-08-07,21.225,2025-08-04,21.757291666666664,0.0,-0.5322916666666622,0.5322916666666622,793.9788,1134.8745,69.96,0.34,34.28300094604492,-6.553475632121116,-7.27060029660923,-8.093251741361739,-7.942783336066179,8.304626906706078e-05,-9.396112634809256,0.0,0.0,0.0,0.0,0.0,0.0,1.0,0.0,0.0,0.0,0.0,32.95100021362305,127.92436218261719
2025-08-08,21.95,2025-08-05,23.68958333333333,0.0,-1.739583333333332,1.739583333333332,797.7614,1134.8745,70.3,0.33,34.40599822998047,-9.396112634809256,-7.289931397036827,-8.08109207537157,-7.780633241724653,1.2825596868099924e-05,-11.264067550598291,0.0,0.0,0.0,0.0,0.0,0.0,1.0,0.0,0.0,0.0,0.0,32.44599914550781,163.98849487304688
2025-08-11,23.225,2025-08-08,22.992708333333333,0.0,0.2322916666666685,0.2322916666666685,808.5427,1134.8745,71.25,0.31,32.44599914550781,-9.367635944798016,-7.50191331229404,-7.959980043309458,-7.783906009401757,0.0002385317565127,-8.341008101310313,0.0,0.0,0.0,0.0,0.0,0.0,1.0,0.0,0.0,0.0,0.0,32.999000549316406,175.30010986328125
2025-08-12,25.95,2025-08-09,26.198958333333334,0.0,-0.2489583333333342,0.2489583333333342,812.6139,1135.3745,71.57,0.36,32.44599914550781,-9.367635944798016,-7.50191331229404,-7.959980043309458,-7.783906009401757,0.0002385317565127,-8.341008101310313,0.0,0.0,0.0,0.0,0.0,0.0,1.0,0.0,0.0,0.0,0.0,32.40900039672852,115.55469512939453
2025-08-13,27.3,2025-08-10,28.242708333333333,0.0,-0.942708333333332,0.942708333333332,817.5365,1135.3745,72.01,0.43,32.44599914550781,-9.367635944798016,-7.50191331229404,-7.959980043309458,-7.783906009401757,0.0002385317565127,-8.341008101310313,0.0,0.0,0.0,0.0,0.0,0.0,1.0,0.0,0.0,0.0,0.0,32.599998474121094,103.81266021728516
2025-08-14,27.2,2025-08-11,28.665625,0.0,-1.4656249999999993,1.4656249999999993,820.9914,1135.3745,72.31,0.3,32.999000549316406,-8.341008101310313,-8.063881932408835,-7.930177176237972,-7.898688523771465,0.0002856144606407,-8.160867692783658,0.0,0.0,0.0,0.0,0.0,0.0,1.0,0.0,0.0,0.0,0.0,32.14099884033203,176.85165405273438
2025-08-15,24.875,2025-08-12,26.32604166666667,0.0,-1.4510416666666686,1.4510416666666686,823.9587,1135.9033,72.54,0.26,32.40900039672852,-8.160867692783658,-7.942783336066179,-7.973556554191146,-8.090134397408988,0.0003254813028931,-8.030205536081448,0.0,0.0,0.0,0.0,0.0,0.0,1.0,0.0,0.0,0.0,0.0,31.0310001373291,140.1470947265625
2025-08-18,21.4,2025-08-15,21.73333333333333,0.0,-0.3333333333333357,0.3333333333333357,833.0921,1136.4733,73.31,0.31,31.0310001373291,-8.511873163290671,-8.435408126703754,-8.028321706276481,-7.734176388111238,0.0012352222231997,-6.6965043864659455,0.0,0.0,0.0,0.0,0.0,0.0,1.0,0.0,0.0,0.0,0.0,31.27199935913086,139.0772705078125
2025-08-19,22.15,2025-08-16,23.11145833333333,0.0,-0.9614583333333327,0.9614583333333327,836.7871,1136.513,73.63,0.33,31.0310001373291,-8.511873163290671,-8.435408126703754,-8.028321706276481,-7.734176388111238,0.0012352222231997,-6.6965043864659455,0.0,0.0,0.0,0.0,0.0,0.0,1.0,0.0,0.0,0.0,0.0,31.226999282836918,99.5866928100586
2025-08-20,20.05,2025-08-17,20.460416666666667,0.0,-0.4104166666666664,0.4104166666666664,840.4749,1136.513,73.95,0.32,31.0310001373291,-8.511873163290671,-8.435408126703754,-8.028321706276481,-7.734176388111238,0.0012352222231997,-6.6965043864659455,0.0,0.0,0.0,0.0,0.0,0.0,1.0,0.0,0.0,0.0,0.0,31.9060001373291,154.9739227294922
2025-08-21,19.4,2025-08-18,18.730208333333334,0.0,0.669791666666665,0.669791666666665,843.7771,1136.513,74.24,0.29,31.27199935913086,-6.6965043864659455,-7.783906009401757,-7.882685705207868,-7.745308619786461,5.985186567304818e-05,-9.72363793725622,0.0,0.0,0.0,0.0,0.0,0.0,1.0,0.0,0.0,0.0,0.0,33.17499923706055,224.327392578125
2025-08-22,16.975,2025-08-19,17.011458333333334,1.0249999999999986,-0.0364583333333321,0.0364583333333321,847.0535,1136.513,74.53,0.29,31.226999282836918,-9.72363793725622,-7.898688523771465,-7.891773469707381,-7.706701899028802,2.0736741950778705e-06,-13.08618806838756,0.0,0.0,0.0,0.0,0.0,0.0,1.0,0.0,0.0,0.0,0.0,33.573001861572266,135.60218811035156
2025-08-25,19.475,2025-08-22,20.151041666666664,0.0,-0.6760416666666629,0.6760416666666629,856.3328,1136.513,75.35,0.27,33.573001861572266,-6.488260446613761,-7.329025469193454,-7.751028751882468,-7.905633987168027,0.0001422216223995,-8.858123988867666,0.0,0.0,0.0,0.0,0.0,0.0,1.0,0.0,0.0,0.0,0.0,33.77399826049805,104.53862762451172
2025-08-26,22.15,2025-08-23,22.870833333333334,0.0,-0.720833333333335,0.720833333333335,859.9587,1136.513,75.67,0.32,33.573001861572266,-6.488260446613761,-7.329025469193454,-7.751028751882468,-7.905633987168027,0.0001422216223995,-8.858123988867666,0.0,0.0,0.0,0.0,0.0,0.0,1.0,0.0,0.0,0.0,0.0,33.459999084472656,110.23519134521484
2025-08-27,21.975,2025-08-24,22.241666666666667,0.0,-0.2666666666666657,0.2666666666666657,863.6361,1136.513,75.99,0.32,33.573001861572266,-6.488260446613761,-7.329025469193454,-7.751028751882468,-7.905633987168027,0.0001422216223995,-8.858123988867666,0.0,0.0,0.0,0.0,0.0,0.0,1.0,0.0,0.0,0.0,0.0,32.55099868774414,86.16505432128906
2025-08-28,19.475,2025-08-25,19.81145833333333,0.0,-0.3364583333333328,0.3364583333333328,866.4489,1136.513,76.24,0.25,33.77399826049805,-8.858123988867666,-7.734176388111238,-7.753305193186255,-7.912839493823119,3.562891627164907e-05,-10.242352966918023,0.0,0.0,0.0,0.0,0.0,0.0,1.0,0.0,0.0,0.0,0.0,31.55900001525879,131.91641235351562
2025-08-29,17.85,2025-08-26,17.809375,0.1499999999999985,0.0406250000000021,0.0406250000000021,868.9304,1136.513,76.46,0.22,33.459999084472656,-10.242352966918023,-7.745308619786461,-7.760591665135991,-7.89870152269044,8.724598655609955e-05,-9.34677898583492,0.0,0.0,0.0,0.0,0.0,0.0,1.0,0.0,0.0,0.0,0.0,31.621999740600582,108.72760772705078
2025-09-02,17.675,2025-08-30,18.308333333333334,0.3249999999999993,-0.6333333333333329,0.6333333333333329,879.3787,1136.3907,77.38,0.3,31.621999740600582,-6.9508136995578855,-7.833314942278791,-7.724639567808855,-8.081655938980038,3.977082534905493e-06,-12.43496178745705,0.0,0.0,0.0,0.0,0.0,0.0,1.0,0.0,0.0,0.0,0.0,31.77199935913086,100.55011749267578
2025-09-03,19.675,2025-08-31,19.06875,0.0,0.6062499999999993,0.6062499999999993,882.4131,1136.3907,77.65,0.27,31.621999740600582,-6.9508136995578855,-7.833314942278791,-7.724639567808855,-8.081655938980038,3.977082534905493e-06,-12.43496178745705,0.0,0.0,0.0,0.0,0.0,0.0,1.0,0.0,0.0,0.0,0.0,32.11199951171875,44.76443099975586
2025-09-04,18.9,2025-09-01,17.873958333333334,0.0,1.0260416666666643,1.0260416666666643,887.907,1136.814,78.1,0.48,31.621999740600582,-6.9508136995578855,-7.833314942278791,-7.724639567808855,-8.081655938980038,3.977082534905493e-06,-12.43496178745705,0.0,0.0,0.0,0.0,0.0,0.0,1.0,0.0,0.0,0.0,0.0,32.4119987487793,144.02468872070312
2025-09-05,17.8,2025-09-02,18.113541666666663,0.1999999999999993,-0.3135416666666657,0.3135416666666657,890.2405,1137.114,78.29,0.21,31.77199935913086,-12.43496178745705,-7.905633987168027,-7.740813227597711,-8.085641772693169,2.2394719274895784e-05,-10.706685328898946,0.0,0.0,0.0,0.0,0.0,0.0,0.0,1.0,0.0,0.0,0.0,31.9689998626709,122.68769073486328
2025-09-08,19.475,2025-09-05,20.022916666666667,0.0,-0.5479166666666657,0.5479166666666657,897.9175,1137.344,78.95,0.21,31.9689998626709,-9.355716352003949,-8.348294518838772,-7.941357098239231,-7.881120686250806,0.000189392837559,-8.57168718912516,0.0,0.0,0.0,0.0,0.0,0.0,0.0,1.0,0.0,0.0,0.0,33.06399917602539,142.67613220214844
2025-09-09,16.700000000000003,2025-09-06,16.911458333333332,1.2999999999999972,-0.2114583333333293,0.2114583333333293,900.9769,1137.594,79.2,0.27,31.9689998626709,-9.355716352003949,-8.348294518838772,-7.941357098239231,-7.881120686250806,0.000189392837559,-8.57168718912516,0.0,0.0,0.0,0.0,0.0,0.0,0.0,1.0,0.0,0.0,0.0,32.930999755859375,102.90521240234375
2025-09-10,16.925,2025-09-07,17.327083333333334,1.0749999999999993,-0.4020833333333335,0.4020833333333335,904.1357,1137.594,79.48,0.28,31.9689998626709,-9.355716352003949,-8.348294518838772,-7.941357098239231,-7.881120686250806,0.000189392837559,-8.57168718912516,0.0,0.0,0.0,0.0,0.0,0.0,0.0,1.0,0.0,0.0,0.0,33.12200164794922,74.23120880126953
2025-09-11,16.75,2025-09-08,16.816666666666666,1.25,-0.0666666666666664,0.0666666666666664,905.8998,1137.594,79.63,0.16,33.06399917602539,-8.57168718912516,-9.395375439604988,-7.919045986470841,-8.51665950444696,0.0011342328299093,-6.781798776489284,0.0,0.0,0.0,0.0,0.0,0.0,0.0,1.0,0.0,0.0,0.0,32.323001861572266,115.21974182128906
2025-09-12,15.725,2025-09-09,15.532291666666666,2.2750000000000004,0.1927083333333339,0.1927083333333339,907.2578,1137.878,79.73,0.12,32.930999755859375,-6.781798776489284,-8.081655938980038,-7.921477220825639,-8.503537963971377,1.6245706769341255e-05,-11.027681821350228,0.0,0.0,0.0,0.0,0.0,0.0,0.0,1.0,0.0,0.0,0.0,32.6619987487793,95.37142944335938
2025-09-15,18.2,2025-09-12,18.166666666666664,0.0,0.0333333333333349,0.0333333333333349,912.0313,1138.39,80.12,0.17,32.6619987487793,-7.42481576110207,-7.839368425767024,-7.916931450523591,-8.564251779552617,0.0001088511536471,-9.12552916264898,0.0,0.0,0.0,0.0,0.0,0.0,0.0,1.0,0.0,0.0,0.0,32.15399932861328,103.72032165527344
2025-09-16,15.725,2025-09-13,15.814583333333331,2.2749999999999986,-0.08958333333333,0.08958333333333,914.7343,1138.39,80.35,0.24,32.6619987487793,-7.42481576110207,-7.839368425767024,-7.916931450523591,-8.564251779552617,0.0001088511536471,-9.12552916264898,0.0,0.0,0.0,0.0,0.0,0.0,0.0,1.0,0.0,0.0,0.0,32.32899856567383,83.6755599975586
2025-09-17,16.325,2025-09-14,16.663541666666667,1.6750000000000007,-0.3385416666666678,0.3385416666666678,917.5251,1138.39,80.6,0.25,32.6619987487793,-7.42481576110207,-7.839368425767024,-7.916931450523591,-8.564251779552617,0.0001088511536471,-9.12552916264898,0.0,0.0,0.0,0.0,0.0,0.0,0.0,1.0,0.0,0.0,0.0,32.4010009765625,94.39959716796875
2025-09-18,19.45,2025-09-15,20.09375,0.0,-0.6437500000000007,0.6437500000000007,920.1172,1138.39,80.83,0.23,32.15399932861328,-9.12552916264898,-7.881120686250806,-7.944316202619417,-8.603216341070961,0.000245719591184,-8.311319541347395,0.0,0.0,0.0,0.0,0.0,0.0,0.0,1.0,0.0,0.0,0.0,32.95199966430664,100.58403778076172
2025-09-19,21.825,2025-09-16,22.255208333333336,0.0,-0.4302083333333364,0.4302083333333364,921.7775,1138.39,80.97,0.15,32.32899856567383,-8.311319541347395,-8.51665950444696,-7.917609874816061,-8.458343657920425,2.946076325053605e-05,-10.432451205292889,0.0,0.0,0.0,0.0,0.0,0.0,0.0,1.0,0.0,0.0,0.0,32.30799865722656,102.5166015625
2025-09-22,13.1,2025-09-19,12.888541666666669,4.9,0.2114583333333328,0.2114583333333328,926.3952,1138.39,81.38,0.15,32.30799865722656,-8.165310658567844,-8.912714245591083,-8.076507176821574,-8.66902266611054,0.0003895535477851,-7.850509221268204,0.0,0.0,0.0,0.0,0.0,0.0,0.0,1.0,0.0,0.0,0.0,31.8439998626709,140.83004760742188
2025-09-23,13.2,2025-09-20,12.911458333333334,4.800000000000001,0.2885416666666653,0.2885416666666653,929.0938,1138.39,81.61,0.24,32.30799865722656,-8.165310658567844,-8.912714245591083,-8.076507176821574,-8.66902266611054,0.0003895535477851,-7.850509221268204,0.0,0.0,0.0,0.0,0.0,0.0,0.0,1.0,0.0,0.0,0.0,32.26499938964844,159.58355712890625
2025-09-24,12.175,2025-09-21,13.104166666666666,5.825000000000001,-0.9291666666666673,0.9291666666666673,931.8047,1138.39,81.85,0.24,32.30799865722656,-8.165310658567844,-8.912714245591083,-8.076507176821574,-8.66902266611054,0.0003895535477851,-7.850509221268204,0.0,0.0,0.0,0.0,0.0,0.0,0.0,1.0,0.0,0.0,0.0,31.902999877929688,110.11305236816406
2025-09-25,11.0,2025-09-22,11.365625,7.0,-0.3656250000000014,0.3656250000000014,933.0575,1138.39,81.96,0.11,31.8439998626709,-7.850509221268204,-8.564251779552617,-8.021377837357315,-8.480915448600838,0.0002092610796351,-8.471927895945633,0.0,0.0,0.0,0.0,0.0,0.0,0.0,1.0,0.0,0.0,0.0,32.45600128173828,131.45111083984375
2025-09-26,12.325,2025-09-23,12.661458333333332,5.675000000000001,-0.3364583333333328,0.3364583333333328,933.8856,1138.95,82.0,0.07,32.26499938964844,-8.471927895945633,-8.603216341070961,-8.057093858838641,-8.268236605671587,0.0001725034153795,-8.665093516590067,0.0,0.0,0.0,0.0,0.0,0.0,0.0,1.0,0.0,0.0,0.0,32.696998596191406,115.3311767578125
2025-09-29,15.1,2025-09-26,16.063541666666666,2.9000000000000004,-0.963541666666666,0.963541666666666,936.3198,1139.469,82.17,0.09,32.696998596191406,-8.127399496508085,-8.339918459527723,-8.229502215326935,-8.708248795820799,5.472925355351611e-05,-9.8131121733376,0.0,0.0,0.0,0.0,0.0,0.0,0.0,1.0,0.0,0.0,0.0,32.060001373291016,159.19918823242188
2025-09-30,14.7,2025-09-27,15.207291666666666,3.3000000000000007,-0.5072916666666671,0.5072916666666671,938.2152,1139.469,82.34,0.17,32.696998596191406,-8.127399496508085,-8.339918459527723,-8.229502215326935,-8.708248795820799,5.472925355351611e-05,-9.8131121733376,0.0,0.0,0.0,0.0,0.0,0.0,0.0,1.0,0.0,0.0,0.0,31.410999298095703,54.95964813232422
2025-10-01,13.7,2025-09-28,12.989583333333334,4.300000000000001,0.7104166666666654,0.7104166666666654,940.0407,1139.469,82.5,0.16,32.696998596191406,-8.127399496508085,-8.339918459527723,-8.229502215326935,-8.708248795820799,5.472925355351611e-05,-9.8131121733376,0.0,0.0,0.0,0.0,0.0,0.0,0.0,1.0,0.0,0.0,0.0,31.334999084472656,78.6366195678711
2025-10-02,13.3,2025-09-29,12.60625,4.699999999999999,0.6937500000000014,0.6937500000000014,941.0451,1139.469,82.59,0.09,32.060001373291016,-9.8131121733376,-8.66902266611054,-8.235060207986587,-7.372035327009795,0.0003870701173573,-7.8569046969604,0.0,0.0,0.0,0.0,0.0,0.0,0.0,1.0,0.0,0.0,0.0,31.45499992370605,119.8833999633789
2025-10-03,12.75,2025-09-30,11.777083333333334,5.25,0.9729166666666664,0.9729166666666664,940.0239,1139.469,82.5,-0.09,31.410999298095703,-7.8569046969604,-8.480915448600838,-8.30085886860459,-7.509220346103978,0.0004182459501756,-7.779440898537175,0.0,0.0,0.0,0.0,0.0,0.0,0.0,1.0,0.0,0.0,0.0,31.4379997253418,161.74647521972656
2025-10-06,13.25,2025-10-03,13.691666666666666,4.75,-0.4416666666666664,0.4416666666666664,942.7987,1141.2271,82.61,0.07,31.4379997253418,-11.133807839330496,-8.644431682614348,-8.406063858092322,-7.374061746944574,2.922559575935966e-07,-15.045632429884984,0.0,0.0,0.0,0.0,0.0,0.0,0.0,0.0,1.0,0.0,0.0,33.11600112915039,293.1475830078125
2025-10-07,14.9,2025-10-04,14.8,3.1,0.1000000000000014,0.1000000000000014,944.3444,1141.2271,82.75,0.14,31.4379997253418,-11.133807839330496,-8.644431682614348,-8.406063858092322,-7.374061746944574,2.922559575935966e-07,-15.045632429884984,0.0,0.0,0.0,0.0,0.0,0.0,0.0,0.0,1.0,0.0,0.0,33.24599838256836,139.05831909179688
2025-10-08,14.8,2025-10-05,15.11875,3.1999999999999997,-0.3187499999999996,0.3187499999999996,945.7642,1141.1118,82.88,0.12,31.4379997253418,-11.133807839330496,-8.644431682614348,-8.406063858092322,-7.374061746944574,2.922559575935966e-07,-15.045632429884984,0.0,0.0,0.0,0.0,0.0,0.0,0.0,0.0,1.0,0.0,0.0,32.70000076293945,64.23261260986328
2025-10-09,14.45,2025-10-06,14.511458333333334,3.5500000000000007,-0.0614583333333342,0.0614583333333342,945.8675,1141.1618,82.89,0.01,33.11600112915039,-15.045632429884984,-8.708248795820799,-8.429314993283642,-8.611866670339754,0.0027039209401771,-5.913052358959179,0.0,0.0,0.0,0.0,0.0,0.0,0.0,0.0,1.0,0.0,0.0,32.362998962402344,190.01344299316406
2025-10-10,14.35,2025-10-07,14.616666666666667,3.65,-0.2666666666666675,0.2666666666666675,945.6054,1141.1618,82.86,-0.02,33.24599838256836,-5.913052358959179,-7.372035327009795,-7.994401209026941,-8.516697006527435,1.534936910299445e-05,-11.084436120408592,0.0,0.0,0.0,0.0,0.0,0.0,0.0,0.0,1.0,0.0,0.0,32.16999816894531,163.92086791992188
2025-10-13,14.3,2025-10-10,15.04375,3.6999999999999993,-0.7437499999999986,0.7437499999999986,945.7986,1141.1617,82.88,0.06,32.16999816894531,-9.13973380938502,-7.385439792103265,-8.130290457309203,-8.346530900078294,3.577808558321232e-05,-10.238174958585535,0.0,0.0,0.0,0.0,0.0,0.0,0.0,0.0,1.0,0.0,0.0,31.475000381469727,184.0315399169922
2025-10-14,13.6,2025-10-11,14.313541666666667,4.399999999999999,-0.7135416666666661,0.7135416666666661,947.5078,1141.1617,83.03,0.15,32.16999816894531,-9.13973380938502,-7.385439792103265,-8.130290457309203,-8.346530900078294,3.577808558321232e-05,-10.238174958585535,0.0,0.0,0.0,0.0,0.0,0.0,0.0,0.0,1.0,0.0,0.0,31.801000595092773,135.20684814453125
2025-10-15,13.8,2025-10-12,13.31875,4.199999999999999,0.481250000000001,0.481250000000001,948.8615,1141.1617,83.15,0.12,32.16999816894531,-9.13973380938502,-7.385439792103265,-8.130290457309203,-8.346530900078294,3.577808558321232e-05,-10.238174958585535,0.0,0.0,0.0,0.0,0.0,0.0,0.0,0.0,1.0,0.0,0.0,31.826000213623047,96.5763168334961
2025-10-16,13.125,2025-10-13,12.567708333333334,4.875,0.5572916666666661,0.5572916666666661,948.2454,1141.1617,83.09,-0.05,31.475000381469727,-10.238174958585535,-7.374061746944574,-8.129930656026708,-8.85274194737908,0.0004770158393863,-7.647960859270156,0.0,0.0,0.0,0.0,0.0,0.0,0.0,0.0,1.0,0.0,0.0,32.37799835205078,198.07106018066406
2025-10-17,12.825,2025-10-14,12.897916666666667,5.175000000000001,-0.0729166666666678,0.0729166666666678,947.5837,1141.1617,83.04,-0.06,31.801000595092773,-7.647960859270156,-8.611866670339754,-8.148502891355067,-8.719659852410347,0.000106175764732,-9.150414669810468,0.0,0.0,0.0,0.0,0.0,0.0,0.0,0.0,1.0,0.0,0.0,31.81599998474121,202.95819091796875
2025-10-20,14.225,2025-10-17,13.929166666666667,3.775,0.2958333333333325,0.2958333333333325,944.4181,1141.3367,82.75,-0.05,31.81599998474121,-8.126208548824899,-8.605724597371788,-8.145607086384597,-8.480558981481327,0.0003065938488332,-8.089986650979956,0.0,0.0,0.0,0.0,0.0,0.0,0.0,0.0,1.0,0.0,0.0,31.73900032043457,133.89991760253906
2025-10-21,14.15,2025-10-18,13.614583333333334,3.8500000000000014,0.5354166666666647,0.5354166666666647,944.8355,1141.3367,82.78,0.04,31.81599998474121,-8.126208548824899,-8.605724597371788,-8.145607086384597,-8.480558981481327,0.0003065938488332,-8.089986650979956,0.0,0.0,0.0,0.0,0.0,0.0,0.0,0.0,1.0,0.0,0.0,32.20000076293945,114.5556640625
2025-10-22,13.4,2025-10-19,13.326041666666669,4.6,0.0739583333333335,0.0739583333333335,945.4364,1141.3367,82.84,0.05,31.81599998474121,-8.126208548824899,-8.605724597371788,-8.145607086384597,-8.480558981481327,0.0003065938488332,-8.089986650979956,0.0,0.0,0.0,0.0,0.0,0.0,0.0,0.0,1.0,0.0,0.0,31.76799964904785,103.2244873046875
2025-10-23,12.5,2025-10-20,11.702083333333334,5.5,0.7979166666666657,0.7979166666666657,945.3056,1141.3367,82.82,-0.01,31.73900032043457,-8.089986650979956,-8.346530900078294,-8.099412053542183,-8.17439533881578,5.871358916242873e-06,-12.045424278683084,0.0,0.0,0.0,0.0,0.0,0.0,0.0,0.0,1.0,0.0,0.0,32.45399856567383,161.07623291015625
2025-10-24,10.1,2025-10-21,9.771875,7.9,0.3281249999999982,0.3281249999999982,945.19,1141.3208,82.82,-0.01,32.20000076293945,-12.045424278683084,-8.85274194737908,-8.14198245772243,-8.32667602159143,0.0002079438273009,-8.47824257098015,0.0,0.0,0.0,0.0,0.0,0.0,0.0,0.0,1.0,0.0,0.0,32.01599884033203,177.1075897216797
2025-10-27,10.425,2025-10-24,10.010416666666666,7.574999999999999,0.4145833333333346,0.4145833333333346,945.7411,1141.3208,82.86,0.01,32.01599884033203,-7.692079635072473,-8.369397612363816,-8.130261789634023,-8.323827605180892,0.000184631469425,-8.597148771416274,0.0,0.0,0.0,0.0,0.0,0.0,0.0,0.0,1.0,0.0,0.0,31.399999618530277,158.6478729248047
2025-10-28,12.025,2025-10-25,10.471875,5.975000000000001,1.553124999999998,1.553124999999998,946.1085,1142.8285,82.79,0.03,32.01599884033203,-7.692079635072473,-8.369397612363816,-8.130261789634023,-8.323827605180892,0.000184631469425,-8.597148771416274,0.0,0.0,0.0,0.0,0.0,0.0,0.0,0.0,1.0,0.0,0.0,31.49399948120117,108.35501861572266
2025-10-29,12.3,2025-10-26,11.478125,5.699999999999999,0.8218750000000004,0.8218750000000004,946.2501,1141.3208,82.91,0.01,32.01599884033203,-7.692079635072473,-8.369397612363816,-8.130261789634023,-8.323827605180892,0.000184631469425,-8.597148771416274,0.0,0.0,0.0,0.0,0.0,0.0,0.0,0.0,1.0,0.0,0.0,31.86899948120117,124.46063232421875
2025-10-30,11.15,2025-10-27,11.714583333333334,6.85,-0.5645833333333332,0.5645833333333332,945.6729,1141.3208,82.86,-0.05,31.399999618530277,-8.597148771416274,-8.480558981481327,-8.121452518064942,-8.315275244198629,0.0003774417773768,-7.882094230634959,0.0,0.0,0.0,0.0,0.0,0.0,0.0,0.0,1.0,0.0,0.0,31.04800033569336,163.14573669433594
2025-10-31,12.05,2025-10-28,13.358333333333333,5.949999999999999,-1.3083333333333318,1.3083333333333318,945.6908,1141.7058,82.83,0.0,31.49399948120117,-7.882094230634959,-8.17439533881578,-8.108968811807127,-7.902118488246307,8.935043188794087e-06,-11.625529463780994,0.0,0.0,0.0,0.0,0.0,0.0,0.0,0.0,1.0,0.0,0.0,31.121999740600582,129.3971710205078
2025-11-03,11.125,2025-10-31,10.597916666666666,6.875,0.5270833333333336,0.5270833333333336,945.82,1141.9858,82.82,0.02,31.121999740600582,-7.291691322507083,-8.18624279185028,-8.113485915371086,-7.965816649213041,5.667024890507848e-06,-12.080846112142822,0.0,0.0,0.0,0.0,0.0,0.0,0.0,0.0,1.0,0.0,0.0,31.74099922180176,158.78424072265625
2025-11-04,13.3,2025-11-01,12.664583333333333,4.699999999999999,0.6354166666666679,0.6354166666666679,945.6996,1141.9695,82.81,-0.01,31.121999740600582,-7.291691322507083,-8.18624279185028,-8.113485915371086,-7.965816649213041,5.667024890507848e-06,-12.080846112142822,0.0,0.0,0.0,0.0,0.0,0.0,0.0,0.0,1.0,0.0,0.0,32.55099868774414,64.5305404663086
2025-11-05,13.625,2025-11-02,13.436458333333333,4.375,0.1885416666666675,0.1885416666666675,946.7112,1141.9695,82.9,0.09,31.121999740600582,-7.291691322507083,-8.18624279185028,-8.113485915371086,-7.965816649213041,5.667024890507848e-06,-12.080846112142822,0.0,0.0,0.0,0.0,0.0,0.0,0.0,0.0,1.0,0.0,0.0,31.819000244140625,57.25425338745117
2025-11-06,11.925,2025-11-03,12.151041666666668,6.074999999999999,-0.2260416666666671,0.2260416666666671,948.0577,1141.9695,83.02,0.12,31.74099922180176,-12.080846112142822,-8.323827605180892,-8.113516477342538,-8.205884658562976,0.0003878630816374,-7.854858160418145,0.0,0.0,0.0,0.0,0.0,0.0,0.0,0.0,0.0,1.0,0.0,31.54800033569336,236.6119842529297
2025-11-07,11.375,2025-11-04,11.460416666666667,6.625,-0.0854166666666671,0.0854166666666671,948.0877,1141.9695,83.02,0.0,32.55099868774414,-7.854858160418145,-8.315275244198629,-8.058408469437262,-8.8302305575556,0.0006349822310227,-7.361913540529592,0.0,0.0,0.0,0.0,0.0,0.0,0.0,0.0,0.0,1.0,0.0,31.201000213623047,107.0601806640625
2025-11-10,9.55,2025-11-07,10.172916666666666,8.45,-0.622916666666665,0.622916666666665,944.2237,1141.9695,82.68,-0.15,31.201000213623047,-9.522853484404967,-8.03539514511578,-8.300003621289644,-8.572103280714078,0.0001223247888629,-9.00883083864943,0.0,0.0,0.0,0.0,0.0,0.0,0.0,0.0,0.0,1.0,0.0,31.07099914550781,99.21167755126953
2025-11-11,10.75,2025-11-08,10.834375,7.25,-0.0843749999999996,0.0843749999999996,943.4301,1141.9695,82.61,-0.07,31.201000213623047,-9.522853484404967,-8.03539514511578,-8.300003621289644,-8.572103280714078,0.0001223247888629,-9.00883083864943,0.0,0.0,0.0,0.0,0.0,0.0,0.0,0.0,0.0,1.0,0.0,31.101999282836918,64.21778869628906
2025-11-12,12.275,2025-11-09,12.452083333333334,5.725000000000001,-0.1770833333333357,0.1770833333333357,942.7029,1141.9695,82.55,-0.06,31.201000213623047,-9.522853484404967,-8.03539514511578,-8.300003621289644,-8.572103280714078,0.0001223247888629,-9.00883083864943,0.0,0.0,0.0,0.0,0.0,0.0,0.0,0.0,0.0,1.0,0.0,30.933000564575195,24.720653533935547
2025-11-13,13.775,2025-11-10,13.621875,4.225,0.153125000000001,0.153125000000001,940.8306,1141.9695,82.39,-0.16,31.07099914550781,-9.00883083864943,-7.965816649213041,-8.328177336927409,-8.560221919300872,1.7432893409378977e-05,-10.957151653160736,0.0,0.0,0.0,0.0,0.0,0.0,0.0,0.0,0.0,1.0,0.0,30.45800018310547,105.160888671875
2025-11-14,13.7,2025-11-11,12.439583333333331,4.300000000000001,1.260416666666666,1.260416666666666,939.863,1141.9695,82.3,-0.08,31.101999282836918,-10.957151653160736,-8.205884658562976,-8.345231655237376,-8.484348845193756,9.94451651763456e-07,-13.821073349877832,0.0,0.0,0.0,0.0,0.0,0.0,0.0,0.0,0.0,1.0,0.0,31.25,104.4241943359375
2025-11-17,7.0,2025-11-14,6.961458333333333,11.0,0.0385416666666671,0.0385416666666671,936.8021,1141.9695,82.03,-0.08,31.25,-8.337071580437712,-9.40900844474602,-8.414315626923166,-7.977120285473572,0.0006589840550807,-7.324811217865532,0.0,0.0,0.0,0.0,0.0,0.0,0.0,0.0,0.0,1.0,0.0,31.417999267578125,81.85916900634766
2025-11-18,5.425,2025-11-15,5.716666666666667,12.575,-0.2916666666666669,0.2916666666666669,936.1688,1141.9695,81.98,-0.06,31.25,-8.337071580437712,-9.40900844474602,-8.414315626923166,-7.977120285473572,0.0006589840550807,-7.324811217865532,0.0,0.0,0.0,0.0,0.0,0.0,0.0,0.0,0.0,1.0,0.0,31.694000244140625,76.27622985839844
2025-11-19,5.375,2025-11-16,4.378125000000001,12.625,0.9968749999999992,0.9968749999999992,935.1818,1141.9695,81.89,-0.09,31.25,-8.337071580437712,-9.40900844474602,-8.414315626923166,-7.977120285473572,0.0006589840550807,-7.324811217865532,0.0,0.0,0.0,0.0,0.0,0.0,0.0,0.0,0.0,1.0,0.0,30.940000534057617,79.62903594970703
2025-11-20,3.675,2025-11-17,3.7125,14.325,-0.0375,0.0375,932.1093,1141.9695,81.62,-0.27,31.417999267578125,-7.324811217865532,-8.572103280714078,-8.287682386986617,-7.86809704762052,2.874651418028229e-05,-10.456994009188191,0.0,0.0,0.0,0.0,0.0,0.0,0.0,0.0,0.0,1.0,0.0,31.15900039672852,111.8166275024414
2025-11-21,2.4,2025-11-18,3.298958333333333,15.6,-0.8989583333333333,0.8989583333333333,926.8668,1141.9695,81.16,-0.46,31.694000244140625,-10.456994009188191,-8.560221919300872,-8.337110697612966,-7.830873219790738,7.650025567281142e-05,-9.478216461937263,0.0,0.0,0.0,0.0,0.0,0.0,0.0,0.0,0.0,1.0,0.0,30.197999954223636,81.25166320800781
2025-11-24,5.65,2025-11-21,5.520833333333333,12.35,0.1291666666666673,0.1291666666666673,908.2727,1141.9695,79.54,-0.6,30.197999954223636,-9.908525481303768,-8.185225943685925,-8.302492716535347,-8.366581544501745,0.0009814088282333,-6.926521437779433,0.0,0.0,0.0,0.0,0.0,0.0,0.0,0.0,0.0,1.0,0.0,29.746999740600582,163.00860595703125
2025-11-25,5.675,2025-11-22,5.755208333333333,12.325,-0.0802083333333332,0.0802083333333332,902.917,1141.9695,79.07,-0.47,30.197999954223636,-9.908525481303768,-8.185225943685925,-8.302492716535347,-8.366581544501745,0.0009814088282333,-6.926521437779433,0.0,0.0,0.0,0.0,0.0,0.0,0.0,0.0,0.0,1.0,0.0,29.38599967956543,38.45435333251953
2025-11-26,4.875,2025-11-23,4.95,13.125,-0.0750000000000001,0.0750000000000001,897.9167,1141.9695,78.63,-0.44,30.197999954223636,-9.908525481303768,-8.185225943685925,-8.302492716535347,-8.366581544501745,0.0009814088282333,-6.926521437779433,0.0,0.0,0.0,0.0,0.0,0.0,0.0,0.0,0.0,1.0,0.0,29.368000030517575,113.11206817626953
2025-11-28,8.125,2025-11-25,6.117708333333333,9.875,2.007291666666667,2.007291666666667,885.2277,1141.9695,77.52,-0.56,29.38599967956543,-8.39309776926497,-7.86809704762052,-8.203257864693375,-8.6710839157494,0.000149082104921,-8.811013357339244,0.0,0.0,0.0,0.0,0.0,0.0,0.0,0.0,0.0,1.0,0.0,28.816999435424805,188.14927673339844
2025-12-01,5.65,2025-11-28,5.016666666666667,12.35,0.6333333333333329,0.6333333333333329,867.2126,1141.9695,75.94,-0.46,28.816999435424805,-14.795227411597423,-8.175705077750589,-8.274227477643716,-7.739306102169654,0.0003587302688482,-7.932939789341553,0.0,0.0,0.0,0.0,0.0,0.0,0.0,0.0,0.0,1.0,0.0,28.226999282836918,151.36514282226562
2025-12-02,6.775,2025-11-29,5.340624999999999,11.225,1.434375000000001,1.434375000000001,863.5209,1141.9695,75.62,-0.32,28.816999435424805,-14.795227411597423,-8.175705077750589,-8.274227477643716,-7.739306102169654,0.0003587302688482,-7.932939789341553,0.0,0.0,0.0,0.0,0.0,0.0,0.0,0.0,0.0,1.0,0.0,28.049999237060547,93.311767578125
2025-12-03,6.0,2025-11-30,6.192708333333333,12.0,-0.192708333333333,0.192708333333333,858.8652,1141.9695,75.21,-0.41,28.816999435424805,-14.795227411597423,-8.175705077750589,-8.274227477643716,-7.739306102169654,0.0003587302688482,-7.932939789341553,0.0,0.0,0.0,0.0,0.0,0.0,0.0,0.0,0.0,1.0,0.0,28.20599937438965,77.03646087646484
2025-12-04,5.4750000000000005,2025-12-01,5.671875,12.525,-0.1968749999999994,0.1968749999999994,854.0887,1141.9695,74.79,-0.42,28.226999282836918,-7.932939789341553,-7.977184718695715,-8.213743221358929,-7.843286121779824,0.0004279325191706,-7.756545037965284,0.0,0.0,0.0,0.0,0.0,0.0,0.0,0.0,0.0,0.0,1.0,27.08799934387207,149.9516143798828
2025-12-05,4.85,2025-12-02,5.185416666666667,13.15,-0.3354166666666671,0.3354166666666671,848.0658,1141.9695,74.26,-0.53,28.049999237060547,-7.756545037965284,-8.366581544501745,-8.16657955199272,-7.625462000927911,3.956833348843896e-05,-10.137481393712074,0.0,0.0,0.0,0.0,0.0,0.0,0.0,0.0,0.0,0.0,1.0,27.266000747680664,110.011474609375
2025-12-08,13.025,2025-12-05,12.35625,4.975,0.6687500000000011,0.6687500000000011,829.1842,1142.6223,72.57,-0.51,27.266000747680664,-6.415679002803651,-7.603827064918465,-8.070315547697332,-7.450866101141777,4.289897639463875e-05,-10.056662569269216,0.0,0.0,0.0,0.0,0.0,0.0,0.0,0.0,0.0,0.0,1.0,26.871000289916992,150.29798889160156
2025-12-09,11.9,2025-12-06,11.813541666666667,6.1,0.0864583333333328,0.0864583333333328,825.7073,1142.6223,72.26,-0.3,27.266000747680664,-6.415679002803651,-7.603827064918465,-8.070315547697332,-7.450866101141777,4.289897639463875e-05,-10.056662569269216,0.0,0.0,0.0,0.0,0.0,0.0,0.0,0.0,0.0,0.0,1.0,27.48900032043457,82.40218353271484
2025-12-10,11.25,2025-12-07,11.116666666666667,6.75,0.1333333333333328,0.1333333333333328,823.0926,1142.6223,72.04,-0.23,27.266000747680664,-6.415679002803651,-7.603827064918465,-8.070315547697332,-7.450866101141777,4.289897639463875e-05,-10.056662569269216,0.0,0.0,0.0,0.0,0.0,0.0,0.0,0.0,0.0,0.0,1.0,26.601999282836918,40.895896911621094
2025-12-11,8.525,2025-12-08,8.931249999999999,9.475,-0.4062499999999982,0.4062499999999982,820.2888,1142.6223,71.79,-0.25,26.871000289916992,-10.056662569269216,-7.739306102169654,-8.160317235846202,-7.4947090210374,0.0002129522411184,-8.454442632801388,0.0,0.0,0.0,0.0,0.0,0.0,0.0,0.0,0.0,0.0,1.0,26.80500030517578,110.63585662841797
2025-12-12,8.375,2025-12-09,8.171875,9.625,0.203125,0.203125,817.2467,1142.6223,71.52,-0.27,27.48900032043457,-8.454442632801388,-7.843286121779824,-8.209939081768349,-7.466969661113598,0.0005170297119582,-7.56741021323448,0.0,0.0,0.0,0.0,0.0,0.0,0.0,0.0,0.0,0.0,1.0,27.68400001525879,104.47801208496094
2025-12-15,7.0,2025-12-12,7.305208333333333,11.0,-0.3052083333333328,0.3052083333333328,804.3106,1142.6223,70.39,-0.45,27.68400001525879,-9.758668148894357,-7.871932607514076,-7.994573586678261,-8.039983350054023,0.0010411064276942,-6.86747125759698,0.0,0.0,0.0,0.0,0.0,0.0,0.0,0.0,0.0,0.0,1.0,27.424999237060547,175.30010986328125
2025-12-16,8.325,2025-12-13,8.664583333333333,9.675,-0.3395833333333335,0.3395833333333335,800.2998,1142.6223,70.04,-0.35,27.68400001525879,-9.758668148894357,-7.871932607514076,-7.994573586678261,-8.039983350054023,0.0010411064276942,-6.86747125759698,0.0,0.0,0.0,0.0,0.0,0.0,0.0,0.0,0.0,0.0,1.0,26.763999938964844,75.28562927246094
2025-12-17,7.575,2025-12-14,7.879166666666666,10.425,-0.3041666666666662,0.3041666666666662,796.7007,1142.6223,69.73,-0.31,27.68400001525879,-9.758668148894357,-7.871932607514076,-7.994573586678261,-8.039983350054023,0.0010411064276942,-6.86747125759698,0.0,0.0,0.0,0.0,0.0,0.0,0.0,0.0,0.0,0.0,1.0,27.35700035095215,185.31846618652344
2025-12-18,9.525,2025-12-15,9.49375,8.475,0.0312500000000017,0.0312500000000017,791.2735,1142.6223,69.25,-0.47,27.424999237060547,-6.86747125759698,-7.450866101141777,-7.863395777594219,-7.923110066291123,8.835344246779576e-05,-9.334165384657624,0.0,0.0,0.0,0.0,0.0,0.0,0.0,0.0,0.0,0.0,1.0,27.652000427246094,202.24098205566406
2025-12-19,9.7,2025-12-16,8.727083333333333,8.3,0.9729166666666664,0.9729166666666664,784.2598,1142.6223,68.64,-0.61,26.763999938964844,-9.334165384657624,-7.4947090210374,-7.856485419308482,-8.319343254136948,0.0005952272568622,-7.426567279354504,0.0,0.0,0.0,0.0,0.0,0.0,0.0,0.0,0.0,0.0,1.0,28.160999298095703,145.1220245361328
2025-12-22,6.574999999999999,2025-12-19,6.758333333333333,11.425,-0.1833333333333335,0.1833333333333335,771.4063,1142.6223,67.51,-0.34,28.160999298095703,-9.070239429900354,-7.67563356205444,-7.826044237595476,-8.87343056702661,0.0003326955412336,-8.008282773786307,0.0,0.0,0.0,0.0,0.0,0.0,0.0,0.0,0.0,0.0,1.0,27.687000274658203,100.20222473144531
2025-12-23,4.6,2025-12-20,4.539583333333334,13.4,0.0604166666666659,0.0604166666666659,767.4224,1142.6223,67.16,-0.35,28.160999298095703,-9.070239429900354,-7.67563356205444,-7.826044237595476,-8.87343056702661,0.0003326955412336,-8.008282773786307,0.0,0.0,0.0,0.0,0.0,0.0,0.0,0.0,0.0,0.0,1.0,27.73200035095215,105.53312683105469
2025-12-24,1.875,2025-12-21,1.5875,16.125,0.2875000000000001,0.2875000000000001,764.2556,1142.6223,66.89,-0.28,28.160999298095703,-9.070239429900354,-7.67563356205444,-7.826044237595476,-8.87343056702661,0.0003326955412336,-8.008282773786307,0.0,0.0,0.0,0.0,0.0,0.0,0.0,0.0,0.0,0.0,1.0,28.09499931335449,113.11206817626953
