date,price,month_2,month_3,month_4,month_5,month_6,month_7,month_8,month_9,month_10,month_11,month_12,daily_return,daily_rv,log_daily_rv,log_vol_lag1,log_vol_lag5,log_vol_lag22,future_log_vol_5d
2022-01-03,80.43399810791016,0,0,0,0,0,0,0,0,0,0,0,,,,,,,-5.370024065059361
2022-01-04,88.74099731445312,0,0,0,0,0,0,0,0,0,0,0,0.09828503565723516,0.009659948234143987,-4.639766989452815,,,,-5.584286874826414
2022-01-05,91.52200317382812,0,0,0,0,0,0,0,0,0,0,0,0.030857430717988105,0.0009521810305154359,-6.9567553820959995,-4.639766989452815,,,-5.521504091719667
2022-01-06,96.50199890136719,0,0,0,0,0,0,0,0,0,0,0,0.052984306916341345,0.002807336779405057,-5.8755190100301,-6.9567553820959995,,,-4.999404495664084
2022-01-07,88.17400360107422,0,0,0,0,0,0,0,0,0,0,0,-0.0902515463189374,0.008145341612959303,-4.810309096253409,-5.8755190100301,,,-5.264061617105303
2022-01-10,84.60700225830078,0,0,0,0,0,0,0,0,0,0,0,-0.041295143617616346,0.00170528888639956,-6.374020747174256,-4.810309096253409,,,-4.958899896865891
2022-01-11,78.73600006103516,0,0,0,0,0,0,0,0,0,0,0,-0.07191654729884979,0.005171989775387699,-5.264497794797663,-6.374020747174256,-5.370024065059361,,-5.077049931160358
2022-01-12,75.15299987792969,0,0,0,0,0,0,0,0,0,0,0,-0.046574450961224714,0.0021691794823395258,-6.1334063012112265,-5.264497794797663,-5.584286874826414,,-5.148166196706416
2022-01-13,85.45999908447266,0,0,0,0,0,0,0,0,0,0,0,0.12852238556535953,0.016518003591410934,-4.1033043661090165,-6.1334063012112265,-5.521504091719667,,-5.81358014191419
2022-01-14,86.97000122070312,0,0,0,0,0,0,0,0,0,0,0,0.01751482613463937,0.0003067691345266463,-8.089415094813939,-4.1033043661090165,-4.999404495664084,,-4.795654213377222
2022-01-18,78.33399963378906,0,0,0,0,0,0,0,0,0,0,0,-0.10458151423444567,0.010937293119569563,-4.515576942168072,-8.089415094813939,-5.264061617105303,,-5.101778205354629
2022-01-19,75.60199737548828,0,0,0,0,0,0,0,0,0,0,0,-0.03549902825596979,0.0012601810071181416,-6.676499911099842,-4.515576942168072,-4.958899896865891,,-5.132000124219711
2022-01-20,75.2030029296875,0,0,0,0,0,0,0,0,0,0,0,-0.005291540413026918,2.8000399942697087e-05,-10.483291728509553,-6.676499911099842,-5.077049931160358,,-5.132088234874515
2022-01-21,78.9800033569336,0,0,0,0,0,0,0,0,0,0,0,0.04900353562795136,0.0024013465040398983,-6.031725655187825,-10.483291728509553,-5.148166196706416,,-5.216683298820925
2022-01-24,93.0,0,0,0,0,0,0,0,0,0,0,0,0.16340479479116274,0.026701126960742005,-3.6230495061617347,-6.031725655187825,-5.81358014191419,,-6.512040348479225
2022-01-25,93.58200073242188,0,0,0,0,0,0,0,0,0,0,0,0.00623857197101252,3.8919780237503036e-05,-10.154007921486958,-3.6230495061617347,-4.795654213377222,,-5.594357626442561
2022-01-26,91.83699798583984,0,0,0,0,0,0,0,0,0,0,0,-0.01882282052367099,0.0003542985724663298,-7.945370572444928,-10.154007921486958,-5.101778205354629,,-5.600635368368908
2022-01-27,92.3010025024414,0,0,0,0,0,0,0,0,0,0,0,0.005039758197452396,2.539916268878862e-05,-10.580794310120087,-7.945370572444928,-5.132000124219711,,-5.532457563496262
2022-01-28,92.06199645996094,0,0,0,0,0,0,0,0,0,0,0,-0.0025927781357293267,6.7224984611160425e-06,-11.910050528964637,-10.580794310120087,-5.132088234874515,,-5.488785360570392
2022-01-31,84.6719970703125,0,0,0,0,0,0,0,0,0,0,0,-0.08367729077025961,0.007001888990650574,-4.961575310381309,-11.910050528964637,-5.216683298820925,,-5.803639381331681
2022-02-01,76.16699981689453,1,0,0,0,0,0,0,0,0,0,0,-0.10585663827187287,0.01120562786622214,-4.4913391387411465,-4.961575310381309,-6.512040348479225,,-6.962603666162987
2022-02-02,77.35099792480469,1,0,0,0,0,0,0,0,0,0,0,0.015425182735246474,0.00023793626241574588,-8.343507720932006,-4.4913391387411465,-5.594357626442561,,-6.735494875422892
2022-02-03,80.2229995727539,1,0,0,0,0,0,0,0,0,0,0,0.036456773119301074,0.0013290963062721933,-6.6232560359080175,-8.343507720932006,-5.600635368368908,,-6.988622708393357
2022-02-04,82.6520004272461,1,0,0,0,0,0,0,0,0,0,0,0.029828776095839064,0.0008897558833757,-7.024563420080022,-6.6232560359080175,-5.532457563496262,-5.307781318069048,-6.837862088397115
2022-02-07,79.59500122070312,1,0,0,0,0,0,0,0,0,0,0,-0.03768773542704599,0.0014203654016190174,-6.556841114683529,-7.024563420080022,-5.488785360570392,-5.391692583309911,-6.771390325376466
2022-02-08,77.30000305175781,1,0,0,0,0,0,0,0,0,0,0,-0.02925729707075088,0.0008559894318861679,-7.0632525266578785,-6.556841114683529,-5.803639381331681,-5.3870306736415765,-5.435501937141539
2022-02-09,74.41699981689453,1,0,0,0,0,0,0,0,0,0,0,-0.03800958717152931,0.0014447287169500854,-6.539833713485656,-7.0632525266578785,-6.962603666162987,-5.406606199355311,-5.491623666117377
2022-02-10,74.35299682617188,1,0,0,0,0,0,0,0,0,0,0,-0.0008604287976810965,7.403377158789373e-07,-14.116158031311217,-6.539833713485656,-6.735494875422892,-5.4769014680820405,-5.274031196371157
2022-02-11,77.4260025024414,1,0,0,0,0,0,0,0,0,0,0,0.04049869471761352,0.001640144273830457,-6.412971068557784,-14.116158031311217,-6.988622708393357,-5.495600924752363,-5.330237315361621
2022-02-14,80.77100372314453,1,0,0,0,0,0,0,0,0,0,0,0.042295362485914575,0.00178889768781491,-6.326155665126735,-6.412971068557784,-6.837862088397115,-5.53549629886973,-5.163977233095225
2022-02-15,70.91899871826172,1,0,0,0,0,0,0,0,0,0,0,-0.1300796736685819,0.01692072150172476,-4.079216283708195,-6.326155665126735,-6.771390325376466,-5.539888393951094,-5.36688442502232
2022-02-16,69.79499816894531,1,0,0,0,0,0,0,0,0,0,0,-0.01597601490854701,0.00025523305235811627,-8.273333495452201,-4.079216283708195,-5.435501937141539,-5.5352377727965605,-3.2520246315619614
2022-02-17,74.91400146484375,1,0,0,0,0,0,0,0,0,0,0,0.07077846076813084,0.0050095905087058365,-5.29640110181547,-8.273333495452201,-5.491623666117377,-5.535831710513707,-2.7720449435110095
2022-02-18,73.76200103759766,1,0,0,0,0,0,0,0,0,0,0,-0.015497100583069408,0.0002401601264817702,-8.3342046592591,-5.29640110181547,-5.274031196371157,-5.606613967291486,-2.766845004421275
2022-02-22,79.78900146484375,1,0,0,0,0,0,0,0,0,0,0,0.07854196078673296,0.006168839604224699,-5.088244529218321,-8.3342046592591,-5.330237315361621,-5.619315704326258,-2.6525177885788978
2022-02-23,88.89099884033203,1,0,0,0,0,0,0,0,0,0,0,0.10802521830196504,0.011669447789187203,-4.450781152553265,-5.088244529218321,-5.163977233095225,-5.545177101755156,-2.440717085932276
2022-02-24,134.3159942626953,1,0,0,0,0,0,0,0,0,0,0,0.4127843029764279,0.1703908807837354,-1.7696601825404876,-4.450781152553265,-5.36688442502232,-5.442758645884324,-2.93393101534133
2022-02-25,94.4219970703125,1,0,0,0,0,0,0,0,0,0,0,-0.35242112416096644,0.12420064875487932,-2.0858568860191116,-1.7696601825404876,-3.2520246315619614,-4.522771997738954,-3.357243898962723
2022-02-28,98.59500122070312,1,0,0,0,0,0,0,0,0,0,0,0.043246496945445474,0.0018702594980524248,-6.281678088196493,-2.0858568860191116,-2.7720449435110095,-4.10423757288804,-3.2205334960675374
2022-03-01,121.67400360107422,0,1,0,0,0,0,0,0,0,0,0,0.21032480390203434,0.0442365231364292,-3.1182045157825895,-6.281678088196493,-2.766845004421275,-4.100070722353202,-3.4500988782178874
2022-03-02,165.54299926757812,0,1,0,0,0,0,0,0,0,0,0,0.30788560871016624,0.0947935480508296,-2.3560539305622514,-3.1182045157825895,-2.6525177885788978,-3.985610347732779,-3.4053067232775236
2022-03-03,160.822998046875,0,1,0,0,0,0,0,0,0,0,0,-0.028926606179165298,0.000836748545044524,-7.085986955496668,-2.3560539305622514,-2.440717085932276,-3.7770729695790735,-3.1743968969740797
2022-03-04,192.5500030517578,0,1,0,0,0,0,0,0,0,0,0,0.18005150691241995,0.032418545141433205,-3.4290246389920456,-7.085986955496668,-2.93393101534133,-3.7893913724489163,-3.334936051439157
2022-03-07,227.2010040283203,0,1,0,0,0,0,0,0,0,0,0,0.1654792298658773,0.027383375517003854,-3.597819182644583,-3.4290246389920456,-3.357243898962723,-3.7476286068714826,-3.3858452067458753
2022-03-08,214.5540008544922,0,1,0,0,0,0,0,0,0,0,0,-0.05727364705677561,0.0032802706471841015,-5.71982934529996,-3.597819182644583,-3.2205334960675374,-3.6966106445864844,-3.40503409838725
2022-03-09,155.8800048828125,0,1,0,0,0,0,0,0,0,0,0,-0.3194749471245064,0.10206424184020617,-2.282152841979876,-5.71982934529996,-3.4500988782178874,-3.6930418970496643,-4.162886943336166
2022-03-10,126.39900207519531,0,1,0,0,0,0,0,0,0,0,0,-0.20964292508781265,0.04395015603937423,-3.124699104450559,-2.282152841979876,-3.4053067232775236,-3.523534675067315,-4.978379224260592
2022-03-11,131.22900390625,0,1,0,0,0,0,0,0,0,0,0,0.037500331730163684,0.0014062748798723212,-6.566810999103303,-3.124699104450559,-3.1743968969740797,-3.460050725352411,-5.020080812427804
2022-03-14,114.52200317382812,0,1,0,0,0,0,0,0,0,0,0,-0.1361769464475267,0.018544160743772554,-3.98760032413216,-6.566810999103303,-3.334936051439157,-3.459255164289678,-5.424982807806083
2022-03-15,115.43900299072266,0,1,0,0,0,0,0,0,0,0,0,0.007975305837310247,6.360550319863491e-05,-9.66281054735922,-3.98760032413216,-3.3858452067458753,-3.4348443142925777,-5.399654617723604
2022-03-16,102.62300109863281,0,1,0,0,0,0,0,0,0,0,0,-0.11768018796735105,0.013848626640031076,-4.279569210757758,-9.66281054735922,-3.40503409838725,-3.43475565953167,-4.892492030482484
2022-03-17,105.08799743652344,0,1,0,0,0,0,0,0,0,0,0,0.023735980136822588,0.0005633967530556365,-7.481526463888197,-4.279569210757758,-4.162886943336166,-3.417686090873031,-4.849103738803634
2022-03-18,105.04399871826172,0,1,0,0,0,0,0,0,0,0,0,-0.00041877219756969095,1.7537015345734828e-07,-15.55636123200824,-7.481526463888197,-4.978379224260592,-3.4193864566429153,-4.633012892684399
2022-03-21,96.302001953125,0,1,0,0,0,0,0,0,0,0,0,-0.08689019049706714,0.007549905204616617,-4.886220271347493,-15.55636123200824,-5.020080812427804,-3.4431639102480585,-4.797931328969421
2022-03-22,98.74700164794922,0,1,0,0,0,0,0,0,0,0,0,0.02507193295986939,0.000628601822344185,-7.372012532962021,-4.886220271347493,-5.424982807806083,-3.432843730587791,-4.740552792409228
2022-03-23,117.0009994506836,0,1,0,0,0,0,0,0,0,0,0,0.1696214368132835,0.02877143182660273,-3.5483723345791165,-7.372012532962021,-5.399654617723604,-3.4390289763016013,-5.3564821876414666
2022-03-24,111.60800170898438,0,1,0,0,0,0,0,0,0,0,0,-0.04718972979661654,0.0022268705982776793,-6.107157997793529,-3.5483723345791165,-4.892492030482484,-3.399417606248033,-5.315613160514831
2022-03-25,101.26899719238281,0,1,0,0,0,0,0,0,0,0,0,-0.09721243229977303,0.009450256993637954,-4.661713342646485,-6.107157997793529,-4.849103738803634,-3.404797907910807,-5.167037749486044
2022-03-28,102.54499816894531,0,1,0,0,0,0,0,0,0,0,0,0.012521393791170767,0.00015678530247356982,-8.760633182287828,-4.661713342646485,-4.633012892684399,-3.407839613919202,-5.152929673625945
2022-03-29,108.38099670410156,0,1,0,0,0,0,0,0,0,0,0,0.05535105771012826,0.003063739589629949,-5.788119020718928,-8.760633182287828,-4.797931328969421,-3.6740008572001703,-5.261954446653969
2022-03-30,118.97000122070312,0,1,0,0,0,0,0,0,0,0,0,0.09321860426931554,0.008689708181919253,-4.745615921060485,-5.788119020718928,-4.740552792409228,-3.9186185728393252,-5.654579136003383
2022-03-31,125.90599822998047,0,1,0,0,0,0,0,0,0,0,0,0.05666421197798821,0.0032108329190863824,-5.741224898836035,-4.745615921060485,-5.3564821876414666,-3.9031377141901875,-5.8265926595809505
2022-04-01,112.1500015258789,0,0,1,0,0,0,0,0,0,0,0,-0.1156983081551049,0.013386098509953613,-4.313538535078292,-5.741224898836035,-5.315613160514831,-4.00010621745816,-8.182689596503113
2022-04-04,109.52300262451172,0,0,1,0,0,0,0,0,0,0,0,-0.023702677746649845,0.0005618169323615297,-7.484334502485412,-4.313538535078292,-5.167037749486044,-4.2258194467304175,-7.73625265850471
2022-04-05,108.56400299072266,0,0,1,0,0,0,0,0,0,0,0,-0.008794708445645219,7.734689664390333e-05,-9.46721008977924,-7.484334502485412,-5.152929673625945,-4.226674981826038,-7.589113935564382
2022-04-06,106.79100036621094,0,0,1,0,0,0,0,0,0,0,0,-0.01646623163810319,0.0002711367843596705,-8.212887121399872,-9.46721008977924,-5.261954446653969,-4.332794390804395,-7.368541723896773
2022-04-07,104.56400299072266,0,0,1,0,0,0,0,0,0,0,0,-0.021074304008381606,0.000444126289437689,-7.719401598054123,-8.212887121399872,-5.654579136003383,-4.4313488967430485,-6.027894312668298
2022-04-08,103.88200378417969,0,0,1,0,0,0,0,0,0,0,0,-0.006543676712036524,4.281970491164914e-05,-10.05851214284012,-7.719401598054123,-5.8265926595809505,-4.442242697704745,-6.031453308670571
2022-04-11,100.13700103759766,0,0,1,0,0,0,0,0,0,0,0,-0.036716417264987596,0.001348095296776679,-6.609062573310815,-10.05851214284012,-8.182689596503113,-4.943138892166998,-6.115266143427629
2022-04-12,102.21900177001953,0,0,1,0,0,0,0,0,0,0,0,0.020578329030759644,0.0004234676256982052,-7.767033489065087,-6.609062573310815,-7.73625265850471,-5.259920307494923,-6.152080988478134
2022-04-13,105.3239974975586,0,0,1,0,0,0,0,0,0,0,0,0.02992370185165033,0.0008954279325064614,-7.01820881596492,-7.767033489065087,-7.589113935564382,-5.2685555353953735,-5.925415171225849
2022-04-14,95.62000274658203,0,0,1,0,0,0,0,0,0,0,0,-0.09665925771663492,0.009343012102330846,-4.673126583728419,-7.01820881596492,-7.368541723896773,-5.43784830283781,-6.593993071574877
2022-04-18,95.62000274658203,0,0,1,0,0,0,0,0,0,0,0,0.0,0.0,-27.631021115928547,-4.673126583728419,-6.027894312668298,-5.345278629053168,-6.5273533629640506
2022-04-19,93.76799774169922,0,0,1,0,0,0,0,0,0,0,0,-0.019558409584923997,0.0003825313854916469,-7.868699851876796,-27.631021115928547,-6.031453308670571,-5.486784466837816,-5.618694593275296
2022-04-20,94.23100280761719,0,0,1,0,0,0,0,0,0,0,0,0.004925621951970075,2.4261751613729487e-05,-10.626609414117556,-7.868699851876796,-6.115266143427629,-5.488771679739805,-5.535162498510041
2022-04-21,100.06099700927734,0,0,1,0,0,0,0,0,0,0,0,0.060030725835790964,0.003603688044371901,-5.625797500870325,-10.626609414117556,-6.152080988478134,-5.488506808615575,-5.470039214329868
2022-04-22,94.875,0,0,1,0,0,0,0,0,0,0,0,-0.05321973440892841,0.0028323401305568787,-5.86665200741157,-5.625797500870325,-5.925415171225849,-5.532865975891345,-5.611873823171913
2022-04-25,92.83699798583984,0,0,1,0,0,0,0,0,0,0,0,-0.021714990185223333,0.0004715407987443457,-7.659504927833053,-5.86665200741157,-6.593993071574877,-5.50785173050761,-5.6050712365039495
2022-04-26,103.20800018310547,0,0,1,0,0,0,0,0,0,0,0,0.10590112566640501,0.011215048417411706,-4.4904987937288965,-7.659504927833053,-6.5273533629640506,-5.889467619912975,-6.467531601674468
2022-04-27,107.427001953125,0,0,1,0,0,0,0,0,0,0,0,0.040065194111941725,0.0016052197792275698,-6.434494597053634,-4.4904987937288965,-5.618694593275296,-5.751816756042743,-6.433882676761577
2022-04-28,100.14199829101562,0,0,1,0,0,0,0,0,0,0,0,-0.07022240363302279,0.004931185971999172,-5.3121757573835735,-6.434494597053634,-5.535162498510041,-5.870872621332081,-7.194711181405316
2022-04-29,99.44999694824219,0,0,1,0,0,0,0,0,0,0,0,-0.006934187062266936,4.808295021451016e-05,-9.942582888287673,-5.3121757573835735,-5.470039214329868,-5.796743739317463,-6.753977678479002
2022-05-02,97.0510025024414,0,0,0,1,0,0,0,0,0,0,0,-0.02441833529985894,0.0005962550988163371,-7.4248419626472115,-9.942582888287673,-5.611873823171913,-5.8429224737723535,-6.048346699868269
2022-05-03,99.4260025024414,0,0,0,1,0,0,0,0,0,0,0,0.02417703473082611,0.000584529008375572,-7.444704147187801,-7.4248419626472115,-5.6050712365039495,-5.9785602514734935,-5.882662665008276
2022-05-04,103.82099914550781,0,0,0,1,0,0,0,0,0,0,0,0.043254580133143886,0.0018709587024945658,-6.281304303823369,-7.444704147187801,-6.467531601674468,-6.026846226225082,-5.840672255512882
2022-05-05,106.50800323486328,0,0,0,1,0,0,0,0,0,0,0,0.025551875893485787,0.0006528983616761,-7.334089087546158,-6.281304303823369,-6.433882676761577,-6.271349421082694,-5.118962224565699
2022-05-06,101.70800018310547,0,0,0,1,0,0,0,0,0,0,0,-0.046114165576625434,0.0021265162668284263,-6.153270193251211,-7.334089087546158,-7.194711181405316,-6.269160932460128,-4.9034153862290255
2022-05-09,93.78700256347656,0,0,0,1,0,0,0,0,0,0,0,-0.08107968350485371,0.006573915077247247,-5.0246457216441645,-6.153270193251211,-6.753977678479002,-6.22114893344257,-5.0412285853224335
2022-05-10,98.8010025024414,0,0,0,1,0,0,0,0,0,0,0,0.05208147049844261,0.002712479569280148,-5.909892091837877,-5.0246457216441645,-6.048346699868269,-6.086456363220781,-5.1222066300254125
2022-05-11,94.01200103759766,0,0,0,1,0,0,0,0,0,0,0,-0.04968530675464217,0.0024686297073028907,-6.004092056252708,-5.909892091837877,-5.882662665008276,-6.042102094849177,-5.208095626457573
2022-05-12,106.70099639892578,0,0,0,1,0,0,0,0,0,0,0,0.12660805185226356,0.01602959879382546,-4.133318341069059,-6.004092056252708,-5.840672255512882,-5.996749688879954,-5.970437770894524
2022-05-13,96.88099670410156,0,0,0,1,0,0,0,0,0,0,0,-0.09654710936642133,0.009321344327011722,-4.675448419483425,-4.133318341069059,-5.118962224565699,-5.759032089783013,-6.9776779148832455
2022-05-16,92.86000061035156,0,0,0,1,0,0,0,0,0,0,0,-0.04239039805479796,0.0017969458472442187,-6.321666806167758,-4.675448419483425,-4.9034153862290255,-5.638384695238567,-6.764080858943416
2022-05-17,94.17500305175781,0,0,0,1,0,0,0,0,0,0,0,0.01406179681869398,0.00019773412977023216,-8.528587203486152,-6.321666806167758,-5.0412285853224335,-5.626935302199014,-6.761764949846552
2022-05-18,94.53800201416016,0,0,0,1,0,0,0,0,0,0,0,0.00384710539669293,1.4800219933263867e-05,-11.12086844938239,-8.528587203486152,-5.1222066300254125,-5.749649787041006,-6.504409126964634
2022-05-19,91.02400207519531,0,0,0,1,0,0,0,0,0,0,0,-0.03787866057335429,0.0014347929268313847,-6.546734741345765,-11.12086844938239,-5.208095626457573,-5.749438515604195,-6.624745531853929
2022-05-20,87.9020004272461,0,0,0,1,0,0,0,0,0,0,0,-0.03490066838530264,0.0012180566537408632,-6.710498596210631,-6.546734741345765,-5.970437770894524,-5.734530863085902,-6.807556884606286
2022-05-23,83.28800201416016,0,0,0,1,0,0,0,0,0,0,0,-0.05391805706579104,0.002907156877749899,-5.8405796930032645,-6.710498596210631,-6.9776779148832455,-5.717882863103188,-6.337929057124454
2022-05-24,84.50700378417969,0,0,0,1,0,0,0,0,0,0,0,0.014529910592703608,0.00021111830183196051,-8.463091904680068,-5.8405796930032645,-6.764080858943416,-5.727562589437002,-5.654594989037736
2022-05-25,88.0780029296875,0,0,0,1,0,0,0,0,0,0,0,0.041388402840476714,0.0017129998896855808,-6.369509123454762,-8.463091904680068,-6.761764949846552,-5.76485344655854,-5.735081753371941
2022-05-26,85.97100067138672,0,0,0,1,0,0,0,0,0,0,0,-0.024212780895912854,0.0005862587587134824,-7.44174929637344,-6.369509123454762,-6.504409126964634,-5.74701836179943,-5.765512420403826
2022-05-27,86.875,0,0,0,1,0,0,0,0,0,0,0,0.010460265992159759,0.00010941716462673398,-9.120342773276473,-7.44174929637344,-6.624745531853929,-5.911117372640064,-5.7697617094042295
2022-05-31,94.00399780273438,0,0,0,1,0,0,0,0,0,0,0,0.07886700729700373,0.0062200048399856395,-5.079984593937841,-9.120342773276473,-6.807556884606286,-5.936534403248554,-6.146344599353947
2022-06-01,85.5510025024414,0,0,0,0,1,0,0,0,0,0,0,-0.09422459259048313,0.008878273848842528,-4.724148127152515,-5.079984593937841,-6.337929057124454,-5.914596212370201,-7.910371417149882
2022-06-02,83.94499969482422,0,0,0,0,1,0,0,0,0,0,0,-0.018950899738540812,0.0003591366009002262,-7.931807735164439,-4.724148127152515,-5.654594989037736,-5.775991291717699,-6.739204895617578
2022-06-03,83.10099792480469,0,0,0,0,1,0,0,0,0,0,0,-0.010105108341559673,0.00010211321459465887,-9.189428403416239,-7.931807735164439,-5.735081753371941,-5.7794728983563495,-6.622623274345041
2022-06-06,82.55799865722656,0,0,0,0,1,0,0,0,0,0,0,-0.006555650142357988,4.2976548788998304e-05,-10.054855944774378,-9.189428403416239,-5.765512420403826,-5.786593839563355,-6.609929028850989
2022-06-07,79.60800170898438,0,0,0,0,1,0,0,0,0,0,0,-0.03638644858866229,0.0013239736408953637,-6.627117729599502,-10.054855944774378,-5.7697617094042295,-5.814046387059977,-5.172634448900511
2022-06-08,79.40699768066406,0,0,0,0,1,0,0,0,0,0,0,-0.002528115412374633,6.391367538286162e-06,-11.960562143759804,-6.627117729599502,-6.146344599353947,-5.80388044926573,-4.204742301518501
2022-06-09,84.87999725341797,0,0,0,0,1,0,0,0,0,0,0,0.06665196557933324,0.004442484515588623,-5.4165414832339165,-11.960562143759804,-7.910371417149882,-5.836356637337642,-4.250761029199127
2022-06-10,82.46399688720703,0,0,0,0,1,0,0,0,0,0,0,-0.02887666522465644,0.0008338617944968824,-7.08944288217089,-5.4165414832339165,-6.739204895617578,-5.870105081913957,-4.220850881726847
2022-06-13,83.4020004272461,0,0,0,0,1,0,0,0,0,0,0,0.01131049829258719,0.00012792737162661773,-8.964047856432272,-7.08944288217089,-6.622623274345041,-5.9008252590880845,-4.167688520348711
2022-06-14,97.04000091552734,0,0,0,0,1,0,0,0,0,0,0,0.15145097905508476,0.02293739905674372,-3.774986553929349,-8.964047856432272,-6.609929028850989,-5.940471310944098,-4.515965321061199
2022-06-15,120.33200073242188,0,0,0,0,1,0,0,0,0,0,0,0.21513132128731932,0.04628148539882781,-3.0730132812376754,-3.774986553929349,-5.172634448900511,-5.827721045318284,-6.153268045241171
2022-06-16,124.36399841308594,0,0,0,0,1,0,0,0,0,0,0,0.032958141238572256,0.0010862390739016772,-6.825033939063165,-3.0730132812376754,-4.204742301518501,-5.376325012363516,-6.127110537320578
2022-06-17,117.73799896240234,0,0,0,0,1,0,0,0,0,0,0,-0.054750928533749445,0.002997664175307739,-5.8099219014840076,-6.825033939063165,-4.250761029199127,-5.383334677957872,-6.4413282638096145
2022-06-21,125.55999755859375,0,0,0,0,1,0,0,0,0,0,0,0.06432190446713991,0.004137307394279873,-5.4877100903522456,-5.8099219014840076,-4.220850881726847,-5.355999136172096,-7.172002084638977
2022-06-22,127.1709976196289,0,0,0,0,1,0,0,0,0,0,0,0.012748906244066001,0.00016253461041998505,-8.724619585520593,-5.4877100903522456,-4.167688520348711,-5.317064367338997,-6.246547997682135
2022-06-23,133.3470001220703,0,0,0,0,1,0,0,0,0,0,0,0.04742213532886136,0.0022488589191488407,-6.097332338008656,-8.724619585520593,-4.515965321061199,-5.328919216622894,-6.360839579986632
2022-06-24,128.5050048828125,0,0,0,0,1,0,0,0,0,0,0,-0.03698690202136111,0.0013680309211377664,-6.594382856135367,-6.097332338008656,-6.153268045241171,-5.31930346610565,-6.466640015053654
2022-06-27,129.45899963378906,0,0,0,0,1,0,0,0,0,0,0,0.007396373783937853,5.470634515172316e-05,-9.813530837866876,-6.594382856135367,-6.127110537320578,-5.3336953295587755,-5.5235715696709455
2022-06-28,129.17599487304688,0,0,0,0,1,0,0,0,0,0,0,-0.0021884499754697482,4.789313295133542e-06,-12.249123310205675,-9.813530837866876,-6.4413282638096145,-5.335169547869333,-5.463333222149343
2022-06-29,139.58799743652344,0,0,0,0,1,0,0,0,0,0,0,0.07751943249388439,0.006009262414173899,-5.1144532642270875,-12.249123310205675,-7.172002084638977,-5.351412907002838,-5.525216222790424
2022-06-30,144.51400756835938,0,0,0,0,1,0,0,0,0,0,0,0.034681232660091196,0.0012027878988233763,-6.723113166907672,-5.1144532642270875,-6.246547997682135,-5.300730835237703,-5.486986400525625
2022-07-01,147.78399658203125,0,0,0,0,0,1,0,0,0,0,0,0.022375284084575543,0.0005006533378654596,-7.599596634771561,-6.723113166907672,-6.360839579986632,-5.290816393983166,-5.332271665010456
2022-07-05,165.072998046875,0,0,0,0,0,1,0,0,0,0,0,0.11063606334217212,0.01224033851185312,-4.403018346001535,-7.599596634771561,-6.466640015053654,-5.343801178424198,-5.86192946598092
2022-07-06,170.99899291992188,0,0,0,0,0,1,0,0,0,0,0,0.035269878657765284,0.001243964340533487,-6.689451949438129,-4.403018346001535,-5.5235715696709455,-5.312315591154119,-5.810109272440768
2022-07-07,183.18299865722656,0,0,0,0,0,1,0,0,0,0,0,0.06882797871613934,0.00473729065414933,-5.352289898436635,-6.689451949438129,-5.463333222149343,-5.30419140144254,-6.101647898616067
2022-07-08,175.21200561523438,0,0,0,0,0,1,0,0,0,0,0,-0.044488944488618766,0.001979266181711402,-6.22502911776255,-5.352289898436635,-5.525216222790424,-5.262678869336056,-5.639409901417014
2022-07-11,164.52000427246094,0,0,0,0,0,1,0,0,0,0,0,-0.06296453202418358,0.003964532293024439,-5.530367389484912,-6.22502911776255,-5.486986400525625,-5.245835175573681,-5.876511459503139
2022-07-12,172.60899353027344,0,0,0,0,0,1,0,0,0,0,0,0.047996714161262985,0.0023036845702779827,-6.073245450348078,-5.530367389484912,-5.332271665010456,-5.22331298664445,-6.028786991626053
2022-07-13,180.5050048828125,0,0,0,0,0,1,0,0,0,0,0,0.044729621778407,0.002000739064439342,-6.21423863396292,-6.073245450348078,-5.86192946598092,-5.2041229402516755,-6.209080889315562
2022-07-14,175.0330047607422,0,0,0,0,0,1,0,0,0,0,0,-0.030783950497302547,0.0009476516082203738,-6.961523624076619,-6.21423863396292,-5.810109272440768,-5.224532038892048,-6.30662836817672
2022-07-15,159.56700134277344,0,0,0,0,0,1,0,0,0,0,0,-0.09251064963954388,0.008558220296730439,-4.760863019588228,-6.961523624076619,-6.101647898616067,-5.2235716269022365,-8.259821101517863
2022-07-18,157.25799560546875,0,0,0,0,0,1,0,0,0,0,0,-0.014576164388712863,0.00021246456828678104,-8.456735316269345,-4.760863019588228,-5.639409901417014,-5.154867321323988,-6.118201588367216
2022-07-19,154.45700073242188,0,0,0,0,0,1,0,0,0,0,0,-0.017971995555378817,0.00032299262424255595,-8.037881067068664,-8.456735316269345,-5.876511459503139,-5.35207808612928,-5.257268624631356
2022-07-20,155.03799438476562,0,0,0,0,0,1,0,0,0,0,0,0.00375446675380636,1.4096020605437267e-05,-11.16961795603629,-8.037881067068664,-6.028786991626053,-5.933470477109183,-5.231784588714815
2022-07-21,155.60000610351562,0,0,0,0,0,1,0,0,0,0,0,0.0036184390259583034,1.3093100984578076e-05,-11.243425032504506,-11.16961795603629,-6.209080889315562,-5.952036930785839,-5.196577770016852
2022-07-22,159.86399841308594,0,0,0,0,0,1,0,0,0,0,0,0.027034792882368062,0.0007308800261925389,-7.221261233171536,-11.243425032504506,-6.30662836817672,-6.005613905889365,-5.1624677819469635
2022-07-25,176.61599731445312,0,0,0,0,0,1,0,0,0,0,0,0.09965442523450042,0.009931004468818635,-4.6120936509735495,-7.221261233171536,-8.259821101517863,-6.070491272032756,-5.460739090360504
2022-07-26,199.91799926757812,0,0,0,0,0,1,0,0,0,0,0,0.12392940972460656,0.015358498594689407,-4.176086303716697,-4.6120936509735495,-6.118201588367216,-5.8946792987001215,-6.667288481148021
2022-07-27,205.22500610351562,0,0,0,0,0,1,0,0,0,0,0,0.026199689163489692,0.0006864237122634792,-7.284015463091987,-4.176086303716697,-5.257268624631356,-5.698809218495403,-6.63812255048273
2022-07-28,198.92999267578125,0,0,0,0,0,1,0,0,0,0,0,-0.03115400074411945,0.0009705717623645953,-6.93762521335473,-7.284015463091987,-5.231784588714815,-5.708100785585971,-6.798557232990585
2022-07-29,190.9149932861328,0,0,0,0,0,1,0,0,0,0,0,-0.041124699582521546,0.0016912409157526479,-6.382292749223841,-6.93762521335473,-5.196577770016852,-5.695635676677034,-7.105026050846926
2022-08-01,200.79400634765625,0,0,0,0,0,0,1,0,0,0,0,0.050451270857540885,0.0025453307311409544,-5.9734946837329375,-6.382292749223841,-5.1624677819469635,-5.6730814698836785,-7.907006496457644
2022-08-02,205.1739959716797,0,0,0,0,0,0,1,0,0,0,0,0.02157884147624104,0.00046564639945674064,-7.6720840091741485,-5.9734946837329375,-5.460739090360504,-5.719971097462598,-8.18388640263869
2022-08-03,199.19500732421875,0,0,0,0,0,0,1,0,0,0,0,-0.02957409877911545,0.0008746273185968779,-7.041712682797254,-7.6720840091741485,-6.667288481148021,-5.7302396194717895,-6.923344998164586
2022-08-04,199.2480010986328,0,0,0,0,0,0,1,0,0,0,0,0.0002660042897292695,7.075828215437317e-08,-16.463982112500332,-7.041712682797254,-6.63812255048273,-5.725016913659418,-6.888221555613673
2022-08-05,196.32000732421875,0,0,0,0,0,0,1,0,0,0,0,-0.014804267222535607,0.00021916632799624214,-8.425679623283207,-16.463982112500332,-6.798557232990585,-5.911942981648582,-6.913189370403705
2022-08-08,193.05499267578125,0,0,0,0,0,0,1,0,0,0,0,-0.016770933807916995,0.00028126422078953323,-8.176216039361295,-8.425679623283207,-7.105026050846926,-5.929301139430411,-6.318670307715989
2022-08-09,192.1840057373047,0,0,0,0,0,0,1,0,0,0,0,-0.0045218081561569125,2.0446749001087176e-05,-10.797686612257461,-8.176216039361295,-7.907006496457644,-6.008491123952923,-6.248304582426948
2022-08-10,205.36700439453125,0,0,0,0,0,0,1,0,0,0,0,0.06634536755657872,0.004401707796217528,-5.425762677631853,-10.797686612257461,-8.18388640263869,-6.045390084548229,-6.855720155950819
2022-08-11,208.11000061035156,0,0,0,0,0,0,1,0,0,0,0,0.013268145135492907,0.0001760436753365041,-8.644778432710106,-5.425762677631853,-6.923344998164586,-6.037036028793948,-6.285334221207887
2022-08-12,206.10800170898438,0,0,0,0,0,0,1,0,0,0,0,-0.009666477454684822,9.344078638192996e-05,-9.278182612315302,-8.644778432710106,-6.888221555613673,-6.078366559584077,-6.272547334031455
2022-08-15,220.11000061035156,0,0,0,0,0,0,1,0,0,0,0,0.06572711262348505,0.004320053333820287,-5.4444875307791145,-9.278182612315302,-6.913189370403705,-6.116927126120045,-5.500893103942282
2022-08-16,225.91400146484375,0,0,0,0,0,0,1,0,0,0,0,0.026026978195676433,0.0006774035939982164,-7.297243310540926,-5.4444875307791145,-6.318670307715989,-6.049723977775996,-5.4951000924587845
2022-08-17,225.8350067138672,0,0,0,0,0,0,1,0,0,0,0,-0.00034972850123209744,1.2231002457404918e-07,-15.91669865461975,-7.297243310540926,-6.248304582426948,-6.214461120423562,-5.209590796143011
2022-08-18,241.00399780273438,0,0,0,0,0,0,1,0,0,0,0,0.06500884788476205,0.0042261503033041315,-5.466463793855643,-15.91669865461975,-6.855720155950819,-6.21929805069,-5.0450243948341384
2022-08-19,244.5500030517578,0,0,0,0,0,0,1,0,0,0,0,0.014606277718283293,0.000213343348783619,-8.452607719270167,-5.466463793855643,-6.285334221207887,-6.133923297745305,-4.964912839029385
2022-08-22,276.74798583984375,0,0,0,0,0,0,1,0,0,0,0,0.12368749419301064,0.015298596219746042,-4.179994205071098,-8.452607719270167,-6.272547334031455,-6.129754667787449,-4.307091503976662
2022-08-23,269.04901123046875,0,0,0,0,0,0,1,0,0,0,0,-0.028213732768847716,0.0007960147167519515,-7.135892882652692,-4.179994205071098,-5.500893103942282,-5.852777753645249,-4.238116061279319
2022-08-24,292.1499938964844,0,0,0,0,0,0,1,0,0,0,0,0.08237378722012297,0.0067854408209860936,-4.9929760177267575,-7.135892882652692,-5.4951000924587845,-5.851747379402907,-4.29495953437842
2022-08-25,321.41400146484375,0,0,0,0,0,0,1,0,0,0,0,0.09546266823100377,0.009113121025782697,-4.698040032882276,-4.9929760177267575,-5.209590796143011,-5.902761195353877,-4.435646555586366
2022-08-26,339.1960144042969,0,0,0,0,0,0,1,0,0,0,0,0.05384813752165325,0.002899621914550881,-5.843174924437102,-4.698040032882276,-5.0450243948341384,-6.0124797022052725,-4.244518221754666
2022-08-29,272.6029968261719,0,0,0,0,0,0,1,0,0,0,0,-0.21856164116645288,0.04776919098937331,-3.0413743872402472,-5.843174924437102,-4.964912839029385,-5.9722070763850486,-4.926941179458989
2022-08-30,252.93699645996094,0,0,0,0,0,0,1,0,0,0,0,-0.07487608082945325,0.005606427480378817,-5.1838415748872375,-3.0413743872402472,-4.307091503976662,-5.365350688964957,-4.738501210112056
2022-08-31,239.90699768066406,0,0,0,0,0,0,1,0,0,0,0,-0.05288909328865839,0.0027972561888964095,-5.8791162744282675,-5.1838415748872375,-4.238116061279319,-5.327996832723898,-4.781878499846022
2022-09-01,243.00399780273438,0,0,0,0,0,0,0,1,0,0,0,0.012826556491502872,0.00016452055142971448,-8.712475056780589,-5.8791162744282675,-4.29495953437842,-5.325640388288071,-4.695176265086518
2022-09-02,214.6649932861328,0,0,0,0,0,0,0,1,0,0,0,-0.12399925291339572,0.015375814723080278,-4.174959476509403,-8.712475056780589,-4.435646555586366,-5.328457689057891,-4.900432269793111
2022-09-06,239.8419952392578,0,0,0,0,0,0,0,1,0,0,0,0.11090171120769406,0.012299189548794774,-4.398221909035211,-4.174959476509403,-4.244518221754666,-5.201065124537216,-5.235594151817919
2022-09-07,213.88299560546875,0,0,0,0,0,0,0,1,0,0,0,-0.11455123736993962,0.013121985982984252,-4.33346613619108,-4.398221909035211,-4.926941179458989,-5.104439084219765,-5.422921180517612
2022-09-08,220.54100036621094,0,0,0,0,0,0,0,1,0,0,0,0.030654504312922076,0.0009396986346709581,-6.969951334453548,-4.33346613619108,-4.738501210112056,-5.012201363135115,-5.4533869034778695
2022-09-09,207.09100341796875,0,0,0,0,0,0,0,1,0,0,0,-0.06292529361070948,0.003959592575993995,-5.531614143606207,-6.969951334453548,-4.781878499846022,-5.0077150799185866,-4.96579496456965
2022-09-12,190.58799743652344,0,0,0,0,0,0,0,1,0,0,0,-0.08304430998375485,0.006896357420677966,-4.9767619166741595,-5.531614143606207,-4.695176265086518,-4.981287878648413,-5.154757817487129
2022-09-13,198.61199951171875,0,0,0,0,0,0,0,1,0,0,0,0.04123915357679664,0.001700667787730619,-6.376734288151963,-4.9767619166741595,-4.900432269793111,-4.9649057428034284,-5.076056729137102
2022-09-14,217.8820037841797,0,0,0,0,0,0,0,1,0,0,0,0.0926004789182192,0.008574848695883557,-4.758921930764105,-6.376734288151963,-5.235594151817919,-4.955024222696732,-5.3734088226274315
2022-09-15,214.2830047607422,0,0,0,0,0,0,0,1,0,0,0,-0.01665605570097825,0.0002774241915140901,-8.18996284222768,-4.758921930764105,-5.422921180517612,-4.901768140449847,-5.378902282642603
2022-09-16,187.79299926757812,0,0,0,0,0,0,0,1,0,0,0,-0.13195730502127156,0.0174127303484769,-4.050553710991603,-8.18996284222768,-5.4533869034778695,-4.926799020872109,-6.765626427799184
2022-09-19,182.26199340820312,0,0,0,0,0,0,0,1,0,0,0,-0.029895112307935245,0.0008937177399040613,-7.020120558700822,-4.050553710991603,-4.96579496456965,-4.8270184640207265,-6.310520704440311
2022-09-20,194.25900268554688,0,0,0,0,0,0,0,1,0,0,0,0.06374715786939153,0.004063700136425126,-5.505661356510609,-7.020120558700822,-5.154757817487129,-4.821960602001238,-6.248168080047746
2022-09-21,189.781005859375,0,0,0,0,0,0,0,1,0,0,0,-0.023321527380087033,0.0005438936393401491,-7.516756844304309,-5.505661356510609,-5.076056729137102,-4.822878189733917,-5.489546271986337
2022-09-22,187.46800231933594,0,0,0,0,0,0,0,1,0,0,0,-0.01226263011478517,0.00015037209733203614,-8.802397680068166,-7.516756844304309,-5.3734088226274315,-4.8210119864762335,-5.106311004153077
2022-09-23,185.4949951171875,0,0,0,0,0,0,0,1,0,0,0,-0.010580275367316495,0.00011194222684824419,-9.097527642535052,-8.802397680068166,-5.378902282642603,-4.910327783554361,-5.108809278723451
2022-09-26,173.83399963378906,0,0,0,0,0,0,0,1,0,0,0,-0.06492708243339618,0.004215526033313022,-5.468980894766499,-9.097527642535052,-6.765626427799184,-4.914555690892302,-4.903263377491801
2022-09-27,186.0989990234375,0,0,0,0,0,0,0,1,0,0,0,0.06817796618131688,0.004648235072620788,-5.371267685491791,-5.468980894766499,-6.310520704440311,-4.9306006986245485,-4.968532999202647
2022-09-28,207.18699645996094,0,0,0,0,0,0,0,1,0,0,0,0.10734296508697212,0.011522512153662916,-4.46345257850682,-5.371267685491791,-6.248168080047746,-4.9591039941562585,-5.179843640162814
2022-09-29,187.6649932861328,0,0,0,0,0,0,0,1,0,0,0,-0.09896332735640204,0.009793740161450392,-4.6260118563326476,-4.46345257850682,-5.489546271986337,-4.904767790043321,-5.600273836350371
2022-09-30,188.8000030517578,0,0,0,0,0,0,0,1,0,0,0,0.006029847213708196,3.635905742066449e-05,-10.222067185011632,-4.6260118563326476,-5.106311004153077,-5.169922925160025,-5.0423496070672496
2022-10-03,169.91200256347656,0,0,0,0,0,0,0,0,1,0,0,-0.10540759882234253,0.011110761889491907,-4.499841100679921,-10.222067185011632,-5.108809278723451,-5.215480649751978,-5.455519537883167
2022-10-04,161.9499969482422,0,0,0,0,0,0,0,0,1,0,0,-0.04799304427951822,0.0023033322992157966,-6.073398378402261,-4.499841100679921,-4.903263377491801,-5.148224852615662,-5.554323209293008
2022-10-05,173.6929931640625,0,0,0,0,0,0,0,0,1,0,0,0.07000170693834562,0.004900238974282025,-5.318471304589077,-6.073398378402261,-4.968532999202647,-5.13162948401459,-5.814765049503865
2022-10-06,175.71200561523438,0,0,0,0,0,0,0,0,1,0,0,0.011556989341639201,0.0001335640026427621,-8.920929766977201,-5.318471304589077,-5.179843640162814,-5.215675298685438,-5.717799199394084
2022-10-07,156.20700073242188,0,0,0,0,0,0,0,0,1,0,0,-0.11766426762266334,0.01384487987517774,-4.279839798729265,-8.920929766977201,-5.600273836350371,-5.323064697249241,-6.322780486828171
2022-10-10,154.1179962158203,0,0,0,0,0,0,0,0,1,0,0,-0.013463537211973934,0.00018126683425820686,-8.615540384359749,-4.279839798729265,-5.0423496070672496,-5.316350860258866,-5.541737467086997
2022-10-11,156.781005859375,0,0,0,0,0,0,0,0,1,0,0,0.017131446258954366,0.0002934864509234416,-8.133679080158679,-8.615540384359749,-5.455519537883167,-5.3233959189076305,-4.981661880810267
2022-10-12,160.19000244140625,0,0,0,0,0,0,0,0,1,0,0,0.021510661476270152,0.0004627085571466928,-7.678413166119729,-8.133679080158679,-5.554323209293008,-5.358168156667606,-4.994063532812754
2022-10-13,153.8090057373047,0,0,0,0,0,0,0,0,1,0,0,-0.04064901573786986,0.0016523424804575915,-6.405561312138781,-7.678413166119729,-5.814765049503865,-5.422274909136339,-4.662890090245693
2022-10-14,141.9969940185547,0,0,0,0,0,0,0,0,1,0,0,-0.0799057217224339,0.006384924363983045,-5.053815635302636,-6.405561312138781,-5.717799199394084,-5.422772330031602,-4.5365620883718485
2022-10-17,127.97799682617188,0,0,0,0,0,0,0,0,1,0,0,-0.1039475391461574,0.010805090894541925,-4.5277378766994,-5.053815635302636,-6.322780486828171,-5.44557728133003,-4.403977307276065
2022-10-18,113.22200012207031,0,0,0,0,0,0,0,0,1,0,0,-0.12250785509343008,0.015008174559592862,-4.199160255616342,-4.5277378766994,-5.541737467086997,-5.3404155034868825,-4.684771978712865
2022-10-19,112.51000213623047,0,0,0,0,0,0,0,0,1,0,0,-0.006308368684183735,3.979551545559002e-05,-10.131756303889178,-4.199160255616342,-4.981661880810267,-5.363478922730123,-4.643874108018961
2022-10-20,127.14700317382812,0,0,0,0,0,0,0,0,1,0,0,0.12230179680155097,0.014957729500887864,-4.2025270892184095,-10.131756303889178,-4.994063532812754,-5.371799057817306,-4.991361051611433
2022-10-21,113.57599639892578,0,0,0,0,0,0,0,0,1,0,0,-0.11287173771658196,0.01274002917516087,-4.3630063387182245,-4.2025270892184095,-4.662890090245693,-5.270517598036697,-5.372984804047652
2022-10-24,99.16999816894531,0,0,0,0,0,0,0,0,1,0,0,-0.13563665392073967,0.018397301886814505,-3.995551261651205,-4.3630063387182245,-4.5365620883718485,-5.1681107159113475,-5.899132036618439
2022-10-25,99.79399871826172,0,0,0,0,0,0,0,0,1,0,0,0.006272517691564915,3.9344478190994846e-05,-10.143154893045624,-3.995551261651205,-4.403977307276065,-5.032156528075596,-5.669697094316399
2022-10-26,104.31999969482422,0,0,0,0,0,0,0,0,1,0,0,0.04435504682715937,0.0019673701790395006,-6.231057562040488,-10.143154893045624,-4.684771978712865,-5.032662408798258,-5.441365633674768
2022-10-27,107.38400268554688,0,0,0,0,0,0,0,0,1,0,0,0.028948124941190836,0.000837993937610795,-7.084499690669693,-6.231057562040488,-4.643874108018961,-5.048456197078864,-5.480276838444996
2022-10-28,112.24400329589844,0,0,0,0,0,0,0,0,1,0,0,0.04426388224747655,0.0019592912716184696,-6.235172466733987,-7.084499690669693,-4.991361051611433,-5.075807126646567,-5.230036596432036
2022-10-31,123.35199737548828,0,0,0,0,0,0,0,0,1,0,0,0.0943669331508181,0.00890511807229097,-4.721129103115504,-6.235172466733987,-5.372984804047652,-5.14794217086864,-5.524991110667733
2022-11-01,116.19300079345703,0,0,0,0,0,0,0,0,0,1,0,-0.059789427124266076,0.003574775595847924,-5.633852874918761,-4.721129103115504,-5.899132036618439,-5.154916958316677,-5.431598437754193
2022-11-02,125.86299896240234,0,0,0,0,0,0,0,0,0,1,0,0.07994139711093107,0.006390626972047578,-5.052922897558114,-5.633852874918761,-5.669697094316399,-5.127428177487653,-5.662909454564629
2022-11-03,125.44499969482422,0,0,0,0,0,0,0,0,0,1,0,-0.003326592510258789,1.1066217729309871e-05,-11.411613447796308,-5.052922897558114,-5.441365633674768,-5.164268265577711,-5.6631211861582935
2022-11-04,114.78600311279297,0,0,0,0,0,0,0,0,0,1,0,-0.08879786072132574,0.007885060068683966,-4.84278544037371,-11.411613447796308,-5.480276838444996,-5.182660874685395,-5.071925347972962
2022-11-07,109.68299865722656,0,0,0,0,0,0,0,0,0,1,0,-0.04547517741225409,0.002067991760675985,-6.181177306059564,-4.84278544037371,-5.230036596432036,-5.15877725974809,-4.5693516039054485
2022-11-08,118.14700317382812,0,0,0,0,0,0,0,0,0,1,0,0.07433526378711341,0.005525731442299735,-5.198339652413275,-6.181177306059564,-5.524991110667733,-5.14359774207994,-4.528993990547895
2022-11-09,113.14399719238281,0,0,0,0,0,0,0,0,0,1,0,-0.043268319818735926,0.001872147499936416,-6.280669110795496,-5.198339652413275,-5.431598437754193,-5.2105794182647855,-4.432108746013658
2022-11-10,113.4520034790039,0,0,0,0,0,0,0,0,0,1,0,0.0027185517432120323,7.39052358052118e-06,-11.815311840337948,-6.280669110795496,-5.662909454564629,-5.196597188772209,-4.429865453191623
2022-11-11,97.85299682617188,0,0,0,0,0,0,0,0,0,1,0,-0.1479135505372118,0.02187841843252431,-3.8222545877007126,-11.815311840337948,-5.6631211861582935,-5.1989492743949555,-4.869846104397937
2022-11-14,113.7040023803711,0,0,0,0,0,0,0,0,0,1,0,0.15013228126186476,0.02253970187689167,-3.792476996815932,-3.8222545877007126,-5.071925347972962,-5.036598661101451,-5.753292497304639
2022-11-15,124.10399627685547,0,0,0,0,0,0,0,0,0,1,0,0.08752129239031621,0.007659976621671222,-4.871746347104891,-3.792476996815932,-4.5693516039054485,-4.900181633123314,-6.310148723761701
2022-11-16,113.9000015258789,0,0,0,0,0,0,0,0,0,1,0,-0.0857990099120414,0.0073614701018865775,-4.911495623947153,-4.871746347104891,-4.528993990547895,-4.892427339608892,-6.419436698993639
2022-11-17,112.55599975585938,0,0,0,0,0,0,0,0,0,1,0,-0.011870010446856904,0.00014089714800849204,-8.867480373412741,-4.911495623947153,-4.432108746013658,-4.913509579205591,-6.243371072587222
2022-11-18,115.50900268554688,0,0,0,0,0,0,0,0,0,1,0,0.0258975988507455,0.0006706856262341346,-7.307210044588519,-8.867480373412741,-4.429865453191623,-5.010004391106135,-6.3063959740205515
2022-11-21,116.12799835205078,0,0,0,0,0,0,0,0,0,1,0,0.005344544586180627,2.8564156833672652e-05,-10.463357848677473,-7.307210044588519,-4.869846104397937,-5.005714794102246,-5.873609090195279
2022-11-22,119.63899993896484,0,0,0,0,0,0,0,0,0,1,0,0.02978585796823588,0.0008871973349039208,-7.02744312474606,-10.463357848677473,-5.753292497304639,-5.112509824174538,-5.362350687157565
2022-11-23,129.6199951171875,0,0,0,0,0,0,0,0,0,1,0,0.0801281805212647,0.006420525313648385,-5.04825533991614,-7.02744312474606,-6.310148723761701,-5.2062511101212445,-5.545333521956084
2022-11-25,124.37000274658203,0,0,0,0,0,0,0,0,0,1,0,-0.04134603957975134,0.0017094949889303642,-6.371557279611433,-5.04825533991614,-6.419436698993639,-5.310837741676692,-5.597139930596762
2022-11-28,123.28199768066406,0,0,0,0,0,0,0,0,0,1,0,-0.008786620450933003,7.720469894875409e-05,-9.469050222621457,-6.371557279611433,-6.243371072587222,-5.295580250734122,-5.599105962549729
2022-11-29,132.28599548339844,0,0,0,0,0,0,0,0,0,1,0,0.07049181597436843,0.004969096119364224,-5.304517322543366,-9.469050222621457,-6.3063959740205515,-5.312865131408985,-5.856491464805846
2022-11-30,146.39700317382812,0,0,0,0,0,0,0,0,0,1,0,0.10135591992052632,0.010273022502936146,-4.578233994159915,-5.304517322543366,-5.873609090195279,-5.275467409660342,-6.2523968095365445
2022-12-01,139.25799560546875,0,0,0,0,0,0,0,0,0,0,1,-0.049993834964795286,0.0024993835344871876,-5.991711163320385,-4.578233994159915,-5.362350687157565,-5.20419662857758,-6.007815056934673
2022-12-02,135.56199645996094,0,0,0,0,0,0,0,0,0,0,1,-0.02689922209792374,0.0007235681494734288,-7.231315820788526,-5.991711163320385,-5.545333521956084,-5.258655941431015,-6.068240435425157
2022-12-05,134.69900512695312,0,0,0,0,0,0,0,0,0,0,1,-0.006386376584769949,4.078580588249787e-05,-10.107176407602159,-7.231315820788526,-5.597139930596762,-5.283883661685555,-6.043142995799042
2022-12-06,138.48800659179688,0,0,0,0,0,0,0,0,0,0,1,0.027741029326671027,0.000769564708103222,-7.16968551581906,-10.107176407602159,-5.599105962549729,-5.342465151030176,-6.105950965845664
2022-12-07,149.2449951171875,0,0,0,0,0,0,0,0,0,0,1,0.0748054912845141,0.0055958615263175145,-5.18572796742475,-7.16968551581906,-5.856491464805846,-5.335284316104449,-6.495116570801334
2022-12-08,138.89300537109375,0,0,0,0,0,0,0,0,0,0,1,-0.07188532696448109,0.005167500232790352,-5.265366221165904,-5.18572796742475,-6.2523968095365445,-5.357115499329675,-7.42371668563134
2022-12-09,139.11300659179688,0,0,0,0,0,0,0,0,0,0,1,0.0015827086980921114,2.5049668230164263e-06,-12.897234668613168,-5.265366221165904,-6.007815056934673,-5.3276695172463695,-5.224524932385035
2022-12-12,136.58999633789062,0,0,0,0,0,0,0,0,0,0,1,-0.018302888687040223,0.00033499573429018496,-8.001392756697301,-12.897234668613168,-6.068240435425157,-5.380761056851976,-5.103196461782385
2022-12-13,137.5290069580078,0,0,0,0,0,0,0,0,0,0,1,0.006851143348523376,4.693816518201609e-05,-9.966679435581575,-8.001392756697301,-6.043142995799042,-5.396052382627713,-5.081594392690742
2022-12-14,131.51100158691406,0,0,0,0,0,0,0,0,0,0,1,-0.04474434417613159,0.002002056335752121,-6.213580458249212,-9.966679435581575,-6.105950965845664,-5.395656024642736,-4.95782594189611
2022-12-15,134.76699829101562,0,0,0,0,0,0,0,0,0,0,1,0.024456838329130797,0.0005981369410572412,-7.421690830134441,-6.213580458249212,-6.495116570801334,-5.61775913972742,-4.871668660379821
2022-12-16,115.45099639892578,0,0,0,0,0,0,0,0,0,0,1,-0.15470118237539654,0.0239324558283457,-3.732519756780246,-7.421690830134441,-7.42371668563134,-5.938709427185508,-5.302842797757524
2022-12-19,108.54299926757812,0,0,0,0,0,0,0,0,0,0,1,-0.0616997652445504,0.0038068610312326293,-5.5709503054703555,-3.732519756780246,-5.224524932385035,-5.691334231861217,-5.409194445239899
2022-12-20,105.68800354003906,0,0,0,0,0,0,0,0,0,0,1,-0.026655010014176247,0.000710489558855836,-7.249556304615534,-5.5709503054703555,-5.103196461782385,-5.740390337372561,-5.429407623907533
2022-12-21,97.75199890136719,0,0,0,0,0,0,0,0,0,0,1,-0.07805774329599628,0.006093011288463653,-5.100612854859519,-7.249556304615534,-5.081594392690742,-5.732365842594901,-5.6995996935021305
2022-12-22,91.93800354003906,0,0,0,0,0,0,0,0,0,0,1,-0.06131917244651295,0.003760040909525193,-5.583325441180698,-5.100612854859519,-4.95782594189611,-5.659036595194737,-5.435387934742165
2022-12-23,82.97699737548828,0,0,0,0,0,0,0,0,0,0,1,-0.10255104599688952,0.01051671703505615,-4.554789189192134,-5.583325441180698,-4.871668660379821,-5.6115261801090215,-5.865289322855316
2022-12-27,80.04299926757812,0,0,0,0,0,0,0,0,0,0,1,-0.03599944820969516,0.001295960271402524,-6.648503335532296,-4.554789189192134,-5.302842797757524,-5.498430268745048,-5.331541016124566
2022-12-28,81.35099792480469,0,0,0,0,0,0,0,0,0,0,1,0.016209119521194405,0.00026273555565236553,-8.24436251964251,-6.648503335532296,-5.409194445239899,-5.557021560328192,-4.946596639707545
2022-12-29,83.83000183105469,0,0,0,0,0,0,0,0,0,0,1,0.030017859848903396,0.0009010719099084067,-7.011925491211795,-8.24436251964251,-5.429407623907533,-5.574203935773828,-4.925575467304282
2022-12-30,76.31500244140625,0,0,0,0,0,0,0,0,0,0,1,-0.09392141713398457,0.00882123259645593,-4.730593668449147,-7.011925491211795,-5.6995996935021305,-5.564383149802605,-5.055524019398136
2023-01-03,72.31400299072266,0,0,0,0,0,0,0,0,0,0,0,-0.05385175396040871,0.0029000114046123953,-5.843040609027652,-4.730593668449147,-5.435387934742165,-5.519702299116432,-5.038804403834275
2023-01-04,65.02200317382812,0,0,0,0,0,0,0,0,0,0,0,-0.10629206641733145,0.0112980033832664,-4.4831292605334925,-5.843040609027652,-5.865289322855316,-5.607045005917597,-5.259739820790888
2023-01-05,72.4219970703125,0,0,0,0,0,0,0,0,0,0,0,0.10778435720311516,0.011617467657688722,-4.455245480853326,-4.4831292605334925,-5.331541016124566,-5.503660032460667,-5.818785133508001
2023-01-06,69.53399658203125,0,0,0,0,0,0,0,0,0,0,0,-0.04069428775868276,0.0016560250561864773,-6.40333509198229,-4.455245480853326,-4.946596639707545,-5.38889473510656,-5.869531435915637
2023-01-09,74.302001953125,0,0,0,0,0,0,0,0,0,0,0,0.0663221031231928,0.00439862136268342,-5.426464113590491,-6.40333509198229,-4.925575467304282,-5.372946460710114,-5.775183798879776
2023-01-10,70.07099914550781,0,0,0,0,0,0,0,0,0,0,0,-0.05862889401935443,0.0034373472139326935,-5.67305526354226,-5.426464113590491,-5.055524019398136,-5.338015950913669,-5.966692144118391
2023-01-11,65.34600067138672,0,0,0,0,0,0,0,0,0,0,0,-0.0698127619328472,0.004873821728692399,-5.3238769002189805,-5.67305526354226,-5.038804403834275,-5.35864479625782,-6.412774028385164
2023-01-12,66.80899810791016,0,0,0,0,0,0,0,0,0,0,0,0.02214153408935558,0.0004902475318300952,-7.620600125373515,-5.3238769002189805,-5.259739820790888,-5.361484649285248,-5.677500839057983
2023-01-13,64.81199645996094,0,0,0,0,0,0,0,0,0,0,0,-0.030347056906660067,0.0009209438628960645,-6.990111474819487,-7.620600125373515,-5.818785133508001,-5.35677262445772,-5.721583707638267
2023-01-17,60.06100082397461,0,0,0,0,0,0,0,0,0,0,0,-0.07612999062644855,0.005795775472783145,-5.1506259934066945,-6.990111474819487,-5.869531435915637,-5.3511410500376275,-5.255474183790374
2023-01-18,61.70899963378906,0,0,0,0,0,0,0,0,0,0,0,0.027069055285968317,0.0007327337540748093,-7.218728148424813,-5.1506259934066945,-5.775183798879776,-5.29750829431454,-5.253507724451408
2023-01-19,60.71699905395508,0,0,0,0,0,0,0,0,0,0,0,-0.016206072267196614,0.0002626367783295992,-8.244738547526602,-7.218728148424813,-5.966692144118391,-5.309105243587218,-5.222134434192876
2023-01-20,66.89800262451172,0,0,0,0,0,0,0,0,0,0,0,0.09694540138167233,0.009398410849053556,-4.6672146625031194,-8.244738547526602,-6.412774028385164,-5.312193088714954,-5.643455437560387
2023-01-23,65.9990005493164,0,0,0,0,0,0,0,0,0,0,0,-0.013529511833040107,0.00018304769044037226,-8.605763830111687,-4.6672146625031194,-5.677500839057983,-5.456033237088372,-5.652499006709592
2023-01-24,58.26900100708008,0,0,0,0,0,0,0,0,0,0,0,-0.12456936191819432,0.01551752592870608,-4.16578518868021,-8.605763830111687,-5.721583707638267,-5.495368477353154,-7.250116730393113
2023-01-25,56.65999984741211,0,0,0,0,0,0,0,0,0,0,0,-0.028001745092070054,0.0007840977282012693,-7.150976890789149,-4.16578518868021,-5.255474183790374,-5.343567814485723,-7.093637617370338
2023-01-26,54.814998626708984,0,0,0,0,0,0,0,0,0,0,0,-0.03310463763602056,0.001095917033012229,-6.816163792215571,-7.150976890789149,-5.253507724451408,-5.395384331562456,-6.932604816588309
2023-01-27,55.42499923706055,0,0,0,0,0,0,0,0,0,0,0,0.011066887663811024,0.00012247600256341264,-9.007595436446568,-6.816163792215571,-5.222134434192876,-5.422435007104916,-6.913150632318652
2023-01-30,55.15599822998047,0,0,0,0,0,0,0,0,0,0,0,-0.004865239848773415,2.367055878609276e-05,-10.651278485115462,-9.007595436446568,-5.643455437560387,-5.535581615547516,-6.915018866634177
2023-01-31,57.35200119018555,0,0,0,0,0,0,0,0,0,0,0,0.03904223541452147,0.0015242961461629143,-6.486222518310435,-10.651278485115462,-5.652499006709592,-5.550353627058838,-6.774352334706683
2023-02-01,59.527000427246094,1,0,0,0,0,0,0,0,0,0,0,0.03722226101098011,0.0013854967147695302,-6.581696564093837,-6.486222518310435,-7.250116730393113,-5.535705278869759,-6.846102294043944
2023-02-02,57.040000915527344,1,0,0,0,0,0,0,0,0,0,0,-0.04267720615718479,0.0018213439253828513,-6.30818062930267,-6.581696564093837,-7.093637617370338,-5.53013700929092,-7.177621881024366
2023-02-03,57.888999938964844,1,0,0,0,0,0,0,0,0,0,0,0.01477459059009396,0.000218288527104893,-8.429692846843317,-6.30818062930267,-6.932604816588309,-5.613776613038562,-7.102238559956186
2023-02-06,58.10900115966797,1,0,0,0,0,0,0,0,0,0,0,0.0037931944069172995,1.4388323808668684e-05,-11.149093457415685,-8.429692846843317,-6.913150632318652,-5.6477691754634005,-6.742168980973204
2023-02-07,55.40299987792969,1,0,0,0,0,0,0,0,0,0,0,-0.047686835445346715,0.0022740342747915756,-6.086199810859923,-11.149093457415685,-6.915018866634177,-5.804991319391955,-7.183088905912341
2023-02-08,53.6870002746582,1,0,0,0,0,0,0,0,0,0,0,-0.03146285004613302,0.0009899109330254528,-6.917895584513644,-6.086199810859923,-6.774352334706683,-5.956955151055874,-6.969547564431077
2023-02-09,52.73400115966797,1,0,0,0,0,0,0,0,0,0,0,-0.01791046086073161,0.0003207846082437989,-8.044740659295504,-6.917895584513644,-6.846102294043944,-5.968724484949266,-6.578424596615446
2023-02-10,53.946998596191406,1,0,0,0,0,0,0,0,0,0,0,0.022741626291000017,0.0005171815663595032,-7.567116550991103,-8.044740659295504,-7.177621881024366,-6.0439605623961326,-6.227095236695576
2023-02-13,51.707000732421875,1,0,0,0,0,0,0,0,0,0,0,-0.04240887406013314,0.0017985125990482335,-6.320795288988119,-7.567116550991103,-7.102238559956186,-6.1015426384820355,-6.414950153297648
2023-02-14,52.38600158691406,1,0,0,0,0,0,0,0,0,0,0,0.013046227317111391,0.0001702040472097435,-8.67851255709174,-6.320795288988119,-6.742168980973204,-6.165997153095606,-6.246484663037494
2023-02-15,54.715999603271484,1,0,0,0,0,0,0,0,0,0,0,0.04351675362707419,0.0018937078462394747,-6.269218547837773,-8.67851255709174,-7.183088905912341,-6.172949856997419,-6.461781083207805
2023-02-16,52.01100158691406,1,0,0,0,0,0,0,0,0,0,0,-0.050700898793528536,0.0025705811384716232,-5.963623281329232,-6.269218547837773,-6.969547564431077,-6.151965378932267,-6.856979967915549
2023-02-17,49.047000885009766,1,0,0,0,0,0,0,0,0,0,0,-0.058676225077482574,0.003442899389343395,-5.671441316562031,-5.963623281329232,-6.578424596615446,-6.22329923453611,-6.498087402486909
2023-02-21,48.54199981689453,1,0,0,0,0,0,0,0,0,0,0,-0.01034964129653751,0.00010711507496699461,-9.141606825085665,-5.671441316562031,-6.227095236695576,-6.163020710931949,-6.4881796306177435
2023-02-22,50.56800079345703,1,0,0,0,0,0,0,0,0,0,0,0.04088958205192594,0.0016719579203811842,-6.39375993127436,-9.141606825085665,-6.414950153297648,-6.166383225434963,-6.7230160888533765
2023-02-23,50.779998779296875,1,0,0,0,0,0,0,0,0,0,0,0.004183571376589302,1.7502269463017308e-05,-10.953179944706562,-6.39375993127436,-6.246484663037494,-6.349505670623914,-6.720471161167405
2023-02-24,51.01300048828125,1,0,0,0,0,0,0,0,0,0,0,0.004577959537348517,2.0957713525600244e-05,-10.773003744265853,-10.953179944706562,-6.461781083207805,-6.353820726590115,-6.488026021729183
2023-02-27,47.29899978637695,1,0,0,0,0,0,0,0,0,0,0,-0.07559136266591532,0.0057140541096899365,-5.1648265053741635,-10.773003744265853,-6.856979967915549,-6.872681071918981,-6.705695464801973
2023-02-28,46.665000915527344,1,0,0,0,0,0,0,0,0,0,0,-0.013494710472058266,0.00018210721072467904,-8.610914968913965,-5.1648265053741635,-6.498087402486909,-6.676813819830286,-6.607206049039657
2023-03-01,47.08399963378906,0,1,0,0,0,0,0,0,0,0,0,0.008938794135559359,7.990204059791039e-05,-9.434709153604718,-8.610914968913965,-6.4881796306177435,-6.710340961178188,-6.535923016492798
2023-03-02,46.814998626708984,0,1,0,0,0,0,0,0,0,0,0,-0.005729597715983922,3.282828998700817e-05,-10.324219884247785,-9.434709153604718,-6.7230160888533765,-6.711930717657296,-6.4279118823021255
2023-03-03,44.97999954223633,0,1,0,0,0,0,0,0,0,0,0,-0.03998569870230856,0.0015988561007118003,-6.43846684185545,-10.324219884247785,-6.720471161167405,-6.7115885449384045,-4.743098941564521
2023-03-06,42.14899826049805,0,1,0,0,0,0,0,0,0,0,0,-0.06500701825040409,0.0042259124218083696,-5.466520083427433,-6.43846684185545,-6.488026021729183,-6.708807008966445,-4.746315898548793
2023-03-07,43.369998931884766,0,1,0,0,0,0,0,0,0,0,0,0.028557015115584117,0.0008155031123116997,-7.1117053182382675,-5.466520083427433,-6.705695464801973,-6.608222218414742,-4.4937583568893125
2023-03-08,42.3390007019043,0,1,0,0,0,0,0,0,0,0,0,-0.024059269541123657,0.0005788484508524405,-7.454469855838976,-7.1117053182382675,-6.607206049039657,-6.6426957151410475,-4.488666238697831
2023-03-09,43.5989990234375,0,1,0,0,0,0,0,0,0,0,0,0.02932552823522988,0.000859986606275265,-7.058593741773718,-7.454469855838976,-6.535923016492798,-6.63020104319819,-4.484689818630348
2023-03-10,52.856998443603516,0,1,0,0,0,0,0,0,0,0,0,0.19255593251777633,0.037077787147790434,-3.294737217821732,-7.058593741773718,-6.4279118823021255,-6.601496338658752,-5.497601916363468
2023-03-13,49.58399963378906,0,1,0,0,0,0,0,0,0,0,0,-0.06392193077145802,0.004086013233551072,-5.500185543592669,-3.294737217821732,-4.743098941564521,-5.829235922905195,-5.347744411914296
2023-03-14,44.185001373291016,0,1,0,0,0,0,0,0,0,0,0,-0.11528279760927743,0.013290123424621622,-4.320734119195396,-5.500185543592669,-4.746315898548793,-5.782483312637217,-5.733880071634047
2023-03-15,42.904998779296875,0,1,0,0,0,0,0,0,0,0,0,-0.029397055242665875,0.0008641868569403493,-7.053721541779076,-4.320734119195396,-4.4937583568893125,-5.607408294127108,-5.584568406478985
2023-03-16,44.340999603271484,0,1,0,0,0,0,0,0,0,0,0,0.03292140717840146,0.0010838190506061033,-6.8272643164611075,-7.053721541779076,-4.488666238697831,-5.603120356604451,-5.353302752756271
2023-03-17,42.856998443603516,0,1,0,0,0,0,0,0,0,0,0,-0.03404079204022382,0.0011587755227257651,-6.760391414378997,-6.8272643164611075,-4.484689818630348,-5.611971963479324,-5.299548505768489
2023-03-20,39.32500076293945,0,1,0,0,0,0,0,0,0,0,0,-0.08600848760074176,0.007397459939366948,-4.906618588997989,-6.760391414378997,-5.497601916363468,-5.599748987408122,-5.58608981196867
2023-03-21,42.400001525878906,0,1,0,0,0,0,0,0,0,0,0,0.07528792988040406,0.0056682723856766384,-5.172870901378859,-4.906618588997989,-5.347744411914296,-5.5343023692389695,-5.943998682654008
2023-03-22,39.974998474121094,0,1,0,0,0,0,0,0,0,0,0,-0.058894177676433734,0.0034685241641833455,-5.664026088121716,-5.172870901378859,-5.733880071634047,-5.499267342183952,-6.251217372279802
2023-03-23,43.18600082397461,0,1,0,0,0,0,0,0,0,0,0,0.0772621671831215,0.0059694424778326165,-5.1211017430686905,-5.664026088121716,-5.584568406478985,-5.498982583483437,-7.126133433548791
2023-03-24,41.09400177001953,0,1,0,0,0,0,0,0,0,0,0,-0.049654219216030415,0.002465541485953604,-6.005343825447707,-5.1211017430686905,-5.353302752756271,-5.435879516220782,-6.199973287832213
2023-03-27,42.52799987792969,0,1,0,0,0,0,0,0,0,0,0,0.03430051114420436,0.0011765250647536878,-6.745190044665812,-6.005343825447707,-5.299548505768489,-5.427635268796412,-5.876989235358892
2023-03-28,42.75199890136719,0,1,0,0,0,0,0,0,0,0,0,0.005253272555886103,2.7596872546426104e-05,-10.49780806896093,-6.745190044665812,-5.58608981196867,-5.415715429165616,-5.355581799479009
2023-03-29,42.803001403808594,0,1,0,0,0,0,0,0,0,0,0,0.0011922741698610147,1.4215176961177718e-06,-13.463784753555094,-10.49780806896093,-5.943998682654008,-5.415647557113817,-5.277714544733691
2023-03-30,43.60900115966797,0,1,0,0,0,0,0,0,0,0,0,0.01865535127741326,0.0003480221312836845,-7.963244481695765,-13.463784753555094,-6.251217372279802,-5.4758203687052935,-5.248916489783982
2023-03-31,47.845001220703125,0,1,0,0,0,0,0,0,0,0,0,0.09270306708128549,0.008593858646277317,-4.75670744160294,-7.963244481695765,-7.126133433548791,-5.474020708627148,-5.645201683726056
2023-04-03,51.367000579833984,0,0,1,0,0,0,0,0,0,0,0,0.07102930947270719,0.005045162804169612,-5.289325355098714,-4.75670744160294,-6.199973287832213,-5.385765484259452,-5.967932799243708
2023-04-04,46.56800079345703,0,0,1,0,0,0,0,0,0,0,0,-0.09808232720952648,0.009620142910836618,-4.643896158714594,-5.289325355098714,-5.876989235358892,-5.337231717384752,-7.256062110128309
2023-04-05,44.57500076293945,0,0,1,0,0,0,0,0,0,0,0,-0.04374044614304576,0.0019132266287926866,-6.258964127274922,-4.643896158714594,-5.355581799479009,-5.26415377004191,-7.844591779064621
2023-04-06,43.125,0,0,1,0,0,0,0,0,0,0,0,-0.033070305513540024,0.0010936451067588757,-6.81823902636889,-6.258964127274922,-5.277714544733691,-5.284681302993486,-8.195002194986941
2023-04-10,43.125,0,0,1,0,0,0,0,0,0,0,0,0.0,0.0,-27.631021115928547,-6.81823902636889,-5.248916489783982,-5.282190090690667,-8.194795007749791
2023-04-11,43.69200134277344,0,0,1,0,0,0,0,0,0,0,0,0.01306217436247939,0.00017062039907581383,-8.676069351651087,-27.631021115928547,-5.645201683726056,-5.287381616783397,-7.539786470373367
2023-04-12,42.880001068115234,0,0,1,0,0,0,0,0,0,0,0,-0.018759508042053313,0.00035191914197986294,-7.952109116196544,-8.676069351651087,-5.967932799243708,-5.293599714068517,-6.773641019941749
2023-04-13,42.09299850463867,0,0,1,0,0,0,0,0,0,0,0,-0.01852412111716031,0.00034314306316322456,-7.977363101073191,-7.952109116196544,-7.256062110128309,-5.697516242367101,-6.8274509959525504
2023-04-14,41.14899826049805,0,0,1,0,0,0,0,0,0,0,0,-0.022681837336817234,0.0005144657449738363,-7.572381582216865,-7.977363101073191,-7.844591779064621,-5.749568051239764,-6.907292998645226
2023-04-17,41.12699890136719,0,0,1,0,0,0,0,0,0,0,0,-0.0005347698092763621,2.8597874891347673e-07,-15.067344836628399,-7.572381582216865,-8.195002194986941,-5.950920026351113,-6.900253854018351
2023-04-18,42.72200012207031,0,0,1,0,0,0,0,0,0,0,0,0.038049199484104373,0.0014477415813811685,-6.537750466151798,-15.067344836628399,-8.194795007749791,-5.966118116207574,-7.23758560839786
2023-04-19,40.29800033569336,0,0,1,0,0,0,0,0,0,0,0,-0.05841216463295252,0.0034119809771071493,-5.680462224366149,-6.537750466151798,-7.539786470373367,-5.959687666636273,-8.291305674438322
2023-04-20,40.564998626708984,0,0,1,0,0,0,0,0,0,0,0,0.006603743733093412,4.360943129237051e-05,-10.04023709402578,-5.680462224366149,-6.773641019941749,-5.92076889995603,-8.203798815122877
2023-04-21,40.16400146484375,0,0,1,0,0,0,0,0,0,0,0,-0.009934483504191773,9.869396249505844e-05,-9.223486773526316,-10.04023709402578,-6.8274509959525504,-6.053820752340689,-8.155191051971252
2023-04-24,39.92499923706055,0,0,1,0,0,0,0,0,0,0,0,-0.0059684334969898984,3.5622198407991065e-05,-10.242541535574654,-9.223486773526316,-6.907292998645226,-6.16786396288406,-8.13935689119027
2023-04-25,39.83300018310547,0,0,1,0,0,0,0,0,0,0,0,-0.0023069559273259125,5.322045650624161e-06,-12.143652619828224,-10.242541535574654,-6.900253854018351,-6.245239107272939,-7.553170260657418
2023-04-26,38.55099868774414,0,0,1,0,0,0,0,0,0,0,0,-0.03271371309379273,0.0010701870243829859,-6.839921855704771,-12.143652619828224,-7.23758560839786,-6.395788096623675,-7.846158229362087
2023-04-27,39.03900146484375,0,0,1,0,0,0,0,0,0,0,0,0.012579178014661786,0.00015823571952455043,-8.75142473466342,-6.839921855704771,-8.291305674438322,-6.434541091661216,-7.498372114980883
2023-04-28,38.53799819946289,0,0,1,0,0,0,0,0,0,0,0,-0.012916463202676772,0.0001668350216661031,-8.698505122057627,-8.75142473466342,-8.203798815122877,-6.463800963301684,-7.33744213408764
2023-05-01,38.83399963378906,0,0,0,1,0,0,0,0,0,0,0,0.007651421359473322,5.854424882020458e-05,-9.745727682475215,-8.698505122057627,-8.155191051971252,-6.459749158488945,-7.334928228357678
2023-05-02,37.52899932861328,0,0,0,1,0,0,0,0,0,0,0,-0.03418219259036106,0.0011684222902845344,-6.752100909162521,-9.745727682475215,-8.13935689119027,-6.45809163489015,-7.510201377226148
2023-05-03,36.78200149536133,0,0,0,1,0,0,0,0,0,0,0,-0.020105313820245663,0.00040422364381056123,-7.8135422569061745,-6.752100909162521,-7.553170260657418,-6.434584371209626,-7.398416162682766
2023-05-04,35.65299987792969,0,0,0,1,0,0,0,0,0,0,0,-0.03117534436291757,0.0009719020961464964,-6.936255481677059,-7.8135422569061745,-7.846158229362087,-6.698451421578165,-7.780409020761099
2023-05-05,36.57400131225586,0,0,0,1,0,0,0,0,0,0,0,0.025504349963338956,0.0006504718670524678,-7.337812507599502,-6.936255481677059,-7.498372114980883,-6.861185359668296,-6.766487435768511
2023-05-08,36.874000549316406,0,0,0,1,0,0,0,0,0,0,0,0.008169069213405145,6.673369181340376e-05,-9.61480059295153,-7.337812507599502,-7.33744213408764,-7.354106432417769,-6.744661618226705
2023-05-09,35.95000076293945,0,0,0,1,0,0,0,0,0,0,0,-0.025377605156025575,0.0006440228434551359,-7.3477763597326415,-9.61480059295153,-7.334928228357678,-7.4946927835336545,-6.816439327027497
2023-05-10,34.99300003051758,0,0,0,1,0,0,0,0,0,0,0,-0.026981063030441555,0.0007279777622526601,-7.225240055216705,-7.3477763597326415,-7.510201377226148,-7.532141360941153,-6.955426870464467
2023-05-11,34.99300003051758,0,0,0,1,0,0,0,0,0,0,0,0.0,0.0,-27.631021115928547,-7.225240055216705,-7.398416162682766,-7.472192611810915,-6.244669240929052
2023-05-12,32.766998291015625,0,0,0,1,0,0,0,0,0,0,0,-0.06572618314126226,0.004319931150318747,-5.444515814047851,-27.631021115928547,-7.780409020761099,-7.485924132686906,-6.802670276102596
2023-05-15,32.31399917602539,0,0,0,1,0,0,0,0,0,0,0,-0.013921311861948778,0.00019380292395763577,-8.548668765960842,-5.444515814047851,-6.766487435768511,-7.207120340752253,-6.794178488090751
2023-05-16,31.820999145507812,0,0,0,1,0,0,0,0,0,0,0,-0.015374125017288654,0.00023636372004722084,-8.350138748476432,-8.548668765960842,-6.744661618226705,-7.216319805772709,-6.76640884523342
2023-05-17,31.952999114990234,0,0,0,1,0,0,0,0,0,0,0,0.004139623093550363,1.7136479356655478e-05,-10.974301012634061,-8.350138748476432,-6.816439327027497,-7.233679960744901,-6.441894600307612
2023-05-18,29.78499984741211,0,0,0,1,0,0,0,0,0,0,0,-0.07026113947422942,0.004936627720217119,-5.311072828419122,-10.974301012634061,-6.955426870464467,-7.232619469433668,-6.14490144372878
2023-05-19,30.176000595092773,0,0,0,1,0,0,0,0,0,0,0,0.013042020214104652,0.00017009429126511435,-8.6791576142982,-5.311072828419122,-6.244669240929052,-7.0342132104767545,-6.037004447843165
2023-05-22,29.711000442504883,0,0,0,1,0,0,0,0,0,0,0,-0.015529563669290529,0.0002411673477585483,-8.330019472264022,-8.6791576142982,-6.802670276102596,-7.217202183971894,-6.053750025466792
2023-05-23,29.12700080871582,0,0,0,1,0,0,0,0,0,0,0,-0.01985175568120977,0.00039409220362644445,-7.838925654150663,-8.330019472264022,-6.794178488090751,-7.205039788179523,-5.601658007231747
2023-05-24,27.78499984741211,0,0,0,1,0,0,0,0,0,0,0,-0.04716930558112895,0.002224943389005923,-6.1080238063815715,-7.838925654150663,-6.76640884523342,-7.187125547242271,-4.857556684680082
2023-05-25,25.45199966430664,0,0,0,1,0,0,0,0,0,0,0,-0.0877019890588751,0.007691638884883047,-4.867621399070708,-6.1080238063815715,-6.441894600307612,-7.06350373065143,-5.058261754453246
2023-05-26,24.520000457763672,0,0,0,1,0,0,0,0,0,0,0,-0.03730518244427129,0.001391676637200367,-6.577246044199181,-4.867621399070708,-6.14490144372878,-6.721149188861508,-4.353759490248914
2023-05-30,24.680999755859375,0,0,0,1,0,0,0,0,0,0,0,0.006544577226055957,4.283149106781029e-05,-10.058236929964794,-6.577246044199181,-6.037004447843165,-6.709096541729017,-4.101850139550033
2023-05-31,26.851999282836914,0,0,0,1,0,0,0,0,0,0,0,0.08430657240545159,0.007107598150755651,-4.946590904931143,-10.058236929964794,-6.053750025466792,-6.713406352229938,-4.1489188625573865
2023-06-01,23.10300064086914,0,0,0,0,1,0,0,0,0,0,0,-0.15037777240363698,0.022613474433080042,-3.7892093364714414,-4.946590904931143,-5.601658007231747,-6.482481517003684,-4.477213099889118
2023-06-02,23.68899917602539,0,0,0,0,1,0,0,0,0,0,0,0.025048263628111404,0.0006274155107833687,-7.373901538599766,-3.7892093364714414,-4.857556684680082,-5.969611740524869,-4.0594907798398525
2023-06-05,28.47800064086914,0,0,0,0,1,0,0,0,0,0,0,0.1841211112698266,0.033900583615235874,-3.3843230489257556,-7.373901538599766,-5.058261754453246,-5.9792822129015875,-4.539007643944119
2023-06-06,24.860000610351562,0,0,0,0,1,0,0,0,0,0,0,-0.13587177122869473,0.018461138216822756,-3.992087393204628,-3.3843230489257556,-4.353759490248914,-5.5082476193512955,-4.467236771095594
2023-06-07,26.33099937438965,0,0,0,0,1,0,0,0,0,0,0,0.05748681788451363,0.003304734230487236,-5.712399222985326,-3.992087393204628,-4.101850139550033,-5.329154130284492,-4.460371547822411
2023-06-08,26.94499969482422,0,0,0,0,1,0,0,0,0,0,0,0.023050811540952454,0.0005313399126965068,-7.540108602735625,-5.712399222985326,-4.1489188625573865,-5.30457339735184,-4.384456948413618
2023-06-09,32.04899978637695,0,0,0,0,1,0,0,0,0,0,0,0.1734682349067644,0.0300912285216684,-3.5035215609028336,-7.540108602735625,-4.477213099889118,-5.300332204642003,-4.450773999246787
2023-06-12,31.035999298095703,0,0,0,0,1,0,0,0,0,0,0,-0.03211817655045442,0.0010315772649261603,-6.876666321882973,-3.5035215609028336,-4.0594907798398525,-5.062700681103484,-4.306396226665747
2023-06-13,36.05099868774414,0,0,0,0,1,0,0,0,0,0,0,0.14978676778139466,0.02243607580239745,-3.7970850886914844,-6.876666321882973,-4.539007643944119,-5.060522428424198,-4.652504440445967
2023-06-14,38.3120002746582,0,0,0,0,1,0,0,0,0,0,0,0.060828604012007736,0.0037001190660496436,-5.599390279566045,-3.7970850886914844,-4.467236771095594,-4.911414556123862,-4.613724161983197
2023-06-15,41.14500045776367,0,0,0,0,1,0,0,0,0,0,0,0.07133925397400265,0.005089289157567253,-5.2806171126777555,-5.599390279566045,-4.460371547822411,-4.915248713272821,-4.6720522174906565
2023-06-16,35.007999420166016,0,0,0,0,1,0,0,0,0,0,0,-0.1615258339466807,0.02609059503217067,-3.646180373149509,-5.2806171126777555,-4.384456948413618,-4.8853583109511085,-5.47519930378746
2023-06-20,38.70800018310547,0,0,0,0,1,0,0,0,0,0,0,0.10046971151250922,0.010094162931406827,-4.595797949683855,-3.646180373149509,-4.450773999246787,-4.740805726462857,-5.704421119456921
2023-06-21,36.74300003051758,0,0,0,0,1,0,0,0,0,0,0,-0.052098569593081144,0.002714260953645119,-5.909235570885466,-4.595797949683855,-4.306396226665747,-4.689676914627749,-5.873500814992467
2023-06-22,34.09700012207031,0,0,0,0,1,0,0,0,0,0,0,-0.07473832469623608,0.005585817178400012,-5.18752454035134,-5.909235570885466,-4.652504440445967,-4.700730211668797,-6.275816276359713
2023-06-23,32.50699996948242,0,0,0,0,1,0,0,0,0,0,0,-0.0477539576394684,0.0022804404702321426,-6.0833866655375015,-5.18752454035134,-4.613724161983197,-4.6740051480912665,-6.218795614460604
2023-06-26,31.975000381469727,0,0,0,0,1,0,0,0,0,0,0,-0.016501090425184245,0.00027228598522010714,-8.208657624096206,-6.0833866655375015,-4.6720522174906565,-4.664124169355828,-5.644575744508993
2023-06-27,34.50600051879883,0,0,0,0,1,0,0,0,0,0,0,0.07617887759954864,0.005803221392327014,-5.149342102971689,-8.208657624096206,-5.47519930378746,-4.664711628580879,-6.028207012303756
2023-06-28,34.125,0,0,0,0,1,0,0,0,0,0,0,-0.011102983489580637,0.0001232762423699002,-9.001082839756904,-5.149342102971689,-5.704421119456921,-4.647596189439048,-5.769114778201798
2023-06-29,35.18000030517578,0,0,0,0,1,0,0,0,0,0,0,0.030447494478983567,0.0009270499200477348,-6.983503141585471,-9.001082839756904,-5.873500814992467,-4.6841487445992005,-5.753106972196957
2023-06-30,37.10300064086914,0,0,0,0,1,0,0,0,0,0,0,0.05322009816648029,0.0028323788488497986,-5.866638337433219,-6.983503141585471,-6.275816276359713,-4.686436861526888,-5.3615813883677985
2023-07-03,33.92900085449219,0,0,0,0,0,1,0,0,0,0,0,-0.08942771504732096,0.007997316218584835,-4.828649266137702,-5.866638337433219,-6.218795614460604,-4.672777348245165,-5.682945850336734
2023-07-05,34.37300109863281,0,0,0,0,0,1,0,0,0,0,0,0.013001273334745487,0.00016903310832476405,-8.685415949065394,-4.828649266137702,-5.644575744508993,-4.668459640615493,-5.321742721054089
2023-07-06,32.347999572753906,0,0,0,0,0,1,0,0,0,0,0,-0.06071922241224223,0.003686823970347339,-5.602989903927273,-8.685415949065394,-6.028207012303756,-4.783517796998867,-5.485331856368403
2023-07-07,33.47800064086914,0,0,0,0,0,1,0,0,0,0,0,0.034336343797651624,0.0011789845053905292,-6.7431017988274755,-5.602989903927273,-5.769114778201798,-4.767032924079073,-5.513069732709315
2023-07-10,30.226999282836914,0,0,0,0,0,1,0,0,0,0,0,-0.10215298484888831,0.010435232313537204,-4.5625674756881205,-6.7431017988274755,-5.753106972196957,-4.959243653378939,-6.132309050282814
2023-07-11,29.06100082397461,0,0,0,0,0,1,0,0,0,0,0,-0.03933844350889827,0.0015475131377027805,-6.471106063165132,-4.5625674756881205,-5.3615813883677985,-5.012624249972052,-5.808626655229919
2023-07-12,26.638999938964844,0,0,0,0,0,1,0,0,0,0,0,-0.08702079232673066,0.007572618297171985,-4.88321639310871,-6.471106063165132,-5.682945850336734,-5.024701797215451,-6.5089088697303366
2023-07-13,26.60700035095215,0,0,0,0,0,1,0,0,0,0,0,-0.001201952886260812,1.4446907407906963e-06,-13.447614587330099,-4.88321639310871,-5.321742721054089,-4.97716117242172,-6.3286475575717915
2023-07-14,25.957000732421875,0,0,0,0,0,1,0,0,0,0,0,-0.0247330012815635,0.0006117213523938217,-7.3992336840467585,-13.447614587330099,-5.485331856368403,-5.198311480835771,-6.396427485631795
2023-07-17,25.10099983215332,0,0,0,0,0,1,0,0,0,0,0,-0.03353367167636113,0.0011245071360979845,-6.7904104396771,-7.3992336840467585,-5.513069732709315,-5.201771086593376,-5.887949106969936
2023-07-18,27.069000244140625,0,0,0,0,0,1,0,0,0,0,0,0.07548149140495054,0.005697455544715623,-5.167735599294247,-6.7904104396771,-6.132309050282814,-5.395247939174211,-5.98771797642161
2023-07-19,26.96299934387207,0,0,0,0,0,1,0,0,0,0,0,-0.003923639216264365,1.5394944699407645e-05,-11.081471303751703,-5.167735599294247,-5.808626655229919,-5.375439669031679,-5.321653364940815
2023-07-20,28.01799964904785,0,0,0,0,0,1,0,0,0,0,0,0.03838161676456394,0.0014731485054618556,-6.520353327532725,-11.081471303751703,-6.5089088697303366,-5.42654819103627,-5.347514818955824
2023-07-21,28.163999557495117,0,0,0,0,0,1,0,0,0,0,0,0.005197402697197409,2.70129947968349e-05,-10.519192481951356,-6.520353327532725,-6.3286475575717915,-5.720132395458599,-5.023215450338751
2023-07-24,30.55699920654297,0,0,0,0,0,1,0,0,0,0,0,0.08154921502868041,0.006650274471793956,-5.013097151061772,-10.519192481951356,-6.396427485631795,-5.870423185435726,-4.963046812838447
2023-07-25,32.64799880981445,0,0,0,0,0,1,0,0,0,0,0,0.06618979567457402,0.004381089051441857,-5.4304579433900955,-5.013097151061772,-5.887949106969936,-5.808946778485942,-5.033349138480897
2023-07-26,29.274999618530273,0,0,0,0,0,1,0,0,0,0,0,-0.10904966519520286,0.011891829479185838,-4.431903712984926,-5.4304579433900955,-5.98771797642161,-5.827365236967797,-5.336879694830011
2023-07-27,28.43400001525879,0,0,0,0,0,1,0,0,0,0,0,-0.02914828370307303,0.0008496224428348329,-7.0707184908824505,-4.431903712984926,-5.321653364940815,-5.689078221297935,-5.2353515127094195
2023-07-28,25.840999603271484,0,0,0,0,0,1,0,0,0,0,0,-0.09562325024683198,0.009143805987768252,-4.694678570041025,-7.0707184908824505,-5.347514818955824,-5.681350305087595,-5.498473715864142
2023-07-31,28.365999221801758,0,0,0,0,0,1,0,0,0,0,0,0.0932288549349119,0.008691619392474847,-4.745396005688095,-4.694678570041025,-5.023215450338751,-5.637770893157926,-5.822028615341062
2023-08-01,27.12299919128418,0,0,0,0,0,0,1,0,0,0,0,-0.04480917083149304,0.0020078617906059268,-6.210684908402981,-4.745396005688095,-4.963046812838447,-5.533972080533001,-5.940463775570318
2023-08-02,28.742000579833984,0,0,0,0,0,0,1,0,0,0,0,0.05797744121907511,0.0033613836903113098,-5.69540257688841,-6.210684908402981,-5.033349138480897,-5.521612199680661,-4.248044096141189
2023-08-03,30.472999572753906,0,0,0,0,0,0,1,0,0,0,0,0.05848154380388844,0.0034200909656861224,-5.678088129815121,-5.69540257688841,-5.336879694830011,-5.515617873465765,-4.223631892824777
2023-08-04,28.85300064086914,0,0,0,0,0,0,1,0,0,0,0,-0.054627035735063126,0.002984113033199864,-5.814452717264267,-5.678088129815121,-5.2353515127094195,-5.568713728169824,-4.2322349134932855
2023-08-07,30.48699951171875,0,0,0,0,0,0,1,0,0,0,0,0.055086351332872735,0.00303450610316869,-5.797706601100772,-5.814452717264267,-5.498473715864142,-5.535726418437781,-4.266101821322712
2023-08-08,31.06599998474121,0,0,0,0,0,0,1,0,0,0,0,0.01881362584703733,0.0003539525175123111,-7.946347782322827,-5.797706601100772,-5.822028615341062,-5.54327403699972,-4.084488911456848
2023-08-09,39.823001861572266,0,0,0,0,0,0,1,0,0,0,0,0.24833070849543878,0.06166814078184659,-2.7859878382709304,-7.946347782322827,-5.940463775570318,-5.552902357047893,-5.372501103769309
2023-08-10,37.055999755859375,0,0,0,0,0,0,1,0,0,0,0,-0.0720144062078745,0.005186074701472753,-5.261778187327537,-2.7859878382709304,-4.248044096141189,-5.082406406873905,-5.589344087993227
2023-08-11,35.29999923706055,0,0,0,0,0,0,1,0,0,0,0,-0.04854733303587129,0.0023568435448958,-6.05043203572268,-5.261778187327537,-4.223631892824777,-5.056101094915327,-5.716320882877275
2023-08-14,34.433998107910156,0,0,0,0,0,0,1,0,0,0,0,-0.02483854892025855,0.0006169535124640771,-7.390716879743206,-6.05043203572268,-4.2322349134932855,-5.094027576423997,-5.160260824180083
2023-08-15,38.8129997253418,0,0,0,0,0,0,1,0,0,0,0,0.11971084157595926,0.014330685590824416,-4.245352195172447,-7.390716879743206,-4.266101821322712,-5.0894763231834546,-5.686763668763043
2023-08-16,37.784000396728516,0,0,0,0,0,0,1,0,0,0,0,-0.026869491888212183,0.0007219695943307004,-7.2335275316885035,-4.245352195172447,-4.084488911456848,-4.993065329762912,-4.830100326644877
2023-08-17,36.82500076293945,0,0,0,0,0,0,1,0,0,0,0,-0.025708760027054262,0.000660940342128663,-7.32184697463844,-7.2335275316885035,-5.372501103769309,-4.995765745844961,-4.435609207533554
2023-08-18,36.40999984741211,0,0,0,0,0,0,1,0,0,0,0,-0.011333525070151031,0.00012844879051574195,-8.959980242660176,-7.32184697463844,-5.589344087993227,-5.030184364471688,-4.322054074573938
2023-08-21,40.78200149536133,0,0,0,0,0,0,1,0,0,0,0,0.11339738626322685,0.012858967211331469,-4.353713873480781,-8.959980242660176,-5.716320882877275,-5.029398634459679,-4.367769834457693
2023-08-22,42.90800094604492,0,0,0,0,0,0,1,0,0,0,0,0.05081746652365498,0.0025824149038827945,-5.959030308187986,-4.353713873480781,-5.160260824180083,-4.9532704007360175,-4.29073299288134
2023-08-23,36.7859992980957,0,0,0,0,0,0,1,0,0,0,0,-0.15394099185553983,0.02369782897346738,-3.742371839489849,-5.959030308187986,-5.686763668763043,-4.936952423820373,-4.704371477864311
2023-08-24,31.937999725341797,0,0,0,0,0,0,1,0,0,0,0,-0.14132080410891587,0.019971569673990573,-3.9134455329913544,-3.742371839489849,-4.830100326644877,-4.834416740849253,-5.257483769645934
2023-08-25,34.777000427246094,0,0,0,0,0,0,1,0,0,0,0,0.0851597462029602,0.007252182373352594,-4.926452838260045,-3.9134455329913544,-4.435609207533554,-4.7490425349637135,-5.569239222868222
2023-08-28,38.41400146484375,0,0,0,0,0,0,1,0,0,0,0,0.09946575359382483,0.009893436137987476,-4.615883757997968,-4.926452838260045,-4.322054074573938,-4.773696557561678,-6.186484707621555
2023-08-29,35.19499969482422,0,0,0,0,0,0,1,0,0,0,0,-0.08751799622663278,0.00765939966352491,-4.87182167107837,-4.615883757997968,-4.367769834457693,-4.726189072551174,-5.933153433968992
2023-08-30,35.992000579833984,0,0,0,0,0,0,1,0,0,0,0,0.022392689259853972,0.0005014325322883794,-7.598041489445974,-4.87182167107837,-4.29073299288134,-4.733833533490968,-5.774976113066862
2023-08-31,35.02899932861328,0,0,0,0,0,0,1,0,0,0,0,-0.027120436973373192,0.0007355181016267077,-7.214935405544897,-7.598041489445974,-4.704371477864311,-4.777095805821229,-5.65476648981328
2023-09-01,35.617000579833984,0,0,0,0,0,0,0,1,0,0,0,0.016646797571738255,0.00027711586939443067,-8.19107483456891,-7.214935405544897,-5.257483769645934,-4.7839877828525355,-5.589836794472838
2023-09-05,34.44900131225586,0,0,0,0,0,0,0,1,0,0,0,-0.03334306069244196,0.001111759696339868,-6.801811206021118,-8.19107483456891,-5.569239222868222,-4.80089433060301,-5.592745896165844
2023-09-06,31.075000762939453,0,0,0,0,0,0,0,1,0,0,0,-0.10307634560654821,0.010624733023600572,-4.544570691583764,-6.801811206021118,-6.186484707621555,-4.813737233117734,-6.0746029495679
2023-09-07,32.755001068115234,0,0,0,0,0,0,0,1,0,0,0,0.05265199284474059,0.0027722323505226143,-5.8881023802716514,-4.544570691583764,-5.933153433968992,-4.771842790694523,-6.213133224503556
2023-09-08,34.507999420166016,0,0,0,0,0,0,0,1,0,0,0,0.052135509618380066,0.0027181113631682004,-5.907817991256566,-5.8881023802716514,-5.774976113066862,-4.773252154602139,-6.436410836376143
2023-09-11,35.847999572753906,0,0,0,0,0,0,0,1,0,0,0,0.038096601154126886,0.001451351019496622,-6.53526041807479,-5.907817991256566,-5.65476648981328,-4.760619199737181,-6.238459422337508
2023-09-12,34.70100021362305,0,0,0,0,0,0,0,1,0,0,0,-0.03251925442809268,0.001057501908559025,-6.851845841315897,-6.53526041807479,-5.589836794472838,-5.145908704509399,-5.959771241538963
2023-09-13,36.81700134277344,0,0,0,0,0,0,0,1,0,0,0,0.05919122036163922,0.0035036005679001335,-5.653964105299473,-6.851845841315897,-5.592745896165844,-5.178666208638776,-6.257237318882179
2023-09-14,35.520999908447266,0,0,0,0,0,0,0,1,0,0,0,-0.03583566319571547,0.0012841947566767562,-6.657623404783071,-5.653964105299473,-6.0746029495679,-5.1694592944416,-6.158943585046962
2023-09-15,36.483001708984375,0,0,0,0,0,0,0,1,0,0,0,0.02672237720687393,0.0007140854435864554,-7.244507932495455,-6.657623404783071,-6.213133224503556,-5.164140998705244,-6.19865883427788
2023-09-18,34.474998474121094,0,0,0,0,0,0,0,1,0,0,0,-0.05661206609136057,0.003204926027132577,-5.743066269021696,-7.244507932495455,-6.436410836376143,-5.27870375604781,-5.563540327956445
2023-09-19,36.78200149536133,0,0,0,0,0,0,0,1,0,0,0,0.0647742563125749,0.004195704280847149,-5.473694067135857,-5.743066269021696,-6.238459422337508,-5.25681123589887,-5.320763976629886
2023-09-20,37.284000396728516,0,0,0,0,0,0,0,1,0,0,0,0.013555655108135688,0.00018375578541072516,-8.601902929696536,-5.473694067135857,-5.959771241538963,-5.226449114341326,-5.3012957554152065
2023-09-21,39.10499954223633,0,0,0,0,0,0,0,1,0,0,0,0.04768603350793263,0.0022739577917196734,-6.086233444635337,-8.601902929696536,-6.257237318882179,-5.225981299707898,-5.39150001161601
2023-09-22,39.79100036621094,0,0,0,0,0,0,0,1,0,0,0,0.0173904409215346,0.0003024274354453851,-8.10366918878846,-6.086233444635337,-6.158943585046962,-5.3197563454666135,-5.29104876880678
2023-09-25,44.44200134277344,0,0,0,0,0,0,0,1,0,0,0,0.11054423320417549,0.012220027494699134,-4.404679075184007,-8.10366918878846,-6.19865883427788,-5.341160105962728,-5.694017374971294
2023-09-26,40.321998596191406,0,0,0,0,0,0,0,1,0,0,0,-0.09728780758070632,0.009464917503860538,-4.660163210168602,-4.404679075184007,-5.563540327956445,-5.4564712557561625,-6.105441746106659
2023-09-27,39.29600143432617,0,0,0,0,0,0,0,1,0,0,0,-0.025774421867323698,0.000664320822594774,-7.316745357111525,-4.660163210168602,-5.320763976629886,-5.575120992335063,-6.034297752040133
2023-09-28,39.736000061035156,0,0,0,0,0,0,0,1,0,0,0,0.011134810315825252,0.00012398400076940843,-8.995358018671416,-7.316745357111525,-5.3012957554152065,-5.657404182969029,-5.780453114732778
2023-09-29,41.85900115966797,0,0,0,0,0,0,0,1,0,0,0,0.05204927594126177,0.002709127126009611,-5.91112878932812,-8.995358018671416,-5.39150001161601,-5.793432839555534,-5.764413027661851
2023-10-02,39.334999084472656,0,0,0,0,0,0,0,0,1,0,0,-0.062192170776255024,0.0038678661058628694,-5.555052317589274,-5.91112878932812,-5.29104876880678,-5.8701357256126325,-5.074490433859085
2023-10-03,36.98699951171875,0,0,0,0,0,0,0,0,1,0,0,-0.06154819815297651,0.0037881806958780613,-5.575869402346701,-5.555052317589274,-5.694017374971294,-5.817339849062063,-4.794067440729288
2023-10-04,38.441001892089844,0,0,0,0,0,0,0,0,1,0,0,0.03855816119939904,0.0014867317950788416,-6.511174993556219,-5.575869402346701,-6.105441746106659,-5.771761363930567,-4.711865251616194
2023-10-05,36.207000732421875,0,0,0,0,0,0,0,0,1,0,0,-0.059872157019888295,0.0035846751862141594,-5.631087412322822,-6.511174993556219,-6.034297752040133,-5.754260354926438,-4.406082515270018
2023-10-06,38.23099899291992,0,0,0,0,0,0,0,0,1,0,0,0.054394187959594546,0.0029587276837837,-5.8229959392739605,-5.631087412322822,-5.780453114732778,-5.719407375944412,-4.450024938678127
2023-10-09,43.952999114990234,0,0,0,0,0,0,0,0,1,0,0,0.13947418255971716,0.019453047600701313,-3.9397515321586396,-5.8229959392739605,-5.764413027661851,-5.83166119067735,-4.594187440322119
2023-10-10,49.45500183105469,0,0,0,0,0,0,0,0,1,0,0,0.117942341164547,0.013910395839374395,-4.275118816199752,-3.9397515321586396,-5.074490433859085,-5.6017442876117665,-4.913887218558055
2023-10-11,46.06800079345703,0,0,0,0,0,0,0,0,1,0,0,-0.07094461918620024,0.005033138991474971,-5.291711435341345,-4.275118816199752,-4.794067440729288,-5.472632801019072,-5.014775145796051
2023-10-12,53.00199890136719,0,0,0,0,0,0,0,0,1,0,0,0.1402110449307945,0.019659137120585275,-3.929213055277927,-5.291711435341345,-4.711865251616194,-5.434602731089184,-5.899228269732663
2023-10-13,53.981998443603516,0,0,0,0,0,0,0,0,1,0,0,0.018321000870208447,0.0003356590728861787,-7.999414574171111,-3.929213055277927,-4.406082515270018,-5.257463982752233,-5.898579562820573
2023-10-16,48.46699905395508,0,0,0,0,0,0,0,0,1,0,0,-0.10776749436387982,0.01161383284146887,-4.455558404897276,-7.999414574171111,-4.450024938678127,-5.285499965310148,-7.769025893690791
2023-10-17,48.895999908447266,0,0,0,0,0,0,0,0,1,0,0,0.008812457204269333,7.765940197707848e-05,-9.463177921340593,-4.455558404897276,-4.594187440322119,-5.196839250380723,-7.225812978665632
2023-10-18,50.83300018310547,0,0,0,0,0,0,0,0,1,0,0,0.038850161911248175,0.0015093350805301985,-6.496086068492396,-9.463177921340593,-4.913887218558055,-5.202080338501312,-7.68186152604573
2023-10-19,50.172000885009766,0,0,0,0,0,0,0,0,1,0,0,-0.013088633780962674,0.00017131233425215725,-8.672022145581952,-6.496086068492396,-5.014775145796051,-5.21617943151598,-7.623954865999375
2023-10-20,51.11199951171875,0,0,0,0,0,0,0,0,1,0,0,0.018562173944935922,0.00034455430156205805,-7.973258852756634,-8.672022145581952,-5.899228269732663,-5.250460817866472,-7.7618423963149965
2023-10-23,51.2760009765625,0,0,0,0,0,0,0,0,1,0,0,0.003203531748224674,1.0262615661883436e-05,-11.487002715466327,-7.973258852756634,-5.898579562820573,-5.2490682925533205,-7.766634321013323
2023-10-24,49.263999938964844,0,0,0,0,0,0,0,0,1,0,0,-0.04002923555189985,0.0016023396988694828,-6.436290405455606,-11.487002715466327,-7.769025893690791,-5.268852822299644,-7.361541488432597
2023-10-25,49.92399978637695,0,0,0,0,0,0,0,0,1,0,0,0.013308254834038134,0.00017710964672769936,-8.638741538500595,-6.436290405455606,-7.225812978665632,-5.257443882420201,-7.409942744215864
2023-10-26,50.808998107910156,0,0,0,0,0,0,0,0,1,0,0,0.0175716222303304,0.00030876190780544145,-8.08294009973616,-8.638741538500595,-7.68186152604573,-5.368483177398547,-7.4192288740376195
2023-10-27,50.53200149536133,0,0,0,0,0,0,0,0,1,0,0,-0.00546663844741822,2.9884135914791087e-05,-10.41818275631955,-8.08294009973616,-7.623954865999375,-5.46201174713047,-7.392811961158775
2023-10-30,50.547000885009766,0,0,0,0,0,0,0,0,1,0,0,0.00029678547285401857,8.808161689718339e-08,-16.24499063451485,-10.41818275631955,-7.7618423963149965,-5.468828327038154,-6.44986301391952
2023-10-31,48.00600051879883,0,0,0,0,0,0,0,0,1,0,0,-0.051577600130008554,0.0026602488351710582,-5.929335613131089,-16.24499063451485,-7.766634321013323,-5.470164942547333,-6.730420391298813
2023-11-01,47.75699996948242,0,0,0,0,0,0,0,0,0,1,0,-0.005200361500909254,2.704375974013915e-05,-10.518054235833876,-5.929335613131089,-7.361541488432597,-5.4706927437622745,-6.728723173631215
2023-11-02,48.56399917602539,0,0,0,0,0,0,0,0,0,1,0,0.01675684631286004,0.0002807918983528111,-8.177896734687392,-10.518054235833876,-7.409942744215864,-5.51306302173122,-6.411861056013373
2023-11-03,48.05699920654297,0,0,0,0,0,0,0,0,0,1,0,-0.010494708838242961,0.00011013891359949493,-9.113768128913426,-8.177896734687392,-7.4192288740376195,-5.553388660336248,-6.309125370410894
2023-11-06,44.832000732421875,0,0,0,0,0,0,0,0,0,1,0,-0.06946560338507811,0.004825470053652975,-5.333847128282805,-9.113768128913426,-7.392811961158775,-5.569671111397352,-6.915286708897735
2023-11-07,46.05699920654297,0,0,0,0,0,0,0,0,0,1,0,0.026957556116028635,0.0007267098317488329,-7.226983289748163,-5.333847128282805,-6.44986301391952,-5.554983154679983,-7.066379136550052
2023-11-08,45.777000427246094,0,0,0,0,0,0,0,0,0,1,0,-0.006097951696745702,3.7185014895843786e-05,-10.199604676329102,-7.226983289748163,-6.730420391298813,-5.581561760854551,-7.041287095879714
2023-11-09,48.12900161743164,0,0,0,0,0,0,0,0,0,1,0,0.0501031487323112,0.002510325512892097,-5.987342847437452,-10.199604676329102,-6.728723173631215,-5.84852884171001,-7.59330460745934
2023-11-10,46.63199996948242,0,0,0,0,0,0,0,0,0,1,0,-0.0315979395544094,0.00099842978408411,-6.909326727977484,-5.987342847437452,-6.411861056013373,-6.0465739350894845,-7.918972726037169
2023-11-13,47.87300109863281,0,0,0,0,0,0,0,0,0,1,0,0.026264694031360142,0.000689834152560965,-7.279059346421402,-6.909326727977484,-6.309125370410894,-6.127257615060724,-8.17604575495582
2023-11-14,47.608001708984375,0,0,0,0,0,0,0,0,0,1,0,-0.0055508438806242755,3.081186778706397e-05,-10.387610591983726,-7.279059346421402,-6.915286708897735,-6.629883319932038,-7.451539104121763
2023-11-15,47.0369987487793,0,0,0,0,0,0,0,0,0,1,0,-0.012066350793903636,0.0001455968214815389,-8.83466924605563,-10.387610591983726,-7.066379136550052,-6.640433752386563,-7.448502446653224
2023-11-16,45.8489990234375,0,0,0,0,0,0,0,0,0,1,0,-0.025581132531375506,0.0006543943415877982,-7.331800417902902,-8.83466924605563,-7.041287095879714,-7.149601406828117,-7.103053031815589
2023-11-17,45.06399917602539,0,0,0,0,0,0,0,0,0,1,0,-0.017269683606400618,0.0002982419718651823,-8.117605411463504,-7.331800417902902,-7.59330460745934,-7.116759008348594,-7.177614565081361
2023-11-20,45.82099914550781,0,0,0,0,0,0,0,0,0,1,0,0.01665879936161568,0.000277515596170567,-8.189633420337223,-8.117605411463504,-7.918972726037169,-7.187016211770279,-6.568348752827799
2023-11-21,44.064998626708984,0,0,0,0,0,0,0,0,0,1,0,-0.039076697282983006,0.0015269882705458914,-6.4844579334916475,-8.189633420337223,-8.17604575495582,-7.180653908479919,-6.6811387213239
2023-11-22,44.61600112915039,0,0,0,0,0,0,0,0,0,1,0,0.012426779008943196,0.00015442483653711124,-8.775803068433301,-6.4844579334916475,-7.451539104121763,-7.112424360974557,-6.266753802777511
2023-11-23,46.58000183105469,0,0,0,0,0,0,0,0,0,1,0,0.04307873937063798,0.001855777785763355,-6.289451378745372,-8.775803068433301,-7.448502446653224,-7.104415418839663,-6.276517080529383
2023-11-24,46.65700149536133,0,0,0,0,0,0,0,0,0,1,0,0.0016516979110179494,2.728105989261058e-06,-12.811902599814763,-6.289451378745372,-7.103053031815589,-7.0904893003278096,-6.168192732054906
2023-11-27,43.98400115966797,0,0,0,0,0,0,0,0,0,1,0,-0.058997043888535126,0.00348065118758574,-5.660535879544287,-12.811902599814763,-7.177614565081361,-7.100050507804525,-5.908100081173481
2023-11-28,42.77399826049805,0,0,0,0,0,0,0,0,0,1,0,-0.027895557092295138,0.0007781621054894976,-7.158575692393417,-5.660535879544287,-6.568348752827799,-6.938998262069944,-5.786186961247009
2023-11-29,40.36000061035156,0,0,0,0,0,0,0,0,0,1,0,-0.05809119008817918,0.003374586365860967,-5.691482520135606,-7.158575692393417,-6.6811387213239,-6.904507886966443,-5.959774007587163
2023-11-30,42.090999603271484,0,0,0,0,0,0,0,0,0,1,0,0.04199472107915677,0.001763556598516174,-6.340422713812458,-5.691482520135606,-6.266753802777511,-6.762236931195029,-6.08253157596493
2023-12-01,43.49599838256836,0,0,0,0,0,0,0,0,0,0,1,0.03283501097061315,0.001078137945440286,-6.83251984952421,-6.340422713812458,-6.276517080529383,-6.798111752214394,-6.070478453797628
2023-12-04,40.104000091552734,0,0,0,0,0,0,0,0,0,0,1,-0.08119286041377775,0.006592280582171198,-5.021855923086136,-6.83251984952421,-6.168192732054906,-6.756187451937239,-6.279869486306756
2023-12-05,38.132999420166016,0,0,0,0,0,0,0,0,0,0,1,-0.05039604846901325,0.002539761701291133,-5.975685020348492,-5.021855923086136,-5.908100081173481,-6.535817257616294,-6.385908461960109
2023-12-06,39.3129997253418,0,0,0,0,0,0,0,0,0,0,1,0.030475212219213243,0.0009287385598060841,-6.981683278771459,-5.975685020348492,-5.786186961247009,-6.4624411453624395,-6.378718374900179
2023-12-07,39.96799850463867,0,0,0,0,0,0,0,0,0,0,1,0.016523850534917037,0.00027303763650027806,-8.205900905980615,-6.981683278771459,-5.959774007587163,-6.582881244764402,-6.324990459603299
2023-12-08,38.597999572753906,0,0,0,0,0,0,0,0,0,0,1,-0.034878645941408985,0.0012165199427061654,-6.711761001542024,-8.205900905980615,-6.08253157596493,-6.5978948351405196,-6.202361682766423
2023-12-11,36.11800003051758,0,0,0,0,0,0,0,0,0,0,1,-0.0664090937127006,0.00441016772774225,-5.423842556518245,-6.711761001542024,-6.070478453797628,-6.559325543258191,-6.182330512350459
2023-12-12,34.702999114990234,0,0,0,0,0,0,0,0,0,0,1,-0.03996524383031339,0.0015972207144164027,-6.439490213026857,-5.423842556518245,-6.279869486306756,-6.50016080596077,-5.7279394057068345
2023-12-13,35.8120002746582,0,0,0,0,0,0,0,0,0,0,1,0.03145692739657651,0.0009895382812334858,-6.918272105207692,-6.439490213026857,-6.385908461960109,-6.482216194780792,-5.7376791064034265
2023-12-14,34.849998474121094,0,0,0,0,0,0,0,0,0,0,1,-0.02722994701901043,0.0007414700146581149,-7.206875834617098,-6.918272105207692,-6.378718374900179,-6.473354128894895,-5.758742096229583
2023-12-15,33.18899917602539,0,0,0,0,0,0,0,0,0,0,1,-0.04883462252820012,0.00238482035747179,-6.038631478874107,-7.206875834617098,-6.324990459603299,-6.452649081243788,-5.922588803616206
2023-12-18,35.52199935913086,0,0,0,0,0,0,0,0,0,0,1,0.06793373390951862,0.00461499220288928,-5.378445100326846,-6.038631478874107,-6.202361682766423,-6.390078975219824,-6.345138700402978
2023-12-19,32.56800079345703,0,0,0,0,0,0,0,0,0,0,1,-0.08682196923989884,0.00753805434269394,-4.887791174864435,-5.378445100326846,-6.182330512350459,-6.28817345701815,-7.5182563960306785
2023-12-20,33.520999908447266,0,0,0,0,0,0,0,0,0,0,1,0.028841869809479885,0.0008318534541069873,-7.091854268345495,-4.887791174864435,-5.7279394057068345,-6.125117902837671,-6.598269720808996
2023-12-21,34.202999114990234,0,0,0,0,0,0,0,0,0,0,1,0.020141228271238595,0.0004056690762741408,-7.809972811326914,-7.091854268345495,-5.7376791064034265,-6.113663640407735,-6.579863894938345
2023-12-22,34.17399978637695,0,0,0,0,0,0,0,0,0,0,1,-0.0008482188694418873,7.194752504772734e-07,-14.144742319534489,-7.809972811326914,-5.758742096229583,-6.136970738332043,-6.201194012313798
2023-12-26,34.17399978637695,0,0,0,0,0,0,0,0,0,0,1,0.0,0.0,-27.631021115928547,-14.144742319534489,-5.922588803616206,-6.140208327261297,-5.805026000631005
2023-12-27,35.51300048828125,0,0,0,0,0,0,0,0,0,0,1,0.03843372560496982,0.0014771512638781126,-6.517639867082961,-27.631021115928547,-6.345138700402978,-6.180148122692192,-5.883154208065921
2023-12-28,33.10499954223633,0,0,0,0,0,0,0,0,0,0,1,-0.07021452583083126,0.004930079637648471,-5.31240013717394,-6.517639867082961,-7.5182563960306785,-6.148286589102975,-6.201935067568565
2023-12-29,32.349998474121094,0,0,0,0,0,0,0,0,0,0,1,-0.023070340770089216,0.0005322406232480406,-7.538414869661871,-5.31240013717394,-6.598269720808996,-6.117924523148128,-5.644784892716397
2024-01-02,30.57200050354004,0,0,0,0,0,0,0,0,0,0,0,-0.056529399927825116,0.0031955730561999945,-5.7459888466098565,-7.538414869661871,-6.579863894938345,-6.123011488743089,-5.783143537694435
2024-01-03,32.79499816894531,0,0,0,0,0,0,0,0,0,0,0,0.07019143506108243,0.004926837555934151,-5.3130579659386346,-5.7459888466098565,-6.201194012313798,-6.126730779465578,-6.159757491418504
2024-01-04,33.40999984741211,0,0,0,0,0,0,0,0,0,0,0,0.018579242889184746,0.0003451882663353219,-7.971420587353111,-5.3130579659386346,-5.805026000631005,-6.062963201417668,-6.191377442423143
2024-01-05,34.55099868774414,0,0,0,0,0,0,0,0,0,0,0,0.033581203573089434,0.0011276972334172746,-6.787577571139011,-7.971420587353111,-5.883154208065921,-6.077380699391785,-6.165322791413773
2024-01-08,31.579999923706055,0,0,0,0,0,0,0,0,0,0,0,-0.08991244896302075,0.008084248478527812,-4.817837742712768,-6.787577571139011,-6.201935067568565,-6.191972341490303,-6.417324969495206
2024-01-09,30.641000747680664,0,0,0,0,0,0,0,0,0,0,0,-0.03018500059475707,0.0009111342609054847,-7.000820292962504,-4.817837742712768,-5.644784892716397,-6.075798824653389,-6.043157971917369
2024-01-10,30.941999435424805,0,0,0,0,0,0,0,0,0,0,0,0.009775460233790896,9.555962278242716e-05,-9.255760172491946,-7.000820292962504,-5.783143537694435,-6.076147127951266,-6.047487072083304
2024-01-11,30.816999435424805,0,0,0,0,0,0,0,0,0,0,0,-0.004047998606710012,1.6386292719926198e-05,-11.01906532135183,-9.255760172491946,-6.159757491418504,-6.079665346347092,-6.018639991987918
2024-01-12,31.990999221801758,0,0,0,0,0,0,0,0,0,0,0,0.037388121472065515,0.0013978716272099263,-6.572804464701509,-11.01906532135183,-6.191377442423143,-6.103786572075313,-5.990040334592871
2024-01-16,29.6560001373291,0,0,0,0,0,0,0,0,0,0,0,-0.07579011843682404,0.005744142052667815,-5.159574716750265,-6.572804464701509,-6.165322791413773,-6.167024162323516,-6.603877432275222
2024-01-17,27.70800018310547,0,0,0,0,0,0,0,0,0,0,0,-0.06794328371041118,0.0046162898013534254,-5.378163969608098,-5.159574716750265,-6.417324969495206,-6.080967080027331,-6.753166543276934
2024-01-18,27.89299964904785,0,0,0,0,0,0,0,0,0,0,0,0.006654561939448216,4.42831946059528e-05,-10.024905284571718,-5.378163969608098,-6.043157971917369,-6.011333753119814,-6.5126780943285745
2024-01-19,28.429000854492188,0,0,0,0,0,0,0,0,0,0,0,0.019034032281287645,0.0003622943848851002,-7.9230534559462065,-10.024905284571718,-6.047487072083304,-6.024348587192465,-6.547043777575138
2024-01-22,27.263999938964844,0,0,0,0,0,0,0,0,0,0,0,-0.041842632581258636,0.0017508059013302067,-6.347679081434227,-7.9230534559462065,-6.018639991987918,-6.063092069510459,-6.824821354071629
2024-01-23,27.226999282836914,0,0,0,0,0,0,0,0,0,0,0,-0.0013580467359016943,1.8442909368932462e-06,-13.20341512817349,-6.347679081434227,-5.990040334592871,-6.120660838211157,-6.540495746309187
2024-01-24,28.929000854492188,0,0,0,0,0,0,0,0,0,0,0,0.060635480061589045,0.0036766614422993624,-5.605750155065982,-13.20341512817349,-6.603877432275222,-6.290167868660866,-7.048454502599705
2024-01-25,27.784000396728516,0,0,0,0,0,0,0,0,0,0,0,-0.04038425201311969,0.0016308878106591617,-6.418630742712637,-5.605750155065982,-6.753166543276934,-6.222762217611331,-7.017992380352048
2024-01-26,28.07900047302246,0,0,0,0,0,0,0,0,0,0,0,0.01056165311318468,0.00011154851648324363,-9.101050927328744,-6.418630742712637,-6.5126780943285745,-6.195075197900182,-7.017150868209661
2024-01-29,28.173999786376953,0,0,0,0,0,0,0,0,0,0,0,0.0033775764218534512,1.1408022485460362e-05,-11.38119363561104,-9.101050927328744,-6.547043777575138,-6.192608124671739,-6.796750214732112
2024-01-30,29.391000747680664,0,0,0,0,0,0,0,0,0,0,0,0.042288971213878125,0.0017883570863282128,-6.326457908900043,-11.38119363561104,-6.824821354071629,-6.1923545253105345,-7.159834001151889
2024-01-31,30.235000610351562,0,0,0,0,0,0,0,0,0,0,0,0.028311683442380088,0.0008015514193415389,-7.128961432836475,-6.326457908900043,-6.540495746309187,-6.185461137794747,-7.322005650790103
2024-02-01,28.990999221801758,1,0,0,0,0,0,0,0,0,0,0,-0.042014803762884245,0.0017652437352336722,-6.339466503947618,-7.128961432836475,-7.048454502599705,-6.281019621924219,-7.976401773812764
2024-02-02,29.304000854492188,1,0,0,0,0,0,0,0,0,0,0,0.010738644486874938,0.00011531848541548951,-9.067812810362678,-6.339466503947618,-7.017992380352048,-6.251512255101289,-7.709611802981196
2024-02-05,28.340999603271484,1,0,0,0,0,0,0,0,0,0,0,-0.03341454917937605,0.0011165320968609407,-6.797527738453373,-9.067812810362678,-7.017150868209661,-6.3269230558086305,-7.159653980102495
2024-02-06,28.60700035095215,1,0,0,0,0,0,0,0,0,0,0,0.009341949934223307,8.727202857353484e-05,-9.346480540802633,-6.797527738453373,-6.796750214732112,-6.428835436747613,-7.148420945817403
2024-02-07,28.18600082397461,1,0,0,0,0,0,0,0,0,0,0,-0.014826025388145382,0.00021981102880993142,-8.422742336134895,-9.346480540802633,-7.159834001151889,-6.436124060007211,-7.0724146935534185
2024-02-08,27.812000274658203,1,0,0,0,0,0,0,0,0,0,0,-0.013357837890489728,0.00017843183310860307,-8.631303911424503,-8.422742336134895,-7.322005650790103,-6.462211678794718,-7.110697865939582
2024-02-09,27.117000579833984,1,0,0,0,0,0,0,0,0,0,0,-0.02530673324524221,0.0006404307475458473,-7.353369563400613,-8.631303911424503,-7.976401773812764,-6.723782247343608,-7.2716979101112456
2024-02-12,25.729000091552734,1,0,0,0,0,0,0,0,0,0,0,-0.05254209490829733,0.0027606717373525242,-5.892281245404969,-7.353369563400613,-7.709611802981196,-6.734072006648017,-8.161671409120688
2024-02-13,25.43600082397461,1,0,0,0,0,0,0,0,0,0,0,-0.011453238159567152,0.00013117666433976516,-8.93896555291451,-5.892281245404969,-7.159653980102495,-6.637102260012352,-8.210662519253876
2024-02-14,24.85700035095215,1,0,0,0,0,0,0,0,0,0,0,-0.023026108664083462,0.0005302016802101794,-7.542253093216264,-8.93896555291451,-7.148420945817403,-6.633129642617536,-7.857760059242662
2024-02-15,24.965999603271484,1,0,0,0,0,0,0,0,0,0,0,0.004375466202997348,1.914470449357203e-05,-10.863484356095512,-7.542253093216264,-7.0724146935534185,-6.663556267568515,-7.803917726018323
2024-02-16,24.82200050354004,1,0,0,0,0,0,0,0,0,0,0,-0.005784506344739638,3.3460513652333125e-05,-10.305144481402154,-10.863484356095512,-7.110697865939582,-6.891516631726555,-7.1048410069245485
2024-02-20,24.167999267578125,1,0,0,0,0,0,0,0,0,0,0,-0.026700963214437084,0.0007129414365787223,-7.24611127615647,-10.305144481402154,-7.2716979101112456,-7.120873268983709,-7.224348482318004
2024-02-21,23.976999282836914,1,0,0,0,0,0,0,0,0,0,0,-0.007934406169756537,6.29548012666706e-05,-9.673093513383296,-7.24611127615647,-8.161671409120688,-7.083950426661493,-6.727280184970732
2024-02-22,23.19300079345703,1,0,0,0,0,0,0,0,0,0,0,-0.033244464391670635,0.0011051944126890569,-6.807734019497949,-9.673093513383296,-8.210662519253876,-7.100311430736168,-6.7634581101311095
2024-02-23,22.93400001525879,1,0,0,0,0,0,0,0,0,0,0,-0.011230016936055697,0.0001261132803840978,-8.978329996319957,-6.807734019497949,-7.857760059242662,-7.136537166525607,-6.565800023972175
2024-02-26,24.009000778198242,1,0,0,0,0,0,0,0,0,0,0,0.045808266184342736,0.002098397250815598,-6.166581439069541,-8.978329996319957,-7.803917726018323,-7.1294615962195,-6.628848033438391
2024-02-27,24.392000198364258,1,0,0,0,0,0,0,0,0,0,0,0.01582642535251245,0.0002504757394386489,-8.292148486685383,-6.166581439069541,-7.1048410069245485,-7.223272742991032,-6.597599558056192
2024-02-28,25.618999481201172,1,0,0,0,0,0,0,0,0,0,0,0.0490790256317222,0.0024087507569592447,-6.028647023566626,-8.292148486685383,-7.224348482318004,-7.313222393223611,-6.81076204152156
2024-02-29,24.864999771118164,1,0,0,0,0,0,0,0,0,0,0,-0.029873060488303294,0.0008923997429378275,-7.021596382342483,-6.028647023566626,-6.727280184970732,-7.167713742934886,-6.887185162676489
2024-03-01,25.80900001525879,0,1,0,0,0,0,0,0,0,0,0,0.03726208593681902,0.0013884630483628857,-6.57955786348158,-7.021596382342483,-6.7634581101311095,-7.1170838344323615,-7.143809231848959
2024-03-04,26.885000228881836,0,1,0,0,0,0,0,0,0,0,0,0.04084524987646661,0.0016683344374709955,-6.395929492463105,-6.57955786348158,-6.565800023972175,-7.13974825952129,-6.807347999948223
2024-03-05,27.468000411987305,0,1,0,0,0,0,0,0,0,0,0,0.021453186982232527,0.0004602392316946312,-7.68376413259594,-6.395929492463105,-6.628848033438391,-7.091256430251444,-6.886627135120326
2024-03-06,26.57200050354004,0,1,0,0,0,0,0,0,0,0,0,-0.03316365700422087,0.0010998281458936081,-6.812601341479725,-7.68376413259594,-6.597599558056192,-7.165189426235481,-7.122560682487539
2024-03-07,25.992000579833984,0,1,0,0,0,0,0,0,0,0,0,-0.02206922807804848,0.00048705082796092345,-7.627142068745014,-6.812601341479725,-6.81076204152156,-7.1089135743329495,-6.799683220057504
2024-03-08,26.392000198364258,0,1,0,0,0,0,0,0,0,0,0,0.015272120767385487,0.00023323767273360706,-8.36345256536265,-7.627142068745014,-6.887185162676489,-7.144528563146501,-6.6161142712853716
2024-03-11,24.93000030517578,0,1,0,0,0,0,0,0,0,0,0,-0.05698903166558212,0.0032477497301807217,-5.729792912859362,-8.36345256536265,-7.143809231848959,-7.136156393186993,-6.491026461524186
2024-03-12,24.774999618530273,0,1,0,0,0,0,0,0,0,0,0,-0.006236844958087114,3.8898235031216656e-05,-10.154561654609262,-5.729792912859362,-6.807347999948223,-6.976635409191343,-6.495859691084272
2024-03-13,24.902999877929688,0,1,0,0,0,0,0,0,0,0,0,0.0051532084204902965,2.6555557025012096e-05,-10.5362714903769,-10.154561654609262,-6.886627135120326,-6.983453299628545,-6.309000264636001
2024-03-14,26.048999786376953,0,1,0,0,0,0,0,0,0,0,0,0.044991098306625454,0.0020241989268364358,-6.202581247882356,-10.5362714903769,-7.122560682487539,-7.014013185585312,-6.263160216007393
2024-03-15,27.025999069213867,0,1,0,0,0,0,0,0,0,0,0,0.036819959629695954,0.0013557094271324397,-6.60343039846449,-6.202581247882356,-6.799683220057504,-7.051952869689027,-6.142831169677988
2024-03-18,28.82200050354004,0,1,0,0,0,0,0,0,0,0,0,0.06433967071135505,0.004139593227245599,-5.487157750019116,-6.60343039846449,-6.6161142712853716,-6.989640992422444,-6.536609673817424
2024-03-19,28.865999221801758,0,1,0,0,0,0,0,0,0,0,0,0.0015254030995268616,2.3268546160461563e-06,-12.970992722820458,-5.487157750019116,-6.491026461524186,-6.825769378205234,-6.252673973365868
2024-03-20,27.742000579833984,0,1,0,0,0,0,0,0,0,0,0,-0.039716873744338056,0.0015774300600236897,-6.451958299857457,-12.970992722820458,-6.495859691084272,-6.826473900502342,-6.381951170247901
2024-03-21,26.402000427246094,0,1,0,0,0,0,0,0,0,0,0,-0.04950775020113612,0.0024510173299780932,-6.011252103478666,-6.451958299857457,-6.309000264636001,-6.7637791920283306,-6.697957533838925
2024-03-22,27.775999069213867,0,1,0,0,0,0,0,0,0,0,0,0.05073252392658782,0.0025737889839618057,-5.962376152593016,-6.011252103478666,-6.263160216007393,-6.697607859326182,-6.831230220135249
2024-03-25,28.48900032043457,0,1,0,0,0,0,0,0,0,0,0,0.025345754138861972,0.0006424072528676388,-7.3502881035716285,-5.962376152593016,-6.142831169677988,-6.609141598689798,-6.836978585794616
2024-03-26,27.131999969482422,0,1,0,0,0,0,0,0,0,0,0,-0.048804217147304325,0.0023818516113612337,-6.039877105387774,-7.3502881035716285,-6.536609673817424,-6.624869951349065,-7.235703922141394
2024-03-27,27.687000274658203,0,1,0,0,0,0,0,0,0,0,0,0.020249156912612105,0.0004100283556715866,-7.799284238043918,-6.039877105387774,-6.252673973365868,-6.55043995600395,-7.287129821099696
2024-03-28,27.34000015258789,0,1,0,0,0,0,0,0,0,0,0,-0.012612161994737546,0.00015906663018150217,-8.746187379492246,-7.799284238043918,-6.381951170247901,-6.605621259758075,-6.8042990465629085
2024-04-02,26.202999114990234,0,0,1,0,0,0,0,0,0,0,0,-0.04247696262327451,0.0018042923536990597,-6.317586811326049,-8.746187379492246,-6.697957533838925,-6.6086974945766395,-7.094775934923619
2024-04-03,25.562999725341797,0,0,1,0,0,0,0,0,0,0,0,-0.024727891484088032,0.0006114686172488334,-7.3996469234526465,-6.317586811326049,-6.831230220135249,-6.629281346687172,-7.2305366713528825
2024-04-04,26.20599937438965,0,0,1,0,0,0,0,0,0,0,0,0.024842385540039008,0.0006171441193199392,-7.39040797896881,-7.3996469234526465,-6.836978585794616,-6.638994156596757,-6.264585285836703
2024-04-05,26.606000900268555,0,0,1,0,0,0,0,0,0,0,0,0.015148419789160776,0.00022947462210863782,-8.379718109267538,-7.39040797896881,-7.235703922141394,-6.666156974116174,-6.090943736750582
2024-04-08,27.908000946044922,0,0,1,0,0,0,0,0,0,0,0,0.047776631876926094,0.0022826065535033104,-6.08243726334127,-8.379718109267538,-7.287129821099696,-6.718888605138592,-6.296876728823195
2024-04-09,27.35099983215332,0,0,1,0,0,0,0,0,0,0,0,-0.020160334841579974,0.00040643910092462345,-7.808076450962696,-6.08243726334127,-6.8042990465629085,-6.652559122567228,-5.978519298300429
2024-04-10,27.100000381469727,0,0,1,0,0,0,0,0,0,0,0,-0.009219343172080851,8.499628852459381e-05,-9.3729029550786,-7.808076450962696,-7.094775934923619,-6.677280987987899,-5.7522767527842715
2024-04-11,29.37700080871582,0,0,1,0,0,0,0,0,0,0,0,0.08067834081986822,0.006508994677446814,-5.034570261960694,-9.3729029550786,-7.2305366713528825,-6.691900717668807,-6.175599646932353
2024-04-12,30.73200035095215,0,0,1,0,0,0,0,0,0,0,0,0.045092385643254206,0.002033323242999958,-6.198083758450526,-5.034570261960694,-6.264585285836703,-6.4849850585587845,-6.139066298350846
2024-04-15,31.14299964904785,0,0,1,0,0,0,0,0,0,0,0,0.013285021185012838,0.0001764917878862399,-8.642236204564092,-6.198083758450526,-6.090943736750582,-6.521824825268939,-5.957372997976545
2024-04-16,33.138999938964844,0,0,1,0,0,0,0,0,0,0,0,0.0621213450760982,0.00385906151406367,-5.557331255879006,-8.642236204564092,-6.296876728823195,-6.517582086301554,-6.211434438377658
2024-04-17,31.288999557495117,0,0,1,0,0,0,0,0,0,0,0,-0.05744425075104223,0.0032998419443486158,-5.713880707005625,-5.557331255879006,-5.978519298300429,-6.4061067757498975,-6.547293363230293
2024-04-18,32.308998107910156,0,0,1,0,0,0,0,0,0,0,0,0.032079186689677804,0.0010290742186712016,-6.879095696770969,-5.713880707005625,-5.7522767527842715,-6.371598100616721,-6.600684069768162
2024-04-19,30.757999420166016,0,0,1,0,0,0,0,0,0,0,0,-0.04919566645865127,0.0024202135983108653,-6.023899478530552,-6.879095696770969,-6.175599646932353,-6.380321446339796,-6.851815437011588
2024-04-22,29.309999465942383,0,0,1,0,0,0,0,0,0,0,0,-0.0482213676644491,0.0023253002994299775,-6.063906086808183,-6.023899478530552,-6.139066298350846,-6.427538646934318,-7.144427536295629
2024-04-23,28.41699981689453,0,0,1,0,0,0,0,0,0,0,0,-0.030941185313319096,0.0009573569485931533,-6.951334247973462,-6.063906086808183,-5.957372997976545,-6.364260606076657,-7.004573989904446
2024-04-24,29.01799964904785,0,0,1,0,0,0,0,0,0,0,0,0.020928763810723727,0.00043801315464505914,-7.733261612319578,-6.951334247973462,-6.211434438377658,-6.380763576725088,-7.063113241807973
2024-04-25,29.770999908447266,0,0,1,0,0,0,0,0,0,0,0,0.025618447252375692,0.0006563048396227557,-7.328885180886693,-7.733261612319578,-6.547293363230293,-6.436297142767198,-6.3213476805206135
2024-04-26,28.88599967956543,0,0,1,0,0,0,0,0,0,0,0,-0.030177724665678023,0.0009106950659974717,-7.001302440120367,-7.328885180886693,-6.600684069768162,-6.492227282496376,-6.408925404873221
2024-04-29,27.993999481201172,0,0,1,0,0,0,0,0,0,0,0,-0.03136685461994657,0.0009838795687488638,-6.924007056868702,-7.001302440120367,-6.851815437011588,-6.484210965827861,-6.32899906270849
2024-04-30,29.118000030517578,0,0,1,0,0,0,0,0,0,0,0,0.03936635773324683,0.0015497101211819624,-6.469687383488139,-6.924007056868702,-7.144427536295629,-6.5267049671484045,-6.448474003565463
2024-05-01,28.729999542236328,0,0,0,1,0,0,0,0,0,0,0,-0.013414683641300471,0.00017995373719617447,-8.622810750128052,-6.469687383488139,-7.004573989904446,-6.491927405148054,-6.443353547195551
2024-05-02,30.913000106811523,0,0,0,1,0,0,0,0,0,0,0,0.0732349538006717,0.005363358458186519,-5.228164921911151,-8.622810750128052,-7.063113241807973,-6.491301183797245,-7.538370805480129
2024-05-03,30.527999877929688,0,0,0,1,0,0,0,0,0,0,0,-0.012532519591329557,0.00015706404730705918,-8.758856884804974,-5.228164921911151,-6.3213476805206135,-6.389944043309267,-7.335997145185786
2024-05-06,31.801000595092773,0,0,0,1,0,0,0,0,0,0,0,0.04085346327835862,0.0016690054618361963,-6.395527361188445,-8.758856884804974,-6.408925404873221,-6.402326978294206,-7.919311271990524
2024-05-07,31.066999435424805,0,0,0,1,0,0,0,0,0,0,0,-0.02335161013881882,0.0005452976960753858,-7.514178679266216,-6.395527361188445,-6.32899906270849,-6.373892711197504,-8.268457839336532
2024-05-08,30.608999252319336,0,0,0,1,0,0,0,0,0,0,0,-0.014852085472328155,0.00022058444287734104,-8.4192299709598,-7.514178679266216,-6.448474003565463,-6.365510739024411,-8.452710385760184
2024-05-09,30.864999771118164,0,0,0,1,0,0,0,0,0,0,0,0.008328789495827377,6.936873446580445e-05,-9.576074289566938,-8.4192299709598,-6.443353547195551,-6.421549518376557,-8.26179145483849
2024-05-10,30.02899932861328,0,0,0,1,0,0,0,0,0,0,0,-0.027459289380744965,0.0007540125732954932,-7.190101513310901,-9.576074289566938,-7.538370805480129,-6.431016149278695,-8.705195614369831
2024-05-13,29.577999114990234,0,0,0,1,0,0,0,0,0,0,0,-0.01513274722617601,0.00022900003861133774,-8.381788381434776,-7.190101513310901,-7.335997145185786,-6.412313579060467,-8.034438937343406
2024-05-14,29.66900062561035,0,0,0,1,0,0,0,0,0,0,0,0.00307193891951282,9.436808725217591e-06,-11.570892587762915,-8.381788381434776,-7.919311271990524,-6.603386675333903,-7.396169671235403
2024-05-15,29.733999252319336,0,0,0,1,0,0,0,0,0,0,0,0.0021883963026393827,4.7890783774057206e-06,-12.249172361797394,-11.570892587762915,-8.268457839336532,-6.673652901661855,-6.958403417468696
2024-05-16,30.24799919128418,0,0,0,1,0,0,0,0,0,0,0,0.01713889280694447,0.0002937416466479329,-8.132809926449099,-12.249172361797394,-8.452710385760184,-6.679847734522603,-6.899717564708226
2024-05-17,30.768999099731445,0,0,0,1,0,0,0,0,0,0,0,0.0170776205069158,0.00029164512217823106,-8.139972826391725,-8.132809926449099,-8.26179145483849,-6.817997572229424,-6.762897910154449
2024-05-20,31.76799964904785,0,0,0,1,0,0,0,0,0,0,0,0.031951822422230124,0.0010209189561017277,-6.887052118952275,-8.139972826391725,-8.705195614369831,-6.951526424653779,-6.897108923150051
2024-05-21,33.00400161743164,0,0,0,1,0,0,0,0,0,0,0,0.0381693324676329,0.001456897941024695,-6.531445800876744,-6.887052118952275,-8.034438937343406,-6.951913779456284,-7.208486256962002
2024-05-22,34.388999938964844,0,0,0,1,0,0,0,0,0,0,0,0.04110792877690158,0.001689861808326813,-6.383108523019578,-6.531445800876744,-7.396169671235403,-6.99875801101781,-7.276704321326061
2024-05-23,35.22800064086914,0,0,0,1,0,0,0,0,0,0,0,0.024104495109114762,0.0005810266844653375,-7.450713871934185,-6.383108523019578,-6.958403417468696,-7.0309045825139025,-7.220863661774293
2024-05-24,34.1150016784668,0,0,0,1,0,0,0,0,0,0,0,-0.03210401966760805,0.0010306680788181644,-6.877548065821712,-7.450713871934185,-6.899717564708226,-7.050441907308457,-6.863319729858169
2024-05-28,33.534000396728516,0,0,0,1,0,0,0,0,0,0,0,-0.017177358121392473,0.00029506163203056796,-8.128326297919005,-6.877548065821712,-6.762897910154449,-7.019844394513473,-6.32342911452802
2024-05-29,33.87900161743164,0,0,0,1,0,0,0,0,0,0,0,0.010235539804812786,0.00010476627509590697,-9.16377863084179,-8.128326297919005,-6.897108923150051,-7.03838295772824,-6.315816762768056
2024-05-30,35.19200134277344,0,0,0,1,0,0,0,0,0,0,0,0.03802342105099839,0.0014457805484215072,-6.539105930648409,-9.16377863084179,-7.208486256962002,-7.0810243552016106,-6.477379961906921
2024-05-31,34.222999572753906,0,0,0,1,0,0,0,0,0,0,0,-0.02792090203442063,0.0007795767704157141,-7.156759386290779,-6.539105930648409,-7.276704321326061,-7.056363397275936,-6.541988284410489
2024-06-03,36.013999938964844,0,0,0,0,1,0,0,0,0,0,0,0.05100982988491007,0.002602002744887464,-5.951473843593585,-7.156759386290779,-7.220863661774293,-7.097825878799968,-6.764534791782276
2024-06-04,33.797000885009766,0,0,0,0,1,0,0,0,0,0,0,-0.06353568271315442,0.00403678297782663,-5.512307196587899,-5.951473843593585,-6.863319729858169,-6.972833797034987,-7.966901437784745
2024-06-05,33.35499954223633,0,0,0,0,1,0,0,0,0,0,0,-0.013164394901908278,0.00017330129313338868,-8.660478893680356,-5.512307196587899,-6.32342911452802,-7.039351397934665,-7.640996465302393
2024-06-06,33.68600082397461,0,0,0,0,1,0,0,0,0,0,0,0.009874672799151638,9.750916289030525e-05,-9.235564195758611,-8.660478893680356,-6.315816762768056,-7.038509889624255,-7.620744005274595
2024-06-07,33.10900115966797,0,0,0,0,1,0,0,0,0,0,0,-0.017277161463608096,0.0002985003082395846,-8.116739589153646,-9.235564195758611,-6.477379961906921,-7.123425065138155,-7.70303619380335
2024-06-10,34.257999420166016,0,0,0,0,1,0,0,0,0,0,0,0.03411491337725444,0.001163827314737574,-6.756041294855803,-8.116739589153646,-6.541988284410489,-7.137440999097319,-7.734833776991262
2024-06-11,34.28499984741211,0,0,0,0,1,0,0,0,0,0,0,0.0007878391354677086,6.206905033745065e-07,-14.29243165240009,-6.756041294855803,-6.764534791782276,-7.084900627085979,-7.646627100769091
2024-06-12,35.29399871826172,0,0,0,0,1,0,0,0,0,0,0,0.029005005219246826,0.0008412903277685356,-7.080573739053594,-14.29243165240009,-7.966901437784745,-7.088638136105265,-8.05123248484496
2024-06-13,35.7239990234375,0,0,0,0,1,0,0,0,0,0,0,0.012109762980322972,0.0001466463594396007,-8.827486580853554,-7.080573739053594,-7.640996465302393,-7.083895638910239,-7.995274741656805
2024-06-14,35.36000061035156,0,0,0,0,1,0,0,0,0,0,0,-0.010241449454808635,0.00010488728693540008,-9.162624232599232,-8.827486580853554,-7.620744005274595,-7.0883699722755225,-8.04825267300023
2024-06-17,34.209999084472656,0,0,0,0,1,0,0,0,0,0,0,-0.033063282802983374,0.001093180669710056,-6.818663785451553,-9.162624232599232,-7.70303619380335,-7.0831859220101485,-8.509070325771727
2024-06-18,34.70000076293945,0,0,0,0,1,0,0,0,0,0,0,0.014221736712008376,0.00020225779510568681,-8.505967455892506,-6.818663785451553,-7.734833776991262,-7.0258994503266035,-7.984206350812698
2024-06-20,34.4640007019043,0,0,0,0,1,0,0,0,0,0,0,-0.006824387599259263,4.657226610492361e-05,-9.974505320494528,-8.505967455892506,-7.646627100769091,-7.030590276320182,-7.762447325607771
2024-06-21,33.93600082397461,0,0,0,0,1,0,0,0,0,0,0,-0.01543889923770409,0.00023835960967197992,-8.341730055448217,-9.974505320494528,-8.05123248484496,-7.0432658801700505,-7.87809393634825
2024-06-24,34.08000183105469,0,0,0,0,1,0,0,0,0,0,0,0.0042343335866662744,1.7929580923170076e-05,-10.92905858778751,-8.341730055448217,-7.995274741656805,-7.084851679753887,-7.511328776223129
2024-06-25,34.85300064086914,0,0,0,0,1,0,0,0,0,0,0,0.02242847941389027,0.0005030366888192997,-7.594847448537993,-10.92905858778751,-8.04825267300023,-7.166148652895592,-7.698869891491509
2024-06-26,33.82400131225586,0,0,0,0,1,0,0,0,0,0,0,-0.029968586618718,0.0008981161839236035,-7.01521111615635,-7.594847448537993,-8.509070325771727,-7.238560913746155,-7.699287131178705
2024-06-27,34.564998626708984,0,0,0,0,1,0,0,0,0,0,0,0.021670921182129408,0.00046962882488206503,-7.663567907428712,-7.01521111615635,-7.984206350812698,-7.218695148283818,-7.861278986847414
2024-06-28,34.47999954223633,0,0,0,0,1,0,0,0,0,0,0,-0.002462137147262033,6.062119331927622e-06,-12.013450929323165,-7.663567907428712,-7.762447325607771,-7.254117650017387,-7.604045452926689
2024-07-01,33.48500061035156,0,0,0,0,0,1,0,0,0,0,0,-0.029281836929659036,0.0008574259739751437,-7.06157570921013,-12.013450929323165,-7.87809393634825,-7.272865975419621,-7.589519219556416
2024-07-02,33.685001373291016,0,0,0,0,0,1,0,0,0,0,0,0.005955079591619343,3.546297294252121e-05,-10.247021393307508,-7.06157570921013,-7.511328776223129,-7.224754099019337,-7.48476150498938
2024-07-03,32.691001892089844,0,0,0,0,0,1,0,0,0,0,0,-0.02995280664038234,0.0008971706256361324,-7.016264494779549,-10.247021393307508,-7.698869891491509,-7.316887698178581,-7.812590436410275
2024-07-05,33.06700134277344,0,0,0,0,0,1,0,0,0,0,0,0.011435978283865363,0.00013078159930904017,-8.94198179925637,-7.016264494779549,-7.699287131178705,-7.3088726839235925,-7.699348280356799
2024-07-08,32.2859992980957,0,0,0,0,0,1,0,0,0,0,0,-0.0239021688295957,0.0005713136747584962,-7.467572154556955,-8.94198179925637,-7.861278986847414,-7.49250876785089,-7.920555595086534
2024-07-09,31.334999084472656,0,0,0,0,0,1,0,0,0,0,0,-0.029898023535896472,0.0008938918113530194,-7.019925805378777,-7.467572154556955,-7.604045452926689,-7.82474155374224,-7.453105210883372
2024-07-10,30.784000396728516,0,0,0,0,0,1,0,0,0,0,0,-0.01774056708844805,0.0003147277206197261,-8.063802668737216,-7.019925805378777,-7.589519219556416,-7.745983738234073,-7.303854593459174
2024-07-11,31.11199951171875,0,0,0,0,0,1,0,0,0,0,0,0.010598493788353267,0.00011232807058176278,-9.094086757895505,-8.063802668737216,-7.48476150498938,-7.723410117759598,-7.172325758564702
2024-07-12,31.7189998626709,0,0,0,0,0,1,0,0,0,0,0,0.0193222849298058,0.00037335069490860033,-7.892992376526619,-9.094086757895505,-7.812590436410275,-7.742725987581019,-7.207244004311927
2024-07-15,31.371000289916992,0,0,0,0,0,1,0,0,0,0,0,-0.011031957562824072,0.00012170408766795124,-9.013917962249586,-7.892992376526619,-7.699348280356799,-7.829168018560904,-7.211229483994098
2024-07-16,32.797000885009766,0,0,0,0,0,1,0,0,0,0,0,0.04445316625078169,0.001976083989719636,-6.226638175134874,-9.013917962249586,-7.920555595086534,-7.815432648238003,-7.950782676044658
2024-07-17,31.89299964904785,0,0,0,0,0,1,0,0,0,0,0,-0.027950535806375135,0.0007812324518634585,-7.154637817500673,-6.226638175134874,-7.453105210883372,-7.695121372163117,-7.850336837370478
2024-07-18,32.67399978637695,0,0,0,0,0,1,0,0,0,0,0,0.024193109095775166,0.0005853065277200791,-7.443374867244295,-7.154637817500673,-7.303854593459174,-7.633660021239858,-7.80099023496835
2024-07-19,32.16999816894531,0,0,0,0,0,1,0,0,0,0,0,-0.015545363733451766,0.00024165833360531743,-8.32798566986731,-7.443374867244295,-7.172325758564702,-7.589519855015192,-7.695497006673669
2024-07-22,31.839000701904297,0,0,0,0,0,1,0,0,0,0,0,-0.01034230883963148,0.00010696335213431946,-9.143024276238638,-8.32798566986731,-7.207244004311927,-7.669142209622446,-7.145042358846793
2024-07-23,31.621999740600586,0,0,0,0,0,1,0,0,0,0,0,-0.006838902808397973,4.677059162271368e-05,-9.970255915305822,-9.143024276238638,-7.211229483994098,-7.678460428163218,-7.105802400141897
2024-07-24,32.62099838256836,0,0,0,0,0,1,0,0,0,0,0,0.031103130494869416,0.0009674047265808758,-6.940893610693725,-9.970255915305822,-7.950782676044658,-7.678440944766275,-6.912433469072566
2024-07-25,31.77899932861328,0,0,0,0,0,1,0,0,0,0,0,-0.026150530023964724,0.0006838502205342805,-7.287771638685197,-6.940893610693725,-7.850336837370478,-7.609269124045435,-6.867204186099367
2024-07-26,32.474998474121094,0,0,0,0,0,1,0,0,0,0,0,0.021664842414671766,0.00046936539685256076,-7.664128992959926,-7.287771638685197,-7.80099023496835,-7.5500130920615245,-6.945844098218827
2024-07-29,33.87300109863281,0,0,0,0,0,1,0,0,0,0,0,0.0421477537299754,0.0017764331444826554,-6.33314777592584,-7.664128992959926,-7.695497006673669,-7.55292648192538,-7.1172589089525315
2024-07-30,34.361000061035156,0,0,0,0,0,1,0,0,0,0,0,0.014303932777317794,0.00020460249289802634,-8.494441515381121,-6.33314777592584,-7.145042358846793,-7.479576863093095,-6.9246770117007586
2024-07-31,35.86800003051758,0,0,0,0,0,1,0,0,0,0,0,0.0429233318629394,0.001842412418216029,-6.296679468698913,-8.494441515381121,-7.105802400141897,-7.501148399729323,-6.848090738805541
2024-08-01,36.96900177001953,0,0,0,0,0,0,1,0,0,0,0,0.030234237561943364,0.000914109120952027,-6.997560604192246,-6.296679468698913,-6.912433469072566,-7.360437724370119,-6.701369728237512
2024-08-02,36.64899826049805,0,0,0,0,0,0,1,0,0,0,0,-0.008693676135596896,7.558000475064697e-05,-9.490318783956047,-6.997560604192246,-6.867204186099367,-7.356394289571207,-6.704570851555424
2024-08-05,35.49800109863281,0,0,0,0,0,0,1,0,0,0,0,-0.03190970755167675,0.0010182294360335362,-6.889690006057991,-9.490318783956047,-6.945844098218827,-7.353542429990198,-6.821903431430823
2024-08-06,36.67599868774414,0,0,0,0,0,0,1,0,0,0,0,0.03264616659266401,0.0010657721931959718,-6.844055677580621,-6.889690006057991,-7.1172589089525315,-7.344985515627968,-7.034977734978446
2024-08-07,38.45100021362305,0,0,0,0,0,0,1,0,0,0,0,0.047262154563553024,0.002233711253989176,-6.104090836917318,-6.844055677580621,-6.9246770117007586,-7.28125337814429,-7.667025051390452
2024-08-08,40.095001220703125,0,0,0,0,0,0,1,0,0,0,0,0.04186695973274404,0.001752842317263211,-6.3465166267389455,-6.104090836917318,-6.848090738805541,-7.177092228902438,-8.6824510350691
2024-08-09,40.395999908447266,0,0,0,0,0,0,1,0,0,0,0,0.007479099193667208,5.593692474871348e-05,-9.791285827926682,-6.3465166267389455,-6.701369728237512,-7.127244234191636,-8.749231315325833
2024-08-12,39.65800094604492,0,0,0,0,0,0,1,0,0,0,0,-0.018438050866231882,0.00033996171974575427,-7.986677532734251,-9.791285827926682,-6.704570851555424,-7.142002994169979,-9.254228197095808
2024-08-13,39.47999954223633,0,0,0,0,0,0,1,0,0,0,0,-0.004498514061241161,2.023662875918444e-05,-10.80801624128427,-7.986677532734251,-6.821903431430823,-7.129009626109765,-7.4823315766263985
2024-08-14,38.96699905395508,0,0,0,0,0,0,1,0,0,0,0,-0.013079093155305015,0.0001710626777651465,-8.673480526135664,-10.80801624128427,-7.034977734978446,-7.149238284096157,-7.328734832558831
2024-08-15,39.60100173950195,0,0,0,0,0,0,1,0,0,0,0,0.01613930457740339,0.000260477152242194,-8.252995404101888,-8.673480526135664,-7.667025051390452,-7.146385983549497,-7.368624118742253
2024-08-16,39.64400100708008,0,0,0,0,0,0,1,0,0,0,0,0.0010852235549965632,1.1777101643193786e-06,-13.651937694378724,-8.252995404101888,-8.6824510350691,-7.250634965393838,-7.351240486101069
2024-08-19,39.845001220703125,0,0,0,0,0,0,1,0,0,0,0,0.005057319538453533,2.5576480914023855e-05,-10.573837303952914,-13.651937694378724,-8.749231315325833,-7.301885032504807,-7.226196653724587
2024-08-20,37.957000732421875,0,0,0,0,0,0,1,0,0,0,0,-0.048542998129744594,0.002356422667424387,-6.050610628423959,-10.573837303952914,-9.254228197095808,-7.34034862175804,-7.817868021096251
2024-08-21,37.0099983215332,0,0,0,0,0,0,1,0,0,0,0,-0.025265858309906828,0.0006383635961362879,-7.356602535484117,-6.050610628423959,-7.4823315766263985,-7.202193538104245,-8.185593590633227
2024-08-22,36.58700180053711,0,0,0,0,0,0,1,0,0,0,0,-0.011495065778737266,0.00013213653725749659,-8.931674789242425,-7.356602535484117,-7.328734832558831,-7.170283712995018,-8.281748800104824
2024-08-23,36.862998962402344,0,0,0,0,0,0,1,0,0,0,0,0.007515274554360658,5.647935162742078e-05,-9.78163542682407,-8.931674789242425,-7.368624118742253,-7.165251217738384,-7.737712597980284
2024-08-26,37.65599822998047,0,0,0,0,0,0,1,0,0,0,0,0.021283947271883322,0.0004530064114723095,-7.699604277013417,-9.78163542682407,-7.351240486101069,-7.220305254862475,-6.661596356981007
2024-08-27,38.68899917602539,0,0,0,0,0,0,1,0,0,0,0,0.027063043515192016,0.0007324083243051766,-7.219172378072357,-7.699604277013417,-7.226196653724587,-7.234751918370314,-6.553649647974911
2024-08-28,38.52000045776367,0,0,0,0,0,0,1,0,0,0,0,-0.00437770179533509,1.9164273008880068e-05,-10.862462740940831,-7.219172378072357,-7.817868021096251,-7.21830665447584,-6.5393689304949145
2024-08-29,38.60100173950195,0,0,0,0,0,0,1,0,0,0,0,0.002100629120894836,4.412642703551411e-06,-12.331036568858075,-10.862462740940831,-8.185593590633227,-7.333678016865096,-6.531557579611708
2024-08-30,39.823001861572266,0,0,0,0,0,0,1,0,0,0,0,0.031166453635369122,0.0009713478322056131,-6.93682593218603,-12.331036568858075,-8.281748800104824,-7.347707386109356,-6.5932615085133035
2024-09-03,37.19300079345703,0,0,0,0,0,0,0,1,0,0,0,-0.0683240887069668,0.004668181097637468,-5.366985769543982,-6.93682593218603,-7.737712597980284,-7.411152856191979,-6.835913082689605
2024-09-04,35.79800033569336,0,0,0,0,0,0,0,1,0,0,0,-0.03822855756127265,0.0014614226132155363,-6.528344924376578,-5.366985769543982,-6.661596356981007,-7.162501659171185,-7.015122558594257
2024-09-05,36.19499969482422,0,0,0,0,0,0,0,1,0,0,0,0.011028944011928467,0.0001216376060182528,-9.014464368003562,-6.528344924376578,-6.553649647974911,-7.084366089690447,-6.891808803906497
2024-09-06,36.479000091552734,0,0,0,0,0,0,0,1,0,0,0,0.007815775745773489,6.108635050822113e-05,-9.703222096310506,-9.014464368003562,-6.5393689304949145,-7.134214660579135,-6.871276408335294
2024-09-09,37.33300018310547,0,0,0,0,0,0,0,1,0,0,0,0.023140903860907395,0.0005355014314997587,-7.532306993010471,-9.703222096310506,-6.531557579611708,-7.193194281656794,-6.619419468318882
2024-09-10,35.28200149536133,0,0,0,0,0,0,0,1,0,0,0,-0.0565046976630152,0.0031927808579887552,-5.746862999302608,-7.532306993010471,-6.5932615085133035,-7.301549505149158,-6.858588364899495
2024-09-11,36.141998291015625,0,0,0,0,0,0,0,1,0,0,0,0.024082615433361345,0.000579972366111174,-7.452530098470538,-5.746862999302608,-6.835913082689605,-7.208935257288063,-6.960143186347776
2024-09-12,35.191001892089844,0,0,0,0,0,0,0,1,0,0,0,-0.0266651548306982,0.0007110304821451076,-7.24879525545827,-7.452530098470538,-7.015122558594257,-7.177251220057973,-6.432617350949034
2024-09-13,35.64799880981445,0,0,0,0,0,0,0,1,0,0,0,0.01290258905765741,0.00016647680439078075,-8.70065456521017,-7.24879525545827,-6.891808803906497,-7.155407809695029,-6.2658989033426655
2024-09-16,34.08100128173828,0,0,0,0,0,0,0,1,0,0,0,-0.044952929055438844,0.002020765830663318,-6.204278714832789,-8.70065456521017,-6.871276408335294,-7.14692859547125,-6.216403090685268
2024-09-17,35.547000885009766,0,0,0,0,0,0,0,1,0,0,0,0.04211570753738524,0.001773732821374568,-6.334669013892339,-6.204278714832789,-6.619419468318882,-7.045460124637498,-6.353306129267422
2024-09-18,35.244998931884766,0,0,0,0,0,0,0,1,0,0,0,-0.008532144479204317,7.27974894140167e-05,-9.527829075690754,-6.334669013892339,-6.858588364899495,-6.969481558869426,-6.085304968510225
2024-09-19,33.08300018310547,0,0,0,0,0,0,0,1,0,0,0,-0.06330408410398788,0.004007407064244771,-5.519610863956632,-9.527829075690754,-6.960143186347776,-6.966024817859792,-6.488582402974196
2024-09-20,34.444000244140625,0,0,0,0,0,0,0,1,0,0,0,0.04031526310555334,0.0016253204392699904,-6.422050288628318,-5.519610863956632,-6.432617350949034,-6.790516453063727,-6.723279402421022
2024-09-23,36.21099853515625,0,0,0,0,0,0,0,1,0,0,0,0.050028075701722075,0.0025028083584172347,-5.990341833819579,-6.422050288628318,-6.2658989033426655,-6.820517584054408,-7.1083290249916455
2024-09-24,35.41299819946289,0,0,0,0,0,0,0,1,0,0,0,-0.022283966102533536,0.0004965751452588637,-7.607775733950004,-5.990341833819579,-6.216403090685268,-6.7457184904066425,-7.228255288810649
2024-09-25,37.319000244140625,0,0,0,0,0,0,0,1,0,0,0,0.05242365335695331,0.002748239431290002,-5.896794778763307,-7.607775733950004,-6.353306129267422,-6.731729422239935,-8.3649597425145
2024-09-26,37.88999938964844,0,0,0,0,0,0,0,1,0,0,0,0.015184622043890577,0.00023057274661580763,-8.37494413744357,-5.896794778763307,-6.085304968510225,-6.634054270837488,-7.8131905015151455
2024-09-27,38.11399841308594,0,0,0,0,0,0,0,1,0,0,0,0.005894418148198855,3.4744165305816024e-05,-10.267498876137866,-8.37494413744357,-6.488582402974196,-6.641773717616008,-7.529727843719125
2024-09-30,39.04399871826172,0,0,0,0,0,0,0,1,0,0,0,0.024107555414475824,0.0005811742280620227,-7.450459968163101,-10.267498876137866,-6.723279402421022,-6.666379749549025,-7.628603147381992
2024-10-01,39.27299880981445,0,0,0,0,0,0,0,0,1,0,0,0.005848047075960392,3.419965460264889e-05,-10.283294984044405,-7.450459968163101,-7.1083290249916455,-6.6465109481776095,-7.259214989001052
2024-10-02,38.617000579833984,0,0,0,0,0,0,0,0,1,0,0,-0.016844620521084794,0.00028374124049935096,-8.167447856607696,-10.283294984044405,-7.228255288810649,-6.645468820400196,-7.276374767917903
2024-10-03,39.9119987487793,0,0,0,0,0,0,0,0,1,0,0,0.032984390169702955,0.001087969994867197,-6.823441708256592,-8.167447856607696,-8.3649597425145,-6.669806656629329,-6.941026125725558
2024-10-04,40.97999954223633,0,0,0,0,0,0,0,0,1,0,0,0.026407132431087676,0.0006973366432330025,-7.268242273514765,-6.823441708256592,-7.8131905015151455,-6.80708933700308,-7.071284107360234
2024-10-07,40.24399948120117,0,0,0,0,0,0,0,0,1,0,0,-0.018123220101866403,0.0003284511068606945,-8.021122565634998,-7.268242273514765,-7.529727843719125,-6.838998203677984,-7.081363488826736
2024-10-08,38.91899871826172,0,0,0,0,0,0,0,0,1,0,0,-0.03347838121497053,0.0011208020087748916,-6.793710769782046,-8.021122565634998,-7.628603147381992,-6.83026051352511,-7.325050616342581
2024-10-09,38.340999603271484,0,0,0,0,0,0,0,0,1,0,0,-0.014962720973063583,0.00022388301891775682,-8.40438687503014,-6.793710769782046,-7.259214989001052,-6.786648466816497,-7.289942804275064
2024-10-10,40.292999267578125,0,0,0,0,0,0,0,0,1,0,0,0.0496579290672137,0.0024659099192444276,-6.00519440359962,-8.40438687503014,-7.276374767917903,-6.799276732698189,-8.465133797885768
2024-10-11,39.87900161743164,0,0,0,0,0,0,0,0,1,0,0,-0.010327828305598849,0.00010666403750992879,-9.145826490111574,-6.00519440359962,-6.941026125725558,-6.8293680255067235,-8.445113432141977
2024-10-14,40.558998107910156,0,0,0,0,0,0,0,0,1,0,0,0.0169077473842846,0.0002858719216107828,-8.159966670486327,-9.145826490111574,-7.071284107360234,-6.849460528440699,-8.320492827877809
2024-10-15,39.972999572753906,0,0,0,0,0,0,0,0,1,0,0,-0.014553441985834399,0.00021180267363504749,-8.45985549676033,-8.159966670486327,-7.081363488826736,-6.867859789501937,-8.26301512821286
2024-10-16,39.24100112915039,0,0,0,0,0,0,0,0,1,0,0,-0.018482068163499503,0.0003415868436002419,-7.981908607914845,-8.45985549676033,-7.325050616342581,-6.865882057049391,-8.319063558638296
2024-10-17,39.650001525878906,0,0,0,0,0,0,0,0,1,0,0,0.010368839217559211,0.00010751282671959392,-9.137900389891401,-7.981908607914845,-7.289942804275064,-6.941895528049304,-8.142161437272867
2024-10-18,39.20399856567383,0,0,0,0,0,0,0,0,1,0,0,-0.011312240743848604,0.0001279667906467884,-8.963739767964569,-9.137900389891401,-8.465133797885768,-7.023504368489707,-7.669662823221621
2024-10-21,40.02399826049805,0,0,0,0,0,0,0,0,1,0,0,0.0207004849037183,0.00042851007524906924,-7.755196305035894,-8.963739767964569,-8.445113432141977,-7.020692899177375,-7.625450224471747
2024-10-22,40.70399856567383,0,0,0,0,0,0,0,0,1,0,0,0.01684710175525919,0.00028382483755205723,-8.167153275743022,-7.755196305035894,-8.320492827877809,-7.221741299437536,-7.718444353681182
2024-10-23,41.380001068115234,0,0,0,0,0,0,0,0,1,0,0,0.016471365650061055,0.00027130588637801125,-8.21226363791556,-8.167153275743022,-8.26301512821286,-7.308901475407474,-7.09280001622078
2024-10-24,42.15399932861328,0,0,0,0,0,0,0,0,1,0,0,0.01853186505810503,0.0003434300225318141,-7.976527183119393,-8.21226363791556,-8.319063558638296,-7.473177476431288,-7.163506577559286
2024-10-25,43.51300048828125,0,0,0,0,0,0,0,0,1,0,0,0.0317301920560595,0.0010068050879144216,-6.900973240172362,-7.976527183119393,-8.142161437272867,-7.485506100383505,-7.101239078797182
2024-10-28,42.51900100708008,0,0,0,0,0,0,0,0,1,0,0,-0.023108696705624897,0.000534011863432559,-7.535092501212397,-6.900973240172362,-7.669662823221621,-7.6375602432226595,-7.037996795483878
2024-10-29,42.86899948120117,0,0,0,0,0,0,0,0,1,0,0,0.008197883362141183,6.720529161927123e-05,-9.607758554321169,-7.535092501212397,-7.625450224471747,-7.609346659921246,-7.048267004783647
2024-10-30,40.90299987792969,0,0,0,0,0,0,0,0,1,0,0,-0.04694553489276216,0.0022038832463675494,-6.117534362158317,-9.607758554321169,-7.718444353681182,-7.606375043627355,-7.7529829529376535
2024-10-31,40.5880012512207,0,0,0,0,0,0,0,0,1,0,0,-0.007730919763478376,5.976712038934055e-05,-9.725054857751179,-6.117534362158317,-7.09280001622078,-7.468067615174053,-7.576979410294741
2024-11-01,39.17499923706055,0,0,0,0,0,0,0,0,0,1,0,-0.03543371847726864,0.0012555484051263287,-6.680182824851941,-9.725054857751179,-7.163506577559286,-7.466034490569305,-7.805090432453341
2024-11-04,40.30099868774414,0,0,0,0,0,0,0,0,0,1,0,0.02833748121226377,0.0008030128414554022,-7.127139851050255,-6.680182824851941,-7.101239078797182,-7.391669788759627,-7.7409297988113295
2024-11-05,40.492000579833984,0,0,0,0,0,0,0,0,0,1,0,0.0047281880770357,2.2355762491822552e-05,-10.708426395794095,-7.127139851050255,-7.037996795483878,-7.412908197947156,-7.686680602482875
2024-11-06,40.38800048828125,0,0,0,0,0,0,0,0,0,1,0,-0.0025717148243871108,6.613717137972428e-06,-11.92636456028306,-10.708426395794095,-7.048267004783647,-7.465092060483538,-7.614026788529612
2024-11-07,41.2760009765625,0,0,0,0,0,0,0,0,0,1,0,0.02174851768096244,0.00047299802131913594,-7.656419350624558,-11.92636456028306,-7.7529829529376535,-7.490966355303313,-6.86175833149705
2024-11-08,42.409000396728516,0,0,0,0,0,0,0,0,0,1,0,0.027079372306029317,0.0007332924044885476,-7.217966019540887,-7.656419350624558,-7.576979410294741,-7.545169333880114,-7.001679924629564
2024-11-11,43.72800064086914,0,0,0,0,0,0,0,0,0,1,0,0.030628030622692447,0.0009380762598245863,-6.97167931074409,-7.217966019540887,-7.805090432453341,-7.502301862868635,-7.217145889963428
2024-11-12,44.255001068115234,0,0,0,0,0,0,0,0,0,1,0,0.011979739714790872,0.00014351416363413767,-8.849076819384107,-6.97167931074409,-7.7409297988113295,-7.636807965222446,-7.073910310861985
2024-11-13,43.66600036621094,0,0,0,0,0,0,0,0,0,1,0,-0.013398607928747358,0.00017952269442829158,-8.625208921101999,-8.849076819384107,-7.686680602482875,-7.633341499536385,-6.980237996313379
2024-11-14,46.2239990234375,0,0,0,0,0,0,0,0,0,1,0,0.05692934696957479,0.003240950546382234,-5.731888613383373,-8.625208921101999,-7.614026788529612,-7.6433785810409445,-7.635870308552575
2024-11-15,46.55099868774414,0,0,0,0,0,0,0,0,0,1,0,0.007049334982680199,4.9693123698038845e-05,-9.909643970486561,-5.731888613383373,-6.86175833149705,-7.390811378252541,-7.388565895643431
2024-11-18,46.900001525878906,0,0,0,0,0,0,0,0,0,1,0,0.007469250407146809,5.5789701644662764e-05,-9.793921246024917,-9.909643970486561,-7.001679924629564,-7.412553572531915,-7.334422617062049
2024-11-19,45.667999267578125,0,0,0,0,0,0,0,0,0,1,0,-0.026619890210850976,0.0007086185548377596,-7.252193179257421,-9.793921246024917,-7.217145889963428,-7.416456049295086,-7.533849123561934
2024-11-20,46.79600143432617,0,0,0,0,0,0,0,0,0,1,0,0.024399942059855708,0.0005953571725243156,-7.426349040884092,-7.252193179257421,-7.073910310861985,-7.373496756847483,-7.7418321060089585
2024-11-21,48.303001403808594,0,0,0,0,0,0,0,0,0,1,0,0.03169593975749621,0.001004632597110829,-6.903133378328645,-7.426349040884092,-6.980237996313379,-7.36148644422756,-8.011032456075677
2024-11-22,47.018001556396484,0,0,0,0,0,0,0,0,0,1,0,-0.02696315937549451,0.0007270119635083176,-7.226567623195725,-6.903133378328645,-7.635870308552575,-7.311196220729547,-8.303610474846877
2024-11-25,47.733001708984375,0,0,0,0,0,0,0,0,0,1,0,0.015092478178852675,0.00022778289757914417,-8.387117581853772,-7.226567623195725,-7.388565895643431,-7.280659217570664,-8.502907631072604
2024-11-26,47.215999603271484,0,0,0,0,0,0,0,0,0,1,0,-0.01089020859865711,0.00011859664332226527,-9.039782365879642,-8.387117581853772,-7.334422617062049,-7.288320913929337,-7.877900557243146
2024-11-27,46.762001037597656,0,0,0,0,0,0,0,0,0,1,0,-0.00966188032041355,9.335193132599463e-05,-9.279133988394372,-9.039782365879642,-7.533849123561934,-7.349207850001275,-7.8681704747124455
2024-11-29,47.81100082397461,0,0,0,0,0,0,0,0,0,1,0,0.022184826301849564,0.0004921665180432362,-7.616693445394467,-9.279133988394372,-7.7418321060089585,-7.380849126604276,-8.163840689660008
2024-12-02,48.654998779296875,0,0,0,0,0,0,0,0,0,0,1,0.017498797405393864,0.000306207910635019,-8.091246236945754,-7.616693445394467,-8.011032456075677,-7.3503180536174195,-7.648387005719065
2024-12-03,48.55699920654297,0,0,0,0,0,0,0,0,0,0,1,-0.002016203925078695,4.0650782675027355e-06,-12.41307731515395,-8.091246236945754,-8.303610474846877,-7.4945083985747525,-7.554875378255468
2024-12-04,47.04600143432617,0,0,0,0,0,0,0,0,0,0,1,-0.03161247229533941,0.0009993484046236017,-6.908407085738413,-12.41307731515395,-8.502907631072604,-7.499071525744671,-7.834102863160853
2024-12-05,46.55099868774414,0,0,0,0,0,0,0,0,0,0,1,-0.01057741938476074,0.00011188180084111226,-9.098067584637638,-6.908407085738413,-7.877900557243146,-7.520331869101539,-7.199442669641312
2024-12-06,46.47999954223633,0,0,0,0,0,0,0,0,0,0,1,-0.0015263548847780281,2.3297592342857477e-06,-12.96974519942164,-9.098067584637638,-7.8681704747124455,-7.580046208387672,-6.8755327212292014
2024-12-09,44.85499954223633,0,0,0,0,0,0,0,0,0,0,1,-0.035587047889203124,0.0012664379774684365,-6.671547060532205,-12.96974519942164,-8.163840689660008,-7.581830768975419,-7.029404144832778
2024-12-10,45.551998138427734,0,0,0,0,0,0,0,0,0,0,1,0.015419434862873088,0.00023775897149038602,-8.344253118069446,-6.671547060532205,-7.648387005719065,-7.475341576439841,-6.7128182776551215
2024-12-11,44.694000244140625,0,0,0,0,0,0,0,0,0,0,1,-0.019015219784023468,0.00036157858343471746,-7.9250311556616015,-8.344253118069446,-7.554875378255468,-7.494383670648906,-6.666617990109606
2024-12-12,42.80400085449219,0,0,0,0,0,0,0,0,0,0,1,-0.04320769375702673,0.0018669047998010068,-6.283473406188058,-7.9250311556616015,-7.834102863160853,-7.52523237963264,-6.582189497134482
2024-12-13,41.21500015258789,0,0,0,0,0,0,0,0,0,0,1,-0.037829304660227166,0.0014310562910762848,-6.549342441602011,-6.283473406188058,-7.199442669641312,-7.449860360961118,-6.712987037086309
2024-12-16,40.277000427246094,0,0,0,0,0,0,0,0,0,0,1,-0.023021674432503133,0.0005299974936761685,-7.542638278455376,-6.549342441602011,-6.8755327212292014,-7.353968240660382,-6.639065900397421
2024-12-17,42.064998626708984,0,0,0,0,0,0,0,0,0,0,1,0.04343541132096684,0.001886634956621574,-6.272960482490753,-7.542638278455376,-7.029404144832778,-7.329383116130703,-6.975773148772561
2024-12-18,41.00699996948242,0,0,0,0,0,0,0,0,0,0,1,-0.025473225261474674,0.0006488852052218315,-7.340254734837393,-6.272960482490753,-6.7128182776551215,-7.427927235416725,-7.125330937764889
2024-12-19,43.077999114990234,0,0,0,0,0,0,0,0,0,0,1,0.04926962231638569,0.0024274956831992905,-6.020895135679143,-7.340254734837393,-6.666617990109606,-7.383126361135389,-7.285485053273564
2024-12-20,44.130001068115234,0,0,0,0,0,0,0,0,0,0,1,0.024127442074483228,0.0005821334610575435,-7.448810820271714,-6.020895135679143,-6.582189497134482,-7.223207194071777,-7.470165763843987
2024-12-23,45.54499816894531,0,0,0,0,0,0,0,0,0,0,1,0.031560960508283116,0.0009960942282054065,-6.9116686972187455,-7.448810820271714,-6.712987037086309,-7.231120041871582,-7.588791829708422
2024-12-24,45.73099899291992,0,0,0,0,0,0,0,0,0,0,1,0.004075574898527673,1.6610310753508848e-05,-11.00548686548999,-6.9116686972187455,-6.639065900397421,-7.2062622033861015,-7.32535254120088
2024-12-26,45.73099899291992,0,0,0,0,0,0,0,0,0,0,1,0.0,0.0,-27.631021115928547,-11.00548686548999,-6.975773148772561,-7.268703568501746,-7.275052893620912
2024-12-27,47.73099899291992,0,0,0,0,0,0,0,0,0,0,1,0.04280467799089474,0.0018322404579041887,-6.302215766482999,-27.631021115928547,-7.125330937764889,-7.31727503280322,-7.16261686846035
2024-12-30,47.632999420166016,0,0,0,0,0,0,0,0,0,0,1,-0.002055274713346417,4.224154147321196e-06,-12.374691282281907,-6.302215766482999,-7.285485053273564,-7.21305981048146,-7.161192158539465
2024-12-31,48.888999938964844,0,0,0,0,0,0,0,0,0,0,1,0.026026634882684283,0.0006773857233165583,-7.297269692032726,-12.374691282281907,-7.470165763843987,-7.220139715647344,-6.928252268032107
2025-01-02,50.27299880981445,0,0,0,0,0,0,0,0,0,0,0,0.0279157089372585,0.0007792868054697341,-7.157131407234033,-7.297269692032726,-7.588791829708422,-7.184501140622393,-7.063496165714514
2025-01-03,49.62200164794922,0,0,0,0,0,0,0,0,0,0,0,-0.013033813000070527,0.00016988028132080746,-8.680416590636858,-7.157131407234033,-7.32535254120088,-7.167435625564395,-7.1039545964769
2025-01-06,47.32600021362305,0,0,0,0,0,0,0,0,0,0,0,-0.04737448512280022,0.0022443418406504195,-6.099342967072269,-8.680416590636858,-7.275052893620912,-7.175502204747028,-6.609927712526075
2025-01-07,47.4739990234375,0,0,0,0,0,0,0,0,0,0,0,0.0031223403215680347,9.749009083689578e-06,-11.538344807987018,-6.099342967072269,-7.16261686846035,-7.050549847247689,-6.504037153313777
2025-01-08,45.558998107910156,0,0,0,0,0,0,0,0,0,0,0,-0.041174024458871916,0.0016953002901397827,-6.379895390926893,-11.538344807987018,-7.161192158539465,-7.103830559778715,-6.760510742710441
2025-01-09,44.98699951171875,0,0,0,0,0,0,0,0,0,0,0,-0.012634599438250512,0.00015963310296504015,-8.742632476129454,-6.379895390926893,-6.928252268032107,-7.019889883764148,-6.741768338004381
2025-01-10,45.007999420166016,0,0,0,0,0,0,0,0,0,0,0,0.00046669057342410406,2.1780009132291907e-07,-15.339683615794728,-8.742632476129454,-7.063496165714514,-7.0119230895791596,-6.709716657003457
2025-01-13,48.26100158691406,0,0,0,0,0,0,0,0,0,0,0,0.06978357509360257,0.004869747352844469,-5.324713221294036,-15.339683615794728,-7.1039545964769,-7.077928590606207,-6.825761948600328
2025-01-14,46.946998596191406,0,0,0,0,0,0,0,0,0,0,0,-0.027604538011037273,0.0007620105188028016,-7.179550196857435,-5.324713221294036,-6.609927712526075,-6.855102547215189,-6.836287189386654
2025-01-15,47.00600051879883,0,0,0,0,0,0,0,0,0,0,0,0.0012559882264436362,1.5775064249650307e-06,-13.359664535749708,-7.179550196857435,-6.504037153313777,-6.837982054362383,-6.823770426513872
2025-01-16,46.24100112915039,0,0,0,0,0,0,0,0,0,0,0,-0.016408389326931647,0.0002692352403041644,-8.219925057527934,-13.359664535749708,-6.760510742710441,-6.92035696156754,-6.848329793878515
2025-01-17,46.887001037597656,0,0,0,0,0,0,0,0,0,0,0,0.013873598811248654,0.00019247674397548006,-8.555535216856168,-8.219925057527934,-6.741768338004381,-6.975319879819723,-6.6397600438200275
2025-01-21,50.027000427246094,0,0,0,0,0,0,0,0,0,0,0,0.06482239456300552,0.0042019428368819675,-5.4722082802020795,-8.555535216856168,-6.709716657003457,-6.99187032408754,-7.645256906116061
2025-01-22,48.715999603271484,0,0,0,0,0,0,0,0,0,0,0,-0.026555358139759396,0.0007051870459308856,-7.25704747554617,-5.4722082802020795,-6.825761948600328,-6.883485435357489,-6.8743091405189976
2025-01-23,49.12300109863281,0,0,0,0,0,0,0,0,0,0,0,0.008319869176230349,6.922022310958786e-05,-9.578217482120193,-7.25704747554617,-6.836287189386654,-6.880990738244055,-6.864001878634759
2025-01-24,49.70199966430664,0,0,0,0,0,0,0,0,0,0,0,0.011717787730094069,0.00013730654928754312,-8.893294538480239,-9.578217482120193,-6.823770426513872,-6.991211250598097,-6.739641457502107
2025-01-27,47.86199951171875,0,0,0,0,0,0,0,0,0,0,0,-0.03772330703229704,0.0014230478934529511,-6.554954303059968,-8.893294538480239,-6.848329793878515,-7.013435641562828,-6.99099761856009
2025-01-28,48.2239990234375,0,0,0,0,0,0,0,0,0,0,0,0.007534942238344135,5.677535453518253e-05,-9.776408207813791,-6.554954303059968,-6.6397600438200275,-6.992094771997412,-6.788627232459711
2025-01-29,51.15599822998047,0,0,0,0,0,0,0,0,0,0,0,0.059022950777109125,0.0034837087184370467,-5.659657828700238,-9.776408207813791,-7.645256906116061,-6.990110401468417,-7.472162376838945
2025-01-30,51.72600173950195,0,0,0,0,0,0,0,0,0,0,0,0.011080837114358496,0.00012278495115494473,-9.005076089214652,-5.659657828700238,-6.8743091405189976,-6.831446998361446,-7.382765515941261
2025-01-31,53.23699951171875,0,0,0,0,0,0,0,0,0,0,0,0.028793044072357797,0.0008290393869527385,-7.095242891348815,-9.005076089214652,-6.864001878634759,-6.906163820373236,-7.497903810255527
2025-02-03,53.79399871826172,1,0,0,0,0,0,0,0,0,0,0,0.010408278800738323,0.00010833226759389879,-9.130307492714957,-7.095242891348815,-6.739641457502107,-6.86941540832753,-7.05366153060676
2025-02-04,52.04800033569336,1,0,0,0,0,0,0,0,0,0,0,-0.03299553677741531,0.0010887054472297664,-6.822765950745245,-9.130307492714957,-6.99099761856009,-6.894623616930518,-7.337087489747826
2025-02-05,53.4379997253418,1,0,0,0,0,0,0,0,0,0,0,0.026355722057913124,0.0006946240851939683,-7.2721397419036995,-6.822765950745245,-6.788627232459711,-6.880838074642083,-7.146511102424964
2025-02-06,54.50199890136719,1,0,0,0,0,0,0,0,0,0,0,0.01971527984731981,0.00038869225945813466,-7.85272263165464,-7.2721397419036995,-7.472162376838945,-6.857884997611591,-6.220131408191145
2025-02-07,55.722999572753906,1,0,0,0,0,0,0,0,0,0,0,0.022155602340743312,0.0004908707150811506,-7.619329772211591,-7.85272263165464,-7.382765515941261,-6.94153232716182,-6.251156131898842
2025-02-10,58.03900146484375,1,0,0,0,0,0,0,0,0,0,0,0.040722243182954435,0.0016583010898516789,-6.401961639931208,-7.619329772211591,-7.497903810255527,-6.919163914692124,-6.336884833231182
2025-02-11,57.76599884033203,1,0,0,0,0,0,0,0,0,0,0,-0.004714876378926786,2.2230059268561757e-05,-10.714065118855462,-6.401961639931208,-7.05366153060676,-6.920866441701847,-6.297170171346219
2025-02-12,55.6609992980957,1,0,0,0,0,0,0,0,0,0,0,-0.037120637681176585,0.001377941741857187,-6.587164383875652,-10.714065118855462,-7.337087489747826,-6.927214567533969,-6.4267808089153755
2025-02-13,51.382999420166016,1,0,0,0,0,0,0,0,0,0,0,-0.07997234237885635,0.006395575545561023,-5.0521488485388,-6.587164383875652,-7.146511102424964,-6.865316061542834,-7.96759367634128
2025-02-14,50.685001373291016,1,0,0,0,0,0,0,0,0,0,0,-0.01367733124166797,0.0001870693898943067,-8.584030935639623,-5.0521488485388,-6.220131408191145,-6.8009581783381465,-8.081096346077645
2025-02-18,49.21500015258789,1,0,0,0,0,0,0,0,0,0,0,-0.02943157774737731,0.0008662177686999152,-7.051374214847972,-8.584030935639623,-6.251156131898842,-6.824724937750266,-6.996071990759574
2025-02-19,48.263999938964844,1,0,0,0,0,0,0,0,0,0,0,-0.019512518307759068,0.0003807383707106328,-7.873398107139594,-7.051374214847972,-6.336884833231182,-6.78919334126542,-6.3239534648339335
2025-02-20,47.49399948120117,1,0,0,0,0,0,0,0,0,0,0,-0.016082563524700097,0.000258648849526014,-8.260039205653703,-7.873398107139594,-6.297170171346219,-6.784701774211224,-5.766310540820741
2025-02-21,47.19499969482422,1,0,0,0,0,0,0,0,0,0,0,-0.006315428038515994,3.988463130967397e-05,-10.129519463405765,-8.260039205653703,-6.4267808089153755,-6.782045738338464,-5.7569667641083475
2025-02-24,47.14400100708008,1,0,0,0,0,0,0,0,0,0,0,-0.0010811794132353503,1.1689489236039362e-06,-13.659404713343166,-10.129519463405765,-7.96759367634128,-6.964570856972033,-5.732169573553839
2025-02-25,44.29100036621094,1,0,0,0,0,0,0,0,0,0,0,-0.06242526448874018,0.003896913646489166,-5.547570411585682,-13.659404713343166,-8.081096346077645,-6.999029401181284,-5.888206386249921
2025-02-26,41.33599853515625,1,0,0,0,0,0,0,0,0,0,0,-0.06904774886125753,0.004767591622807291,-5.345914002256481,-5.547570411585682,-6.996071990759574,-6.824560438525435,-6.100169150456149
2025-02-27,44.93000030517578,1,0,0,0,0,0,0,0,0,0,0,0.08337197432691723,0.006950886103168146,-4.968886130529877,-5.345914002256481,-6.3239534648339335,-6.647530968107791,-6.1205516781658655
2025-02-28,44.31999969482422,1,0,0,0,0,0,0,0,0,0,0,-0.01366969432102515,0.00018686054283026724,-8.585147974241572,-4.968886130529877,-5.766310540820741,-6.4704773361248655,-5.970927017518163
2025-03-03,45.2130012512207,0,1,0,0,0,0,0,0,0,0,0,0.019948648226270016,0.00039794856605546587,-7.829187789534414,-8.585147974241572,-5.7569667641083475,-6.466666064500412,-5.927463132255541
2025-03-04,43.4640007019043,0,1,0,0,0,0,0,0,0,0,0,-0.03945165838124573,0.0015564333490305164,-6.465358389410278,-7.829187789534414,-5.732169573553839,-6.561235441852029,-5.951468786913508
2025-03-05,41.507999420166016,0,1,0,0,0,0,0,0,0,0,0,-0.04604685962449601,0.002120313281278041,-6.156191426556362,-6.465358389410278,-5.888206386249921,-6.516183989683457,-6.118844837741194
2025-03-06,38.2400016784668,0,1,0,0,0,0,0,0,0,0,0,-0.08200403369766172,0.00672466154268724,-5.001973682836981,-6.156191426556362,-6.100169150456149,-6.477273935745389,-7.059009665916079
2025-03-07,39.97100067138672,0,1,0,0,0,0,0,0,0,0,0,0.04427207589502691,0.0019600167040550224,-6.234802282788776,-5.001973682836981,-6.1205516781658655,-6.29867478439112,-7.65689510593959
2025-03-10,41.231998443603516,0,1,0,0,0,0,0,0,0,0,0,0.031060408191526327,0.0009647489570242358,-6.943642637594565,-6.234802282788776,-5.970927017518163,-6.277364237171967,-7.813343510186385
2025-03-11,42.709999084472656,0,1,0,0,0,0,0,0,0,0,0,0.035218447254760525,0.001240339027036349,-6.692370527028081,-6.943642637594565,-5.927463132255541,-6.270848689290788,-8.594333660932646
2025-03-12,42.25400161743164,0,1,0,0,0,0,0,0,0,0,0,-0.010734001260649741,0.00011521878306363024,-9.068677766886784,-6.692370527028081,-5.951468786913508,-6.250580119427827,-6.98352341831971
2025-03-13,42.07600021362305,0,1,0,0,0,0,0,0,0,0,0,-0.004221550202720306,1.7821486114087857e-05,-10.935105687434516,-9.068677766886784,-6.118844837741194,-6.259469762664851,-6.958651291288307
2025-03-14,42.290000915527344,0,1,0,0,0,0,0,0,0,0,0,0.005073161179083825,2.573696434896318e-05,-10.567582259057287,-10.935105687434516,-7.059009665916079,-6.299244720366288,-6.956865426716019
2025-03-17,41.24800109863281,0,1,0,0,0,0,0,0,0,0,0,-0.02494801974159673,0.0006224036890271002,-7.381921656410887,-10.567582259057287,-7.65689510593959,-6.299157982303666,-7.09427628611945
2025-03-18,40.755001068115234,0,1,0,0,0,0,0,0,0,0,0,-0.012024095636969207,0.00014457887588698192,-8.841685338530041,-7.381921656410887,-7.813343510186385,-6.3180210725878485,-6.947374683035369
2025-03-19,43.35499954223633,0,1,0,0,0,0,0,0,0,0,0,0.06184346851600448,0.0038246145980900376,-5.56629757518794,-8.841685338530041,-8.594333660932646,-6.489457675159892,-8.288116508156433
2025-03-20,42.85499954223633,0,1,0,0,0,0,0,0,0,0,0,-0.011599712601466293,0.00013455333243661593,-8.913549906392815,-5.56629757518794,-6.98352341831971,-6.386158428352635,-8.344634444867642
2025-03-21,42.60499954223633,0,1,0,0,0,0,0,0,0,0,0,-0.005850707133605377,3.423077396322085e-05,-10.282385465794706,-8.913549906392815,-6.958651291288307,-6.406096582659784,-8.194906659971537
2025-03-24,42.74800109863281,0,1,0,0,0,0,0,0,0,0,0,0.0033508298273113566,1.1228060531599456e-05,-11.397094419287326,-10.282385465794706,-6.956865426716019,-6.415679588159648,-8.200246449382206
2025-03-25,41.55500030517578,0,1,0,0,0,0,0,0,0,0,0,-0.02830457801397546,0.000801149136549223,-7.129463439026944,-11.397094419287326,-7.09427628611945,-6.422578888516935,-7.636302964262764
2025-03-26,40.869998931884766,0,1,0,0,0,0,0,0,0,0,0,-0.016621586907160826,0.0002762771513123002,-8.194106021049047,-7.129463439026944,-6.947374683035369,-6.401501416717571,-7.438409766795517
2025-03-27,41.20199966430664,0,1,0,0,0,0,0,0,0,0,0,0.008090519277363581,6.545650217739172e-05,-9.634124709545233,-8.194106021049047,-8.288116508156433,-6.393992349259246,-6.812733946846877
2025-03-28,40.58700180053711,0,1,0,0,0,0,0,0,0,0,0,-0.015038928067351411,0.00022616935741497004,-8.394226465814562,-9.634124709545233,-8.344634444867642,-6.504016840362437,-6.140289467775578
2025-03-31,40.66699981689453,0,1,0,0,0,0,0,0,0,0,0,0.001969085598567423,3.877298094485626e-06,-12.460371756394578,-8.394226465814562,-8.194906659971537,-6.6523506027247965,-6.116210123454841
2025-04-01,42.45000076293945,0,0,1,0,0,0,0,0,0,0,0,0.042909982479708106,0.0018412665964088566,-6.297301576020944,-12.460371756394578,-8.200246449382206,-6.932856886516223,-6.251908104495539
2025-04-02,41.26300048828125,0,0,1,0,0,0,0,0,0,0,0,-0.028360704250591177,0.0008043295455895004,-7.125501488946946,-6.297301576020944,-7.636302964262764,-6.8585736739211285,-5.8624725455398545
2025-04-03,39.202999114990234,0,0,1,0,0,0,0,0,0,0,0,-0.05121297457413425,0.002622768764730921,-5.943524738395559,-7.125501488946946,-7.438409766795517,-6.841141142085727,-6.055693997939231
2025-04-04,36.4010009765625,0,0,1,0,0,0,0,0,0,0,0,-0.0741569782845843,0.005499257428300307,-5.203142208713257,-5.943524738395559,-6.812733946846877,-6.796793009537756,-6.684762747180847
2025-04-07,37.0,0,0,1,0,0,0,0,0,0,0,0,0.01632163902351725,0.0002663959004140011,-8.23052700449897,-5.203142208713257,-6.140289467775578,-6.667997615119149,-6.583891002016588
2025-04-08,36.23099899291992,0,0,1,0,0,0,0,0,0,0,0,-0.021002834478965355,0.0004411190561508159,-7.726195748089476,-8.23052700449897,-6.116210123454841,-6.930631363893204,-6.648733572325441
2025-04-09,33.66600036621094,0,0,1,0,0,0,0,0,0,0,0,-0.07342664129060121,0.0053914716512186225,-5.222936897521383,-7.726195748089476,-6.251908104495539,-7.003888732249799,-7.951365859897725
2025-04-10,33.292999267578125,0,0,1,0,0,0,0,0,0,0,0,-0.011141294195008576,0.0001241284363397318,-8.994193743416554,-5.222936897521383,-5.8624725455398545,-6.803794032719182,-7.9683172566675315
2025-04-11,33.4630012512207,0,0,1,0,0,0,0,0,0,0,0,0.005093245545723258,2.5941150189029807e-05,-10.559680001146667,-8.994193743416554,-6.055693997939231,-6.850599622790493,-7.983414219221502
2025-04-14,34.499000549316406,0,0,1,0,0,0,0,0,0,0,0,0.03048996580728322,0.0009296380149292999,-6.98071527777025,-10.559680001146667,-6.684762747180847,-6.854439622383557,-7.637297243297046
2025-04-15,34.40700149536133,0,0,1,0,0,0,0,0,0,0,0,-0.002670278521199373,7.13038738077871e-06,-11.851144853664117,-6.98071527777025,-6.583891002016588,-6.815897651304007,-7.637753039354144
2025-04-16,35.3120002746582,0,0,1,0,0,0,0,0,0,0,0,0.02596278178096574,0.0006740660378060466,-7.302182471427334,-11.851144853664117,-6.648733572325441,-6.81666947504073,-7.806751017763308
2025-04-17,35.65700149536133,0,0,1,0,0,0,0,0,0,0,0,0.009722665666638866,9.453022766523817e-05,-9.266590894559863,-7.302182471427334,-7.951365859897725,-6.814527924691124,-7.37361845970745
2025-04-21,35.65700149536133,0,0,1,0,0,0,0,0,0,0,0,0.0,0.0,-27.631021115928547,-9.266590894559863,-7.9683172566675315,-6.816602513156542,-7.373267908308691
2025-04-22,34.24399948120117,0,0,1,0,0,0,0,0,0,0,0,-0.04043417122888702,0.0016349222029669547,-6.416160057436551,-27.631021115928547,-7.983414219221502,-6.989409880472279,-7.93566477343301
2025-04-23,34.15999984741211,0,0,1,0,0,0,0,0,0,0,0,-0.0024559872766635187,6.031873503133087e-06,-12.018452732658556,-6.416160057436551,-7.637297243297046,-6.918018966237448,-7.829476479002008
2025-04-24,33.57400131225586,0,0,1,0,0,0,0,0,0,0,0,-0.01730336746781033,0.0002994065257260768,-8.113708286864055,-12.018452732658556,-7.637753039354144,-6.919314797078795,-7.976656219256538
2025-04-25,32.43199920654297,0,0,1,0,0,0,0,0,0,0,0,-0.03460643174130747,0.001197605117865773,-6.727431450597972,-8.113708286864055,-7.806751017763308,-6.906150509728487,-8.231384562518134
2025-04-28,32.39799880981445,0,0,1,0,0,0,0,0,0,0,0,-0.001048909482836541,1.1002111031844198e-06,-13.720007575670799,-6.727431450597972,-7.37361845970745,-6.888318616673981,-8.21720247882415
2025-04-29,31.856000900268555,0,0,1,0,0,0,0,0,0,0,0,-0.016870880179151084,0.0002846265980192729,-8.164332415610124,-13.720007575670799,-7.373267908308691,-6.900661756336668,-7.146637694889635
2025-04-30,32.31700134277344,0,0,1,0,0,0,0,0,0,0,0,0.014367673530166903,0.00020643004266945867,-8.485548974535712,-8.164332415610124,-7.93566477343301,-6.890818501022535,-7.190497512523616
2025-05-01,32.14899826049805,0,0,0,1,0,0,0,0,0,0,0,-0.005212157219255514,2.7166582878237373e-05,-10.513522873817056,-8.485548974535712,-7.829476479002008,-6.891701063529621,-7.06347160510325
2025-05-02,33.077999114990234,0,0,0,1,0,0,0,0,0,0,0,0.028487090187046572,0.0008115143073249251,-7.1166085392181495,-10.513522873817056,-7.976656219256538,-6.890659861275399,-7.157565471531571
2025-05-05,32.93000030517578,0,0,0,1,0,0,0,0,0,0,0,-0.004484276424681163,2.0108735052951277e-05,-10.814356207823224,-7.1166085392181495,-8.231384562518134,-6.937765661019835,-7.044473604287562
2025-05-06,34.74300003051758,0,0,0,1,0,0,0,0,0,0,0,0.05359400809304895,0.002872317703477796,-5.852636012577968,-10.814356207823224,-8.21720247882415,-6.975189660631491,-8.054827102948611
2025-05-07,34.53099822998047,0,0,0,1,0,0,0,0,0,0,0,-0.006120693700673045,3.746289137745869e-05,-10.192159651503571,-5.852636012577968,-7.146637694889635,-6.963128261360617,-7.856037050939589
2025-05-08,35.340999603271484,0,0,0,1,0,0,0,0,0,0,0,0.02318633176524399,0.0005376059807279625,-7.528384642091115,-10.192159651503571,-7.190497512523616,-7.267479433531733,-8.146771037606651
2025-05-09,34.61800003051758,0,0,0,1,0,0,0,0,0,0,0,-0.020669972927542545,0.00042724778082534173,-7.7581464277308125,-7.528384642091115,-7.06347160510325,-7.24996881724672,-8.481395220040937
2025-05-12,35.38999938964844,0,0,0,1,0,0,0,0,0,0,0,0.022055498225171045,0.0004864450019605231,-7.628386709058292,-7.7581464277308125,-7.157565471531571,-7.250857011619041,-9.108061751103167
2025-05-13,35.74399948120117,0,0,0,1,0,0,0,0,0,0,0,0.009953131261568342,9.906482191000902e-05,-9.219736145233751,-7.628386709058292,-7.044473604287562,-7.6280470323147,-7.481813697574633
2025-05-14,35.04800033569336,0,0,0,1,0,0,0,0,0,0,0,-0.019663848282798345,0.0003866669292889114,-7.857946880750538,-9.219736145233751,-8.054827102948611,-7.630390983900426,-7.591289102529896
2025-05-15,35.29399871826172,0,0,0,1,0,0,0,0,0,0,0,0.0069943814153012205,4.8921371382711105e-05,-9.92529619392655,-7.857946880750538,-7.856037050939589,-7.597174145943351,-7.589775416578728
2025-05-16,35.15599822998047,0,0,0,1,0,0,0,0,0,0,0,-0.003917691150184492,1.5348303948233884e-05,-11.084505516853714,-9.92529619392655,-8.146771037606651,-7.680302740374532,-7.593215010662643
2025-05-19,35.224998474121094,0,0,0,1,0,0,0,0,0,0,0,0.0019607641118588297,3.844595902353546e-06,-12.468841797341563,-11.084505516853714,-8.481395220040937,-7.679494246800488,-7.507548670489731
2025-05-20,36.979000091552734,0,0,0,1,0,0,0,0,0,0,0,0.04859417195834237,0.0023613935483169477,-6.04850334721476,-12.468841797341563,-9.108061751103167,-7.747677756118104,-9.297673992046889
2025-05-21,36.62099838256836,0,0,0,1,0,0,0,0,0,0,0,-0.009728384236026786,9.464145984377447e-05,-9.26541490261684,-6.04850334721476,-7.481813697574633,-7.5336490632459086,-7.739809954985462
2025-05-22,36.35599899291992,0,0,0,1,0,0,0,0,0,0,0,-0.00726257763298731,5.274503387516756e-05,-9.85004091562743,-9.26541490261684,-7.591289102529896,-7.525637080137837,-7.4727891466340415
2025-05-23,36.45000076293945,0,0,0,1,0,0,0,0,0,0,0,0.002582254829786077,6.668040005953522e-06,-11.91818444343154,-9.85004091562743,-7.589775416578728,-7.6688216765328505,-7.307695018227437
2025-05-27,37.00600051879883,0,0,0,1,0,0,0,0,0,0,0,0.015138596293050435,0.00022917709772396038,-8.381015496423185,-11.91818444343154,-7.593215010662643,-7.668759780671199,-7.215530240652859
2025-05-28,36.6870002746582,0,0,0,1,0,0,0,0,0,0,0,-0.008657599316971734,7.495402593322943e-05,-9.498635606597079,-8.381015496423185,-7.507548670489731,-7.675615996238652,-7.227650563424997
2025-05-29,35.15800094604492,0,0,0,1,0,0,0,0,0,0,0,-0.04257026107578748,0.0018122271280607066,-6.3131987320529035,-9.498635606597079,-9.297673992046889,-7.792123380041008,-7.708762165611571
2025-05-30,34.22800064086914,0,0,0,1,0,0,0,0,0,0,0,-0.026808174006738975,0.0007186781935755952,-7.238096874042543,-6.3131987320529035,-7.739809954985462,-7.6103489371205475,-8.084768029656237
2025-06-02,35.01499938964844,0,0,0,0,1,0,0,0,0,0,0,0.022732482396992593,0.0005167657559295781,-7.567920867502348,-7.238096874042543,-7.4727891466340415,-7.571288089730392,-8.218914931157958
2025-06-03,35.847999572753906,0,0,0,0,1,0,0,0,0,0,0,0.023511241889237824,0.0005527784951742514,-7.5005531860969334,-7.567920867502348,-7.307695018227437,-7.544267362949734,-8.077057323807152
2025-06-04,35.650001525878906,0,0,0,0,1,0,0,0,0,0,0,-0.005538575903616805,3.067582304012471e-05,-10.39203570415437,-7.5005531860969334,-7.215530240652859,-7.500105111930563,-7.477299680194251
2025-06-05,36.393001556396484,0,0,0,0,1,0,0,0,0,0,0,0.020627301561304167,0.00042548556970098135,-7.762279521921898,-10.39203570415437,-7.227650563424997,-7.566436147856172,-7.618221888287796
2025-06-06,36.250999450683594,0,0,0,0,1,0,0,0,0,0,0,-0.003909539249310825,1.5284497141901845e-05,-11.08867143653297,-7.762279521921898,-7.708762165611571,-7.531451401912726,-6.992898766191441
2025-06-09,35.60499954223633,0,0,0,0,1,0,0,0,0,0,0,-0.017980887396586136,0.00032331231156871015,-8.036891789922462,-11.08867143653297,-8.084768029656237,-7.808924289882209,-7.065886112054441
2025-06-10,34.63800048828125,0,0,0,0,1,0,0,0,0,0,0,-0.027534705173819216,0.0007581599890091467,-7.1846161259800985,-8.036891789922462,-8.218914931157958,-7.777430093081647,-6.942052123844816
2025-06-11,35.91299819946289,0,0,0,0,1,0,0,0,0,0,0,0.0361479373977149,0.0013066733781091156,-6.640270776787768,-7.1846161259800985,-8.077057323807152,-7.7537902920539485,-7.188998621905554
2025-06-12,36.176998138427734,0,0,0,0,1,0,0,0,0,0,0,0.007324209530962321,5.36440452534393e-05,-9.833140068886452,-6.640270776787768,-7.477299680194251,-7.6647225582345655,-6.589041401790826
2025-06-13,37.89400100708008,0,0,0,0,1,0,0,0,0,0,0,0.04636930845418948,0.0021501127665197683,-6.142234988208824,-9.833140068886452,-7.618221888287796,-7.707565799598611,-6.9430606064849645
2025-06-16,37.90599822998047,0,0,0,0,1,0,0,0,0,0,0,0.00031654942272630796,1.0020353702835881e-07,-16.116052369596602,-6.142234988208824,-6.992898766191441,-7.519057875693848,-5.449717040693088
2025-06-17,39.308998107910156,0,0,0,0,1,0,0,0,0,0,0,0.036344087947662675,0.0013208927287474393,-6.6294474605639575,-16.116052369596602,-7.065886112054441,-7.551974499191424,-5.5113604553766855
2025-06-18,38.69300079345703,0,0,0,0,1,0,0,0,0,0,0,-0.015794726528059234,0.0002494733860961781,-8.29615831340699,-6.6294474605639575,-6.942052123844816,-7.447513393337637,-5.447858059544624
2025-06-20,40.92900085449219,0,0,0,0,1,0,0,0,0,0,0,0.05618015349753214,0.0031562096470062724,-5.758383449812422,-8.29615831340699,-7.188998621905554,-7.429420645979733,-5.564827073158934
2025-06-23,40.52199935913086,0,0,0,0,1,0,0,0,0,0,0,-0.009993858437651982,9.987720647182772e-05,-9.211569051775879,-5.758383449812422,-6.589041401790826,-7.21316611799434,-5.568334793457226
2025-06-24,35.6150016784668,0,0,0,0,1,0,0,0,0,0,0,-0.12907807613021857,0.016661149737478502,-4.094675632711177,-9.211569051775879,-6.9430606064849645,-7.363423118153184,-7.420857492457043
2025-06-25,35.4010009765625,0,0,0,0,1,0,0,0,0,0,0,-0.0060268486443552155,3.63229045819663e-05,-10.223062007927494,-4.094675632711177,-5.449717040693088,-6.580577888974649,-7.429962801965162
2025-06-26,34.02399826049805,0,0,0,0,1,0,0,0,0,0,0,-0.03967398908844953,0.0015740254101904126,-6.454118984777719,-10.223062007927494,-5.5113604553766855,-6.581116198839267,-8.18586320855474
2025-06-27,33.08700180053711,0,0,0,0,1,0,0,0,0,0,0,-0.027925596415215418,0.0007798389351454922,-7.156423151724234,-6.454118984777719,-5.447858059544624,-6.531002067219285,-8.955020094287848
2025-06-30,32.89799880981445,0,0,0,0,1,0,0,0,0,0,0,-0.005728680938468379,3.281778529477095e-05,-10.324539924462277,-7.156423151724234,-5.564827073158934,-6.513975078512543,-8.955579059933758
2025-07-01,33.69300079345703,0,0,0,0,0,1,0,0,0,0,0,0.023878294726705142,0.0005701729590553945,-7.469570804470213,-10.324539924462277,-5.568334793457226,-6.51526777691554,-9.469809782577148
2025-07-02,33.590999603271484,0,0,0,0,0,1,0,0,0,0,0,-0.0030319620630093825,9.19279395152811e-06,-11.597090538179874,-7.469570804470213,-7.420857492457043,-6.554143374752631,-9.477716831102468
2025-07-03,33.62099838256836,0,0,0,0,0,1,0,0,0,0,0,0.0008926614946107862,7.968445439607627e-07,-14.042604973724218,-11.597090538179874,-7.429962801965162,-6.577047470545644,-8.513728695053485
2025-07-04,33.43000030517578,0,0,0,0,0,1,0,0,0,0,0,-0.005697114069413317,3.245710871990716e-05,-10.335591041126676,-14.042604973724218,-8.18586320855474,-6.594040114526284,-8.428036377000483
2025-07-07,33.62099838256836,0,0,0,0,0,1,0,0,0,0,0,0.005697114069413339,3.245710871990742e-05,-10.33559104112667,-10.335591041126676,-8.955020094287848,-6.611473605689921,-8.449650215898748
2025-07-08,34.21900177001953,0,0,0,0,0,1,0,0,0,0,0,0.01763027345625811,0.0003108265421424393,-8.07627554047118,-10.33559104112667,-8.955579059933758,-6.611413401831367,-8.051791583580394
2025-07-09,34.30400085449219,0,0,0,0,0,1,0,0,0,0,0,0.0024808932712618477,6.154831423392312e-06,-11.99827302479235,-8.07627554047118,-9.469809782577148,-6.615296056509447,-7.9883296338729455
2025-07-10,35.16999816894531,0,0,0,0,0,1,0,0,0,0,0,0.024931404065178627,0.0006215749086612054,-7.383254123848389,-11.99827302479235,-9.477716831102468,-6.615605859809835,-8.326278996052324
2025-07-11,35.56100082397461,0,0,0,0,0,1,0,0,0,0,0,0.011056160482935389,0.00012223868462442209,-9.009534985021885,-7.383254123848389,-8.513728695053485,-6.605534031168887,-8.011276777541845
2025-07-14,35.45399856567383,0,0,0,0,0,1,0,0,0,0,0,-0.00301351377023853,9.081265243417238e-06,-11.609296920953053,-9.009534985021885,-8.428036377000483,-6.6271318120795195,-7.918319351206881
2025-07-15,34.44499969482422,0,0,0,0,0,1,0,0,0,0,0,-0.02887220095025579,0.0008336039877119514,-7.089752102053453,-11.609296920953053,-8.449650215898748,-6.672704075979105,-8.528696604044582
2025-07-16,34.808998107910156,0,0,0,0,0,1,0,0,0,0,0,0.01051207949181638,0.00011050381524226653,-9.110460501473716,-7.089752102053453,-8.051791583580394,-6.645063174278759,-8.476237506439563
2025-07-17,34.40700149536133,0,0,0,0,0,1,0,0,0,0,0,-0.011615844165720047,0.00013492783568229245,-8.910770465539068,-9.110460501473716,-7.9883296338729455,-6.719023673525301,-8.506175998813681
2025-07-18,33.595001220703125,0,0,0,0,0,1,0,0,0,0,0,-0.02388279280348653,0.000570387792094268,-7.4691940896993065,-8.910770465539068,-8.326278996052324,-6.713962030112628,-9.294601930878834
2025-07-21,33.159000396728516,0,0,0,0,0,1,0,0,0,0,0,-0.013063097746612498,0.00017064452273755253,-8.675927973735599,-7.4691940896993065,-8.011276777541845,-6.7424684660979874,-9.341374190386459
2025-07-22,33.111000061035156,0,0,0,0,0,1,0,0,0,0,0,-0.0014486296591508967,2.098527889371643e-06,-13.074273987590546,-8.675927973735599,-7.918319351206881,-6.745510330131147,-7.969993166114617
2025-07-23,32.689998626708984,0,0,0,0,0,1,0,0,0,0,0,-0.012796376575602283,0.0001637472534646228,-8.717186450217731,-13.074273987590546,-8.528696604044582,-6.875501456250467,-7.972212099090855
2025-07-24,32.358001708984375,0,0,0,0,0,1,0,0,0,0,0,-0.01020784032856564,0.00010420000417349106,-9.169198378995382,-8.717186450217731,-8.476237506439563,-6.872694360659989,-7.788571418289975
2025-07-25,32.499000549316406,0,0,0,0,0,1,0,0,0,0,0,0.004347998136064743,1.8905087791222482e-05,-10.876079423926642,-9.169198378995382,-8.506175998813681,-8.169730942903117,-7.27060029660923
2025-07-28,32.89899826049805,0,0,0,0,0,1,0,0,0,0,0,0.012232872764495068,0.0001496431760723252,-8.807256917272094,-10.876079423926642,-9.294601930878834,-8.172531523663144,-7.289931397036827
2025-07-29,34.10300064086914,0,0,0,0,0,1,0,0,0,0,0,0.03594316645291653,0.0012919112146620641,-6.651632594510767,-8.807256917272094,-9.341374190386459,-8.4330459554184,-7.7597628179460925
2025-07-30,34.5369987487793,0,0,0,0,0,1,0,0,0,0,0,0.012645801147078977,0.00015991628665146398,-8.740860081826817,-6.651632594510767,-7.969993166114617,-8.33140339986551,-7.377267021758124
2025-07-31,35.27899932861328,0,0,0,0,0,1,0,0,0,0,0,0.021256690136301725,0.000451846875550747,-7.7021672042201565,-8.740860081826817,-7.972212099090855,-8.307698255917282,-7.5019133122940405
2025-08-01,33.97200012207031,0,0,0,0,0,0,1,0,0,0,0,-0.03775120752387026,0.0014251536695103187,-6.553475632121116,-7.7021672042201565,-7.788571418289975,-8.329749078527604,-8.063881932408835
2025-08-04,34.28300094604492,0,0,0,0,0,0,1,0,0,0,0,0.00911297257030113,8.304626906706078e-05,-9.396112634809256,-6.553475632121116,-7.27060029660923,-8.093251741361739,-7.942783336066179
2025-08-05,34.40599822998047,0,0,0,0,0,0,1,0,0,0,0,0.003581284248436575,1.2825596868099923e-05,-11.264067550598293,-9.396112634809256,-7.289931397036827,-8.08109207537157,-7.7806332417246535
2025-08-06,33.25699996948242,0,0,0,0,0,0,1,0,0,0,0,-0.03396564598729419,0.0011536651073341937,-6.764811353762881,-11.264067550598293,-7.7597628179460925,-8.083980971498308,-8.548063990697603
2025-08-07,32.95100021362305,0,0,0,0,0,0,1,0,0,0,0,-0.009243654357765604,8.544514588583905e-05,-9.367635944798016,-6.764811353762881,-7.377267021758124,-7.931061521956027,-8.435408126703754
2025-08-08,32.44599914550781,0,0,0,0,0,0,1,0,0,0,0,-0.015444473332321764,0.00023853175651279815,-8.341008101310313,-9.367635944798016,-7.5019133122940405,-7.959980043309458,-7.783906009401757
2025-08-11,32.999000549316406,0,0,0,0,0,0,1,0,0,0,0,0.016900131971105577,0.00028561446064078485,-8.160867692783658,-8.341008101310313,-8.063881932408835,-7.930177176237972,-7.898688523771465
2025-08-12,32.409000396728516,0,0,0,0,0,0,1,0,0,0,0,-0.01804110037922266,0.00032548130289318804,-8.030205536081448,-8.160867692783658,-7.942783336066179,-7.973556554191146,-8.090134397408988
2025-08-13,32.599998474121094,0,0,0,0,0,0,1,0,0,0,0,0.005876067322295068,3.4528167176143926e-05,-10.27373509818262,-8.030205536081448,-7.7806332417246535,-7.947089609310242,-7.843770356698207
2025-08-14,32.14099884033203,0,0,0,0,0,0,1,0,0,0,0,-0.014179803945074836,0.00020106683992075986,-8.511873163290671,-10.27373509818262,-8.548063990697603,-7.943824631560293,-7.329025469193454
2025-08-15,31.0310001373291,0,0,0,0,0,0,1,0,0,0,0,-0.03514572837770943,0.0012352222231997298,-6.6965043864659455,-8.511873163290671,-8.435408126703754,-8.028321706276481,-7.734176388111238
2025-08-18,31.27199935913086,0,0,0,0,0,0,1,0,0,0,0,0.007736398753493009,5.985186567304818e-05,-9.72363793725622,-6.6965043864659455,-7.783906009401757,-7.882685705207868,-7.745308619786461
2025-08-19,31.226999282836914,0,0,0,0,0,0,1,0,0,0,0,-0.0014400257619493725,2.0736741950778705e-06,-13.086188068387559,-9.72363793725622,-7.898688523771465,-7.891773469707381,-7.706701899028802
2025-08-20,31.9060001373291,0,0,0,0,0,0,1,0,0,0,0,0.021511001947664712,0.000462723204792435,-7.678381510310377,-13.086188068387559,-8.090134397408988,-7.963383962747395,-7.583107627097862
2025-08-21,33.17499923706055,0,0,0,0,0,0,1,0,0,0,0,0.039002473037865776,0.001521192903069447,-6.488260446613761,-7.678381510310377,-7.843770356698207,-7.925940603919896,-7.8333149422787915
2025-08-22,33.573001861572266,0,0,0,0,0,0,1,0,0,0,0,0.011925670731641965,0.0001422216223995418,-8.858123988867666,-6.488260446613761,-7.329025469193454,-7.751028751882468,-7.905633987168027
2025-08-25,33.77399826049805,0,0,0,0,0,0,1,0,0,0,0,0.00596899625327819,3.562891627164907e-05,-10.242352966918023,-8.858123988867666,-7.734176388111238,-7.7533051931862556,-7.912839493823119
2025-08-26,33.459999084472656,0,0,0,0,0,0,1,0,0,0,0,-0.009340556008937559,8.724598655609955e-05,-9.34677898583492,-10.242352966918023,-7.745308619786461,-7.760591665135991,-7.89870152269044
2025-08-27,32.55099868774414,0,0,0,0,0,0,1,0,0,0,0,-0.02754261836180056,0.0007585958262237933,-7.184041429352348,-9.34677898583492,-7.706701899028802,-7.753329564845535,-8.348294518838772
2025-08-28,31.55900001525879,0,0,0,0,0,0,1,0,0,0,0,-0.03094923955393304,0.0009578554289667335,-6.9508136995578855,-7.184041429352348,-7.583107627097862,-7.690848160223159,-9.395375439604988
2025-08-29,31.621999740600586,0,0,0,0,0,0,1,0,0,0,0,0.0019942624037236154,3.977082534905493e-06,-12.43496178745705,-6.9508136995578855,-7.8333149422787915,-7.724639567808855,-8.081655938980038
2025-09-02,31.77199935913086,0,0,0,0,0,0,0,1,0,0,0,0.004732305915185089,2.2394719274895784e-05,-10.706685328898946,-12.43496178745705,-7.905633987168027,-7.740813227597711,-8.085641772693169
2025-09-03,32.11199951171875,0,0,0,0,0,0,0,1,0,0,0,0.010644398248405346,0.0001133032140706548,-9.085443013716375,-10.706685328898946,-7.912839493823119,-7.786756598640504,-8.138902148778374
2025-09-04,32.4119987487793,0,0,0,0,0,0,0,1,0,0,0,0.009298909146440233,8.646971131374982e-05,-9.355716352003949,-9.085443013716375,-7.89870152269044,-7.941794643414953,-7.839368425767024
2025-09-05,31.9689998626709,0,0,0,0,0,0,0,1,0,0,0,-0.013762007032373515,0.0001893928375590981,-8.57168718912516,-9.355716352003949,-8.348294518838772,-7.941357098239231,-7.881120686250806
2025-09-08,33.06399917602539,0,0,0,0,0,0,0,1,0,0,0,0.033678373326354975,0.0011342328299093383,-6.781798776489284,-8.57168718912516,-9.395375439604988,-7.919045986470841,-8.51665950444696
2025-09-09,32.930999755859375,0,0,0,0,0,0,0,1,0,0,0,-0.004030596329247231,1.6245706769341255e-05,-11.027681821350228,-6.781798776489284,-8.081655938980038,-7.921477220825639,-8.503537963971377
2025-09-10,33.12200164794922,0,0,0,0,0,0,0,1,0,0,0,0.005783307961627288,3.3446650979021574e-05,-10.305558866712662,-11.027681821350228,-8.085641772693169,-7.930183305158446,-8.532051502925006
2025-09-11,32.323001861572266,0,0,0,0,0,0,0,1,0,0,0,-0.024418655201012267,0.0005962707218259235,-7.42481576110207,-10.305558866712662,-8.138902148778374,-7.956439713701894,-8.912714245591083
2025-09-12,32.6619987487793,0,0,0,0,0,0,0,1,0,0,0,0.010433175626201503,0.00010885115364716513,-9.12552916264898,-7.42481576110207,-7.839368425767024,-7.916931450523591,-8.564251779552617
2025-09-15,32.15399932861328,0,0,0,0,0,0,0,1,0,0,0,-0.015675445485983874,0.0002457195911840522,-8.311319541347395,-9.12552916264898,-7.881120686250806,-7.944316202619417,-8.603216341070961
2025-09-16,32.32899856567383,0,0,0,0,0,0,0,1,0,0,0,0.005427777008180794,2.946076325053605e-05,-10.432451205292887,-8.311319541347395,-8.51665950444696,-7.917609874816061,-8.458343657920425
2025-09-17,32.4010009765625,0,0,0,0,0,0,0,1,0,0,0,0.002224700790811558,4.949293608637573e-06,-12.216265494843777,-10.432451205292887,-8.503537963971377,-7.939255799061867,-8.349163153131702
2025-09-18,32.95199966430664,0,0,0,0,0,0,0,1,0,0,0,0.016862630287023384,0.00028434830019683833,-8.165310658567844,-12.216265494843777,-8.532051502925006,-8.109895864955549,-8.339918459527723
2025-09-19,32.30799865722656,0,0,0,0,0,0,0,1,0,0,0,-0.01973711092802566,0.0003895535477851899,-7.850509221268204,-8.165310658567844,-8.912714245591083,-8.076507176821574,-8.66902266611054
2025-09-22,31.8439998626709,0,0,0,0,0,0,0,1,0,0,0,-0.014465859104636233,0.000209261079635187,-8.471927895945633,-7.850509221268204,-8.564251779552617,-8.021377837357315,-8.480915448600838
2025-09-23,32.26499938964844,0,0,0,0,0,0,0,1,0,0,0,0.01313405555719794,0.00017250341537956206,-8.665093516590067,-8.471927895945633,-8.603216341070961,-8.057093858838641,-8.268236605671587
2025-09-24,31.902999877929688,0,0,0,0,0,0,0,1,0,0,0,-0.011282987041170206,0.00012730579657121478,-8.968918510851813,-8.665093516590067,-8.458343657920425,-8.272122991822274,-8.367697106011668
2025-09-25,32.45600128173828,0,0,0,0,0,0,0,1,0,0,0,0.017185319965910537,0.0002953352223307233,-8.127399496508085,-8.968918510851813,-8.349163153131702,-8.274779668810574,-8.644431682614348
2025-09-26,32.696998596191406,0,0,0,0,0,0,0,1,0,0,0,0.007397922245706298,5.472925355351611e-05,-9.8131121733376,-8.127399496508085,-8.339918459527723,-8.229502215326935,-8.708248795820799
2025-09-29,32.060001373291016,0,0,0,0,0,0,0,1,0,0,0,-0.019674097624983525,0.0003870701173573824,-7.8569046969604,-9.8131121733376,-8.66902266611054,-8.235060207986587,-7.372035327009795
2025-09-30,31.410999298095703,0,0,0,0,0,0,0,1,0,0,0,-0.02045106232389009,0.00041824595017563677,-7.779440898537175,-7.8569046969604,-8.480915448600838,-8.30085886860459,-7.509220346103978
2025-10-01,31.334999084472656,0,0,0,0,0,0,0,0,1,0,0,-0.002422473233309739,5.86837656610214e-06,-12.04593235651862,-7.779440898537175,-8.268236605671587,-8.404866025946491,-7.415790386491868
2025-10-02,31.454999923706055,0,0,0,0,0,0,0,0,1,0,0,0.00382229613726326,1.4609947760937638e-05,-11.133807839330496,-12.04593235651862,-8.367697106011668,-8.404481929844925,-7.385439792103265
2025-10-03,31.437999725341797,0,0,0,0,0,0,0,0,1,0,0,-0.000540607026955437,2.922559575935966e-07,-15.045632429884984,-11.133807839330496,-8.644431682614348,-8.406063858092322,-7.374061746944574
2025-10-06,33.11600112915039,0,0,0,0,0,0,0,0,1,0,0,0.051999239803839345,0.0027039209401771903,-5.913052358959179,-15.045632429884984,-8.708248795820799,-8.429314993283642,-8.611866670339754
2025-10-07,33.24599838256836,0,0,0,0,0,0,0,0,1,0,0,0.0039178270894712095,1.534936910299445e-05,-11.084436120408593,-5.913052358959179,-7.372035327009795,-7.994401209026941,-8.516697006527435
2025-10-08,32.70000076293945,0,0,0,0,0,0,0,0,1,0,0,-0.01655930922816399,0.00027421072211395706,-8.201613684693505,-11.084436120408593,-7.509220346103978,-8.018131449887514,-8.83615529507421
2025-10-09,32.362998962402344,0,0,0,0,0,0,0,0,1,0,0,-0.01035933835692805,0.00010731589119332076,-9.13973380938502,-8.201613684693505,-7.415790386491868,-8.144447231175114,-8.605724597371788
2025-10-10,32.16999816894531,0,0,0,0,0,0,0,0,1,0,0,-0.005981478544909471,3.577808558321232e-05,-10.238174958585535,-9.13973380938502,-7.385439792103265,-8.130290457309203,-8.346530900078294
2025-10-13,31.475000381469727,0,0,0,0,0,0,0,0,1,0,0,-0.021840692282671954,0.00047701583938636625,-7.647960859270156,-10.238174958585535,-7.374061746944574,-8.129930656026708,-8.85274194737908
2025-10-14,31.801000595092773,0,0,0,0,0,0,0,0,1,0,0,0.010304162495420346,0.00010617576473202725,-9.150414669810468,-7.647960859270156,-8.611866670339754,-8.148502891355067,-8.719659852410347
2025-10-15,31.826000213623047,0,0,0,0,0,0,0,0,1,0,0,0.0007858179546098243,6.175098577871679e-07,-14.297569185137865,-9.150414669810468,-8.516697006527435,-8.148923526368732,-8.518659192364177
2025-10-16,32.37799835205078,0,0,0,0,0,0,0,0,1,0,0,0.0171955564219127,0.0002956871606591831,-8.126208548824899,-14.297569185137865,-8.83615529507421,-8.188230008427123,-8.369397612363816
2025-10-17,31.81599998474121,0,0,0,0,0,0,0,0,1,0,0,-0.017509821496328095,0.00030659384883327344,-8.089986650979956,-8.126208548824899,-8.605724597371788,-8.145607086384597,-8.480558981481327
2025-10-20,31.73900032043457,0,0,0,0,0,0,0,0,1,0,0,-0.0024230887140678265,5.871358916242873e-06,-12.045424278683084,-8.089986650979956,-8.346530900078294,-8.099412053542183,-8.17439533881578
2025-10-21,32.20000076293945,0,0,0,0,0,0,0,0,1,0,0,0.014420257532407268,0.00020794382730094854,-8.47824257098015,-12.045424278683084,-8.85274194737908,-8.14198245772243,-8.32667602159143
2025-10-22,31.76799964904785,0,0,0,0,0,0,0,0,1,0,0,-0.013506993462531864,0.0001824388723968785,-8.609095381337832,-8.47824257098015,-8.719659852410347,-8.170754268934743,-8.362291032778018
2025-10-23,32.45399856567383,0,0,0,0,0,0,0,0,1,0,0,0.021364175140074805,0.0004564279794157903,-7.692079635072473,-8.609095381337832,-8.518659192364177,-8.175074660885652,-8.18624279185028
2025-10-24,32.01599884033203,0,0,0,0,0,0,0,0,1,0,0,-0.013587916301813456,0.00018463146942508787,-8.597148771416274,-7.692079635072473,-8.369397612363816,-8.130261789634023,-8.323827605180892
2025-10-27,31.399999618530273,0,0,0,0,0,0,0,0,1,0,0,-0.01942786085437343,0.00037744177737689556,-7.882094230634959,-8.597148771416274,-8.480558981481327,-8.121452518064942,-8.315275244198629
2025-10-28,31.493999481201172,0,0,0,0,0,0,0,0,1,0,0,0.002989154259785548,8.935043188794087e-06,-11.625529463780994,-7.882094230634959,-8.17439533881578,-8.108968811807127,-7.902118488246307
2025-10-29,31.868999481201172,0,0,0,0,0,0,0,0,1,0,0,0.011836699161604076,0.00014010744704231866,-8.873100943705195,-11.625529463780994,-8.32667602159143,-8.11591225970557,-7.716539069202667
2025-10-30,31.04800033569336,0,0,0,0,0,0,0,0,1,0,0,-0.02609932930819809,0.0006811749903377677,-7.291691322507083,-8.873100943705195,-8.362291032778018,-8.15421189677967,-8.03539514511578
2025-10-31,31.121999740600586,0,0,0,0,0,0,0,0,1,0,0,0.002380551383715094,5.667024890507848e-06,-12.080846112142822,-7.291691322507083,-8.18624279185028,-8.113485915371086,-7.965816649213041
2025-11-03,31.740999221801758,0,0,0,0,0,0,0,0,0,1,0,0.01969423980856937,0.0003878630816374385,-7.854858160418145,-12.080846112142822,-8.323827605180892,-8.113516477342538,-8.205884658562976
2025-11-04,32.55099868774414,0,0,0,0,0,0,0,0,0,1,0,0.025198853764065384,0.0006349822310227522,-7.361913540529592,-7.854858160418145,-8.315275244198629,-8.058408469437262,-8.8302305575556
2025-11-05,31.819000244140625,0,0,0,0,0,0,0,0,0,1,0,-0.02274444652204137,0.0005173098475939997,-7.56686854267866,-7.361913540529592,-7.902118488246307,-7.971156158570951,-9.929425060471177
2025-11-06,31.54800033569336,0,0,0,0,0,0,0,0,0,1,0,-0.008553397136528288,7.316060257517031e-05,-9.522853484404969,-7.56686854267866,-7.716539069202667,-8.310633825363965,-9.409008444746021
2025-11-07,31.201000213623047,0,0,0,0,0,0,0,0,0,1,0,-0.011060053745932427,0.00012232478886291392,-9.00883083864943,-9.522853484404969,-8.03539514511578,-8.300003621289644,-8.572103280714078
2025-11-10,31.070999145507812,0,0,0,0,0,0,0,0,0,1,0,-0.004175271656955865,1.7432893409378977e-05,-10.957151653160736,-9.00883083864943,-7.965816649213041,-8.328177336927409,-8.560221919300872
2025-11-11,31.101999282836914,0,0,0,0,0,0,0,0,0,1,0,0.0009972219671484659,9.94451651763456e-07,-13.821073349877832,-10.957151653160736,-8.205884658562976,-8.345231655237376,-8.484348845193756
2025-11-12,30.933000564575195,0,0,0,0,0,0,0,0,0,1,0,-0.0054485092852560885,2.968625343152181e-05,-10.424826433040435,-13.821073349877832,-8.8302305575556,-8.351910322022736,-8.057599143715873
2025-11-13,30.45800018310547,0,0,0,0,0,0,0,0,0,1,0,-0.01547490201423044,0.00023947259235003332,-8.337071580437712,-10.424826433040435,-9.929425060471177,-8.44202916660747,-8.185225943685925
2025-11-14,31.25,0,0,0,0,0,0,0,0,0,1,0,0.025670684741175023,0.0006589840550807962,-7.324811217865532,-8.337071580437712,-9.409008444746021,-8.414315626923166,-7.977120285473572
2025-11-17,31.417999267578125,0,0,0,0,0,0,0,0,0,1,0,0.005361577583163587,2.874651418028229e-05,-10.456994009188191,-7.324811217865532,-8.572103280714078,-8.287682386986617,-7.8680970476205205
2025-11-18,31.694000244140625,0,0,0,0,0,0,0,0,0,1,0,0.008746442458097544,7.650025567281142e-05,-9.478216461937263,-10.456994009188191,-8.560221919300872,-8.337110697612966,-7.830873219790738
2025-11-19,30.940000534057617,0,0,0,0,0,0,0,0,0,1,0,-0.024077533817678,0.0005797276347414278,-7.452952158266652,-9.478216461937263,-8.484348845193756,-8.381769225545609,-8.175705077750589
2025-11-20,31.159000396728516,0,0,0,0,0,0,0,0,0,1,0,0.0070532783877827335,4.9748736015562996e-05,-9.908525481303768,-7.452952158266652,-8.057599143715873,-8.273898828226768,-7.9771847186957165
2025-11-21,30.197999954223633,0,0,0,0,0,0,0,0,0,1,0,-0.03132744528737245,0.0009814088282333142,-6.926521437779433,-9.908525481303768,-8.185225943685925,-8.302492716535347,-8.366581544501745
2025-11-24,29.746999740600586,0,0,0,0,0,0,0,0,0,1,0,-0.015047417655815491,0.00022642477810854775,-8.39309776926497,-6.926521437779433,-7.977120285473572,-8.165779800636328,-8.541804943270426
2025-11-25,29.38599967956543,0,0,0,0,0,0,0,0,0,1,0,-0.012209918301161447,0.00014908210492103722,-8.811013357339244,-8.39309776926497,-7.8680970476205205,-8.203257864693375,-8.6710839157494
2025-11-26,29.368000030517578,0,0,0,0,0,0,0,0,0,1,0,-0.0006127123157498897,3.7541638187159257e-07,-14.795227411597425,-8.811013357339244,-7.830873219790738,-8.20917789143123,-7.603827064918465
2025-11-28,28.816999435424805,0,0,0,0,0,0,0,0,0,1,0,-0.018940176051141476,0.0003587302688482331,-7.932939789341553,-14.795227411597425,-8.175705077750589,-8.274227477643716,-7.739306102169654
2025-12-01,28.226999282836914,0,0,0,0,0,0,0,0,0,0,1,-0.020686529896786925,0.00042793251917065927,-7.756545037965284,-7.932939789341553,-7.9771847186957165,-8.213743221358929,-7.843286121779824
2025-12-02,28.049999237060547,0,0,0,0,0,0,0,0,0,0,1,-0.006290336516311267,3.956833348843896e-05,-10.137481393712074,-7.756545037965284,-8.366581544501745,-8.16657955199272,-7.625462000927911
2025-12-03,28.20599937438965,0,0,0,0,0,0,0,0,0,0,1,0.0055460943205657195,3.075916221261133e-05,-10.389322617448117,-10.137481393712074,-8.541804943270426,-8.27493829727285,-7.268897011909222
2025-12-04,27.08799934387207,0,0,0,0,0,0,0,0,0,0,1,-0.04044389792131225,0.0016357088790695251,-6.415679002803651,-10.389322617448117,-8.6710839157494,-8.270472439313938,-7.871932607514076
2025-12-05,27.266000747680664,0,0,0,0,0,0,0,0,0,0,1,0.006549731016968464,4.289897639463875e-05,-10.056662569269216,-6.415679002803651,-7.603827064918465,-8.070315547697332,-7.450866101141777
2025-12-08,26.871000289916992,0,0,0,0,0,0,0,0,0,0,1,-0.0145928832352765,0.00021295224111841395,-8.454442632801388,-10.056662569269216,-7.739306102169654,-8.160317235846202,-7.4947090210374006
2025-12-09,27.48900032043457,0,0,0,0,0,0,0,0,0,0,1,0.022738287357631892,0.0005170297119582424,-7.5674102132344805,-8.454442632801388,-7.843286121779824,-8.209939081768349,-7.466969661113598
2025-12-10,26.601999282836914,0,0,0,0,0,0,0,0,0,0,1,-0.032799562335901866,0.0010758112894267123,-6.8346802132678475,-7.5674102132344805,-7.625462000927911,-8.138369312501835,-7.700618924653461
2025-12-11,26.80500030517578,0,0,0,0,0,0,0,0,0,0,1,0.007602074692420062,5.7791539629133576e-05,-9.758668148894355,-6.8346802132678475,-7.268897011909222,-8.000027356895208,-7.67563356205444
2025-12-12,27.68400001525879,0,0,0,0,0,0,0,0,0,0,1,0.032266180866261096,0.0010411064276942736,-6.86747125759698,-9.758668148894355,-7.871932607514076,-7.994573586678261,-8.039983350054023
2025-12-15,27.424999237060547,0,0,0,0,0,0,0,0,0,0,1,-0.009399651188623744,8.835344246779576e-05,-9.334165384657625,-6.86747125759698,-7.450866101141777,-7.863395777594219,-7.923110066291123
2025-12-16,26.763999938964844,0,0,0,0,0,0,0,0,0,0,1,-0.024397279702094446,0.0005952272568622297,-7.426567279354504,-9.334165384657625,-7.4947090210374006,-7.856485419308482,-8.319343254136948
2025-12-17,27.35700035095215,0,0,0,0,0,0,0,0,0,0,1,0.021914751808167147,0.00048025634681356526,-7.6411905386756,-7.426567279354504,-7.466969661113598,-7.815574225970437,-8.61409742107625
2025-12-18,27.652000427246094,0,0,0,0,0,0,0,0,0,0,1,0.010725623085595985,0.00011503899057426955,-9.070239429900354,-7.6411905386756,-7.700618924653461,-7.835918404477464,-8.749624822876132
2025-12-19,28.160999298095703,0,0,0,0,0,0,0,0,0,0,1,0.0182399435644315,0.0003326955412336461,-8.008282773786307,-9.070239429900354,-7.67563356205444,-7.826044237595476,-8.87343056702661
2025-12-22,27.687000274658203,0,0,0,0,0,0,0,0,0,0,1,-0.016975018226607026,0.00028815124379364077,-8.152025060140762,-8.008282773786307,-8.039983350054023,-7.797290289871396,-8.371728441807418
2025-12-23,27.73200035095215,0,0,0,0,0,0,0,0,0,0,1,0.0016239948637133004,2.6373593173671812e-06,-12.845732020804464,-8.152025060140762,-7.923110066291123,-7.830080996575256,
2025-12-24,28.094999313354492,0,0,0,0,0,0,0,0,0,0,1,0.01300460638865231,0.00016911978732377648,-8.684903287476429,-12.845732020804464,-8.319343254136948,-7.83548152512636,
2025-12-26,28.094999313354492,0,0,0,0,0,0,0,0,0,0,1,0.0,0.0,-27.631021115928547,-8.684903287476429,-8.61409742107625,-7.933499279452392,
2025-12-29,28.534000396728516,0,0,0,0,0,0,0,0,0,0,1,0.015504772472305238,0.0002403979694179543,-8.33321479785985,-27.631021115928547,-8.749624822876132,-7.962625596830674,
2025-12-30,27.766000747680664,0,0,0,0,0,0,0,0,0,0,1,-0.02728409505580293,0.0007444218430140898,-7.202902689169317,-8.33321479785985,-8.87343056702661,-7.950776849212318,
