date,realised_temp,issue_date,forecast_temp,HDD,forecast_error,abs_forecast_error
2022-01-01,11.075,2021-12-29,10.855208333333334,6.925000000000001,0.21979166666666572,0.21979166666666572
2022-01-02,11.4,2021-12-30,10.56875,6.6,0.8312500000000007,0.8312500000000007
2022-01-03,10.55,2021-12-31,10.1125,7.449999999999999,0.4375,0.4375
2022-01-04,7.875,2022-01-01,6.952083333333333,10.125,0.9229166666666666,0.9229166666666666
2022-01-05,4.95,2022-01-02,4.339583333333334,13.05,0.6104166666666666,0.6104166666666666
2022-01-06,4.25,2022-01-03,4.016666666666667,13.75,0.2333333333333334,0.2333333333333334
2022-01-07,4.25,2022-01-04,3.5135416666666663,13.75,0.7364583333333337,0.7364583333333337
2022-01-08,4.5,2022-01-05,4.05,13.5,0.4500000000000002,0.4500000000000002
2022-01-09,5.325,2022-01-06,4.434374999999999,12.675,0.8906250000000009,0.8906250000000009
2022-01-10,3.725,2022-01-07,3.380208333333333,14.275,0.34479166666666705,0.34479166666666705
2022-01-11,3.175,2022-01-08,2.8854166666666665,14.825,0.2895833333333333,0.2895833333333333
2022-01-12,3.75,2022-01-09,3.8666666666666667,14.25,-0.1166666666666667,0.1166666666666667
2022-01-13,3.825,2022-01-10,3.822916666666667,14.175,0.002083333333333215,0.002083333333333215
2022-01-14,4.225,2022-01-11,4.541666666666666,13.775,-0.31666666666666643,0.31666666666666643
2022-01-15,3.35,2022-01-12,4.371875,14.65,-1.021875,1.021875
2022-01-16,4.05,2022-01-13,4.386458333333334,13.95,-0.33645833333333375,0.33645833333333375
2022-01-17,5.5,2022-01-14,5.6312500000000005,12.5,-0.13125000000000053,0.13125000000000053
2022-01-18,4.85,2022-01-15,4.830208333333333,13.15,0.01979166666666643,0.01979166666666643
2022-01-19,3.925,2022-01-16,4.119791666666667,14.075,-0.19479166666666714,0.19479166666666714
2022-01-20,4.3,2022-01-17,3.3645833333333335,13.7,0.9354166666666663,0.9354166666666663
2022-01-21,3.75,2022-01-18,3.746875,14.25,0.0031249999999998224,0.0031249999999998224
2022-01-22,4.875,2022-01-19,5.3187500000000005,13.125,-0.44375000000000053,0.44375000000000053
2022-01-23,5.225,2022-01-20,5.3031250000000005,12.775,-0.07812500000000089,0.07812500000000089
2022-01-24,3.375,2022-01-21,4.109375,14.625,-0.734375,0.734375
2022-01-25,2.725,2022-01-22,4.034375,15.275,-1.3093749999999997,1.3093749999999997
2022-01-26,3.1,2022-01-23,3.73125,14.9,-0.6312500000000001,0.6312500000000001
2022-01-27,5.575,2022-01-24,5.007291666666666,12.425,0.5677083333333339,0.5677083333333339
2022-01-28,5.85,2022-01-25,5.819791666666667,12.15,0.030208333333332504,0.030208333333332504
2022-01-29,8.05,2022-01-26,7.753125,9.95,0.2968750000000009,0.2968750000000009
2022-01-30,6.3,2022-01-27,5.441666666666666,11.7,0.8583333333333334,0.8583333333333334
2022-01-31,5.55,2022-01-28,5.109375,12.45,0.4406249999999998,0.4406249999999998
2022-02-01,6.5,2022-01-29,6.345833333333333,11.5,0.15416666666666679,0.15416666666666679
2022-02-02,8.525,2022-01-30,8.149999999999999,9.475,0.3750000000000018,0.3750000000000018
2022-02-03,7.575,2022-01-31,7.967708333333333,10.425,-0.3927083333333332,0.3927083333333332
2022-02-04,7.05,2022-02-01,6.99375,10.95,0.05624999999999947,0.05624999999999947
2022-02-05,5.95,2022-02-02,5.641666666666667,12.05,0.30833333333333357,0.30833333333333357
2022-02-06,7.725,2022-02-03,7.467708333333333,10.275,0.25729166666666625,0.25729166666666625
2022-02-07,6.075,2022-02-04,5.53125,11.925,0.5437500000000002,0.5437500000000002
2022-02-08,8.299999999999999,2022-02-05,7.300000000000001,9.700000000000001,0.9999999999999982,0.9999999999999982
2022-02-09,8.525,2022-02-06,7.887499999999999,9.475,0.6375000000000011,0.6375000000000011
2022-02-10,6.65,2022-02-07,6.015625,11.35,0.6343750000000004,0.6343750000000004
2022-02-11,5.1,2022-02-08,4.35625,12.9,0.7437499999999995,0.7437499999999995
2022-02-12,4.175,2022-02-09,3.7885416666666667,13.825,0.3864583333333331,0.3864583333333331
2022-02-13,6.2,2022-02-10,5.698958333333334,11.8,0.5010416666666666,0.5010416666666666
2022-02-14,8.75,2022-02-11,8.314583333333333,9.25,0.4354166666666668,0.4354166666666668
2022-02-15,7.5,2022-02-12,6.8125,10.5,0.6875,0.6875
2022-02-16,10.775,2022-02-13,10.008333333333333,7.225,0.7666666666666675,0.7666666666666675
2022-02-17,10.475,2022-02-14,9.16875,7.525,1.3062500000000004,1.3062500000000004
2022-02-18,9.3,2022-02-15,8.529166666666667,8.7,0.7708333333333339,0.7708333333333339
2022-02-19,6.8,2022-02-16,6.095833333333333,11.2,0.7041666666666666,0.7041666666666666
2022-02-20,9.05,2022-02-17,7.520833333333333,8.95,1.5291666666666677,1.5291666666666677
2022-02-21,7.1000000000000005,2022-02-18,6.072916666666667,10.899999999999999,1.0270833333333336,1.0270833333333336
2022-02-22,7.75,2022-02-19,7.731249999999999,10.25,0.01875000000000071,0.01875000000000071
2022-02-23,8.25,2022-02-20,7.3739583333333325,9.75,0.8760416666666675,0.8760416666666675
2022-02-24,7.375,2022-02-21,6.705208333333333,10.625,0.6697916666666668,0.6697916666666668
2022-02-25,5.45,2022-02-22,4.7125,12.55,0.7374999999999998,0.7374999999999998
2022-02-26,4.95,2022-02-23,4.926041666666666,13.05,0.023958333333333748,0.023958333333333748
2022-02-27,5.075,2022-02-24,5.002083333333333,12.925,0.07291666666666696,0.07291666666666696
2022-02-28,5.625,2022-02-25,5.677083333333333,12.375,-0.05208333333333304,0.05208333333333304
2022-03-01,5.875,2022-02-26,5.919791666666667,12.125,-0.044791666666666785,0.044791666666666785
2022-03-02,7.1499999999999995,2022-02-27,6.332291666666666,10.850000000000001,0.817708333333333,0.817708333333333
2022-03-03,7.25,2022-02-28,6.538541666666667,10.75,0.7114583333333329,0.7114583333333329
2022-03-04,6.55,2022-03-01,5.398958333333334,11.45,1.151041666666666,1.151041666666666
2022-03-05,5.4750000000000005,2022-03-02,4.890625,12.524999999999999,0.5843750000000005,0.5843750000000005
2022-03-06,4.025,2022-03-03,4.269791666666666,13.975,-0.24479166666666607,0.24479166666666607
2022-03-07,3.0,2022-03-04,4.127083333333333,15.0,-1.1270833333333332,1.1270833333333332
2022-03-08,5.125,2022-03-05,5.051041666666666,12.875,0.07395833333333357,0.07395833333333357
2022-03-09,7.7,2022-03-06,7.305208333333333,10.3,0.3947916666666673,0.3947916666666673
2022-03-10,9.7,2022-03-07,9.38125,8.3,0.31874999999999964,0.31874999999999964
2022-03-11,9.825,2022-03-08,9.351041666666667,8.175,0.47395833333333215,0.47395833333333215
2022-03-12,9.85,2022-03-09,8.761458333333334,8.15,1.088541666666666,1.088541666666666
2022-03-13,10.2,2022-03-10,8.66875,7.800000000000001,1.53125,1.53125
2022-03-14,9.675,2022-03-11,8.920833333333334,8.325,0.7541666666666664,0.7541666666666664
2022-03-15,9.025,2022-03-12,8.600000000000001,8.975,0.42499999999999893,0.42499999999999893
2022-03-16,10.775,2022-03-13,11.350000000000001,7.225,-0.5750000000000011,0.5750000000000011
2022-03-17,9.2,2022-03-14,9.326041666666667,8.8,-0.1260416666666675,0.1260416666666675
2022-03-18,9.2,2022-03-15,8.31875,8.8,0.8812499999999996,0.8812499999999996
2022-03-19,9.15,2022-03-16,9.016666666666667,8.85,0.13333333333333286,0.13333333333333286
2022-03-20,7.45,2022-03-17,8.70625,10.55,-1.2562500000000005,1.2562500000000005
2022-03-21,10.825,2022-03-18,10.417708333333334,7.175000000000001,0.4072916666666657,0.4072916666666657
2022-03-22,12.775,2022-03-19,11.635416666666666,5.225,1.1395833333333343,1.1395833333333343
2022-03-23,13.0,2022-03-20,11.75,5.0,1.25,1.25
2022-03-24,13.175,2022-03-21,12.0,4.824999999999999,1.1750000000000007,1.1750000000000007
2022-03-25,12.225,2022-03-22,11.830208333333333,5.775,0.39479166666666643,0.39479166666666643
2022-03-26,12.425,2022-03-23,12.161458333333332,5.574999999999999,0.26354166666666856,0.26354166666666856
2022-03-27,12.675,2022-03-24,12.396875,5.324999999999999,0.27812500000000107,0.27812500000000107
2022-03-28,13.25,2022-03-25,13.458333333333334,4.75,-0.20833333333333393,0.20833333333333393
2022-03-29,11.65,2022-03-26,12.189583333333333,6.35,-0.5395833333333329,0.5395833333333329
2022-03-30,8.825,2022-03-27,6.634375,9.175,2.190624999999999,2.190624999999999
2022-03-31,5.025,2022-03-28,5.129166666666666,12.975,-0.10416666666666607,0.10416666666666607
2022-04-01,2.25,2022-03-29,1.3979166666666667,15.75,0.8520833333333333,0.8520833333333333
2022-04-02,3.025,2022-03-30,2.05625,14.975,0.96875,0.96875
2022-04-03,3.825,2022-03-31,4.227083333333333,14.175,-0.4020833333333327,0.4020833333333327
2022-04-04,5.725,2022-04-01,6.225,12.275,-0.5,0.5
2022-04-05,9.225,2022-04-02,9.370833333333334,8.775,-0.14583333333333393,0.14583333333333393
2022-04-06,10.325,2022-04-03,9.817708333333332,7.675000000000001,0.5072916666666671,0.5072916666666671
2022-04-07,10.25,2022-04-04,8.559375,7.75,1.6906250000000007,1.6906250000000007
2022-04-08,6.0,2022-04-05,5.609375,12.0,0.390625,0.390625
2022-04-09,6.3,2022-04-06,5.813541666666667,11.7,0.4864583333333332,0.4864583333333332
2022-04-10,7.675,2022-04-07,6.80625,10.325,0.8687499999999995,0.8687499999999995
2022-04-11,10.875,2022-04-08,8.967708333333333,7.125,1.9072916666666675,1.9072916666666675
2022-04-12,14.5,2022-04-09,13.476041666666667,3.5,1.0239583333333329,1.0239583333333329
2022-04-13,14.450000000000001,2022-04-10,15.004166666666666,3.549999999999999,-0.5541666666666654,0.5541666666666654
2022-04-14,14.3,2022-04-11,14.334375,3.6999999999999993,-0.034374999999998934,0.034374999999998934
2022-04-15,13.125,2022-04-12,13.616666666666667,4.875,-0.49166666666666714,0.49166666666666714
2022-04-16,12.15,2022-04-13,11.815625,5.85,0.33437499999999964,0.33437499999999964
2022-04-17,12.475,2022-04-14,11.773958333333333,5.525,0.7010416666666668,0.7010416666666668
2022-04-18,13.625,2022-04-15,12.082291666666666,4.375,1.5427083333333336,1.5427083333333336
2022-04-19,13.2,2022-04-16,12.90625,4.800000000000001,0.2937499999999993,0.2937499999999993
2022-04-20,12.55,2022-04-17,11.467708333333334,5.449999999999999,1.0822916666666664,1.0822916666666664
2022-04-21,12.825,2022-04-18,10.995833333333334,5.175000000000001,1.8291666666666657,1.8291666666666657
2022-04-22,13.2,2022-04-19,11.50625,4.800000000000001,1.6937499999999996,1.6937499999999996
2022-04-23,13.425,2022-04-20,11.9375,4.574999999999999,1.4875000000000007,1.4875000000000007
2022-04-24,12.525,2022-04-21,10.142708333333333,5.475,2.382291666666667,2.382291666666667
2022-04-25,10.524999999999999,2022-04-22,9.84375,7.475000000000001,0.6812499999999986,0.6812499999999986
2022-04-26,9.775,2022-04-23,10.364583333333334,8.225,-0.5895833333333336,0.5895833333333336
2022-04-27,11.175,2022-04-24,11.229166666666668,6.824999999999999,-0.05416666666666714,0.05416666666666714
2022-04-28,12.6,2022-04-25,13.088541666666666,5.4,-0.48854166666666643,0.48854166666666643
2022-04-29,12.525,2022-04-26,12.066666666666666,5.475,0.4583333333333339,0.4583333333333339
2022-04-30,10.075,2022-04-27,11.583333333333334,7.925000000000001,-1.5083333333333346,1.5083333333333346
2022-05-01,11.075,2022-04-28,11.689583333333333,6.925000000000001,-0.6145833333333339,0.6145833333333339
2022-05-02,12.925,2022-04-29,11.859375,5.074999999999999,1.0656250000000007,1.0656250000000007
2022-05-03,12.95,2022-04-30,12.298958333333333,5.050000000000001,0.6510416666666661,0.6510416666666661
2022-05-04,12.9,2022-05-01,12.841666666666665,5.1,0.05833333333333535,0.05833333333333535
2022-05-05,13.4,2022-05-02,13.910416666666666,4.6,-0.5104166666666661,0.5104166666666661
2022-05-06,15.275,2022-05-03,15.2625,2.7249999999999996,0.012500000000001066,0.012500000000001066
2022-05-07,15.325,2022-05-04,14.525,2.6750000000000007,0.7999999999999989,0.7999999999999989
2022-05-08,14.25,2022-05-05,13.041666666666666,3.75,1.208333333333334,1.208333333333334
2022-05-09,17.325,2022-05-06,16.435416666666665,0.6750000000000007,0.8895833333333343,0.8895833333333343
2022-05-10,19.35,2022-05-07,17.835416666666667,0.0,1.5145833333333343,1.5145833333333343
2022-05-11,18.775,2022-05-08,17.476041666666667,0.0,1.2989583333333314,1.2989583333333314
2022-05-12,16.1,2022-05-09,15.935416666666665,1.8999999999999986,0.1645833333333364,0.1645833333333364
2022-05-13,15.524999999999999,2022-05-10,15.691666666666666,2.4750000000000014,-0.16666666666666785,0.16666666666666785
2022-05-14,16.925,2022-05-11,16.644791666666666,1.0749999999999993,0.2802083333333343,0.2802083333333343
2022-05-15,19.2,2022-05-12,18.202083333333334,0.0,0.997916666666665,0.997916666666665
2022-05-16,18.85,2022-05-13,18.894791666666666,0.0,-0.04479166666666501,0.04479166666666501
2022-05-17,20.1,2022-05-14,19.329166666666666,0.0,0.7708333333333357,0.7708333333333357
2022-05-18,21.424999999999997,2022-05-15,21.533333333333335,0.0,-0.10833333333333783,0.10833333333333783
2022-05-19,19.75,2022-05-16,19.830208333333335,0.0,-0.08020833333333499,0.08020833333333499
2022-05-20,17.1,2022-05-17,17.375,0.8999999999999986,-0.2749999999999986,0.2749999999999986
2022-05-21,16.225,2022-05-18,16.091666666666665,1.7749999999999986,0.1333333333333364,0.1333333333333364
2022-05-22,17.9,2022-05-19,17.536458333333332,0.10000000000000142,0.36354166666666643,0.36354166666666643
2022-05-23,16.65,2022-05-20,15.783333333333333,1.3500000000000014,0.8666666666666654,0.8666666666666654
2022-05-24,14.174999999999999,2022-05-21,14.641666666666666,3.825000000000001,-0.4666666666666668,0.4666666666666668
2022-05-25,15.075,2022-05-22,15.58125,2.9250000000000007,-0.5062500000000014,0.5062500000000014
2022-05-26,16.625,2022-05-23,17.120833333333334,1.375,-0.49583333333333357,0.49583333333333357
2022-05-27,15.175,2022-05-24,15.259375,2.8249999999999993,-0.08437499999999964,0.08437499999999964
2022-05-28,13.625,2022-05-25,13.473958333333332,4.375,0.15104166666666785,0.15104166666666785
2022-05-29,11.5,2022-05-26,11.2,6.5,0.3000000000000007,0.3000000000000007
2022-05-30,12.425,2022-05-27,12.342708333333334,5.574999999999999,0.08229166666666643,0.08229166666666643
2022-05-31,14.6,2022-05-28,14.965625,3.4000000000000004,-0.36562499999999964,0.36562499999999964
2022-06-01,14.575,2022-05-29,14.769791666666666,3.4250000000000007,-0.19479166666666714,0.19479166666666714
2022-06-02,15.725,2022-05-30,16.207291666666666,2.2750000000000004,-0.4822916666666668,0.4822916666666668
2022-06-03,18.55,2022-05-31,18.634375,0.0,-0.08437499999999787,0.08437499999999787
2022-06-04,19.325,2022-06-01,19.965625,0.0,-0.640625,0.640625
2022-06-05,17.7,2022-06-02,18.946875,0.3000000000000007,-1.2468749999999993,1.2468749999999993
2022-06-06,16.275,2022-06-03,16.610416666666666,1.7250000000000014,-0.33541666666666714,0.33541666666666714
2022-06-07,16.2,2022-06-04,16.210416666666667,1.8000000000000007,-0.010416666666667851,0.010416666666667851
2022-06-08,15.275,2022-06-05,15.358333333333334,2.7249999999999996,-0.08333333333333393,0.08333333333333393
2022-06-09,16.075,2022-06-06,15.494791666666666,1.9250000000000007,0.5802083333333332,0.5802083333333332
2022-06-10,18.375,2022-06-07,18.153125,0.0,0.2218750000000007,0.2218750000000007
2022-06-11,19.15,2022-06-08,19.519791666666666,0.0,-0.36979166666666785,0.36979166666666785
2022-06-12,18.55,2022-06-09,18.51875,0.0,0.03125,0.03125
2022-06-13,16.775,2022-06-10,16.76770833333333,1.2250000000000014,0.00729166666666714,0.00729166666666714
2022-06-14,17.75,2022-06-11,17.78333333333333,0.25,-0.03333333333333144,0.03333333333333144
2022-06-15,21.075,2022-06-12,21.059375,0.0,0.015625,0.015625
2022-06-16,21.575,2022-06-13,21.079166666666666,0.0,0.49583333333333357,0.49583333333333357
2022-06-17,24.3,2022-06-14,23.998958333333334,0.0,0.30104166666666643,0.30104166666666643
2022-06-18,26.075,2022-06-15,25.792708333333334,0.0,0.2822916666666657,0.2822916666666657
2022-06-19,20.3,2022-06-16,20.571875000000002,0.0,-0.2718750000000014,0.2718750000000014
2022-06-20,16.9,2022-06-17,17.282291666666666,1.1000000000000014,-0.38229166666666714,0.38229166666666714
2022-06-21,18.2,2022-06-18,18.934375,0.0,-0.734375,0.734375
2022-06-22,20.55,2022-06-19,20.823958333333334,0.0,-0.27395833333333286,0.27395833333333286
2022-06-23,23.65,2022-06-20,22.434375,0.0,1.2156249999999993,1.2156249999999993
2022-06-24,20.275,2022-06-21,19.951041666666665,0.0,0.32395833333333357,0.32395833333333357
2022-06-25,18.5,2022-06-22,19.260416666666664,0.0,-0.7604166666666643,0.7604166666666643
2022-06-26,18.900000000000002,2022-06-23,18.979166666666668,0.0,-0.07916666666666572,0.07916666666666572
2022-06-27,17.9,2022-06-24,18.565625,0.10000000000000142,-0.6656250000000021,0.6656250000000021
2022-06-28,19.55,2022-06-25,19.784375,0.0,-0.234375,0.234375
2022-06-29,21.5,2022-06-26,21.876041666666666,0.0,-0.3760416666666657,0.3760416666666657
2022-06-30,18.325,2022-06-27,17.733333333333334,0.0,0.591666666666665,0.591666666666665
2022-07-01,16.6,2022-06-28,16.648958333333333,1.3999999999999986,-0.04895833333333144,0.04895833333333144
2022-07-02,19.775,2022-06-29,19.821875,0.0,-0.046875,0.046875
2022-07-03,20.025,2022-06-30,19.688541666666666,0.0,0.33645833333333286,0.33645833333333286
2022-07-04,19.525,2022-07-01,19.4,0.0,0.125,0.125
2022-07-05,18.950000000000003,2022-07-02,19.133333333333333,0.0,-0.18333333333333002,0.18333333333333002
2022-07-06,18.625,2022-07-03,18.95520833333333,0.0,-0.33020833333333144,0.33020833333333144
2022-07-07,17.825,2022-07-04,18.010416666666668,0.1750000000000007,-0.18541666666666856,0.18541666666666856
2022-07-08,19.05,2022-07-05,18.655208333333334,0.0,0.39479166666666643,0.39479166666666643
2022-07-09,20.125,2022-07-06,20.391666666666666,0.0,-0.2666666666666657,0.2666666666666657
2022-07-10,18.575,2022-07-07,18.458333333333336,0.0,0.11666666666666359,0.11666666666666359
2022-07-11,20.825,2022-07-08,20.473958333333332,0.0,0.35104166666666714,0.35104166666666714
2022-07-12,23.7,2022-07-09,24.36145833333333,0.0,-0.6614583333333321,0.6614583333333321
2022-07-13,25.375,2022-07-10,24.023958333333333,0.0,1.3510416666666671,1.3510416666666671
2022-07-14,21.825,2022-07-11,21.59583333333333,0.0,0.22916666666666785,0.22916666666666785
2022-07-15,19.425,2022-07-12,19.391666666666666,0.0,0.03333333333333499,0.03333333333333499
2022-07-16,20.2,2022-07-13,20.157291666666666,0.0,0.04270833333333357,0.04270833333333357
2022-07-17,22.0,2022-07-14,22.590625000000003,0.0,-0.5906250000000028,0.5906250000000028
2022-07-18,27.375,2022-07-15,28.209375,0.0,-0.8343750000000014,0.8343750000000014
2022-07-19,30.875,2022-07-16,30.9875,0.0,-0.11250000000000071,0.11250000000000071
2022-07-20,24.8,2022-07-17,25.735416666666666,0.0,-0.935416666666665,0.935416666666665
2022-07-21,20.45,2022-07-18,20.116666666666667,0.0,0.33333333333333215,0.33333333333333215
2022-07-22,20.5,2022-07-19,20.73229166666667,0.0,-0.23229166666666856,0.23229166666666856
2022-07-23,21.625,2022-07-20,21.288541666666667,0.0,0.33645833333333286,0.33645833333333286
2022-07-24,25.225,2022-07-21,24.034375,0.0,1.1906250000000007,1.1906250000000007
2022-07-25,23.9,2022-07-22,24.026041666666668,0.0,-0.12604166666666927,0.12604166666666927
2022-07-26,19.375,2022-07-23,19.7875,0.0,-0.4125000000000014,0.4125000000000014
2022-07-27,18.875,2022-07-24,19.098958333333332,0.0,-0.22395833333333215,0.22395833333333215
2022-07-28,20.05,2022-07-25,21.014583333333334,0.0,-0.9645833333333336,0.9645833333333336
2022-07-29,21.55,2022-07-26,22.570833333333333,0.0,-1.0208333333333321,1.0208333333333321
2022-07-30,22.05,2022-07-27,23.210416666666667,0.0,-1.1604166666666664,1.1604166666666664
2022-07-31,22.125,2022-07-28,22.459374999999998,0.0,-0.33437499999999787,0.33437499999999787
2022-08-01,21.425,2022-07-29,21.98645833333333,0.0,-0.5614583333333307,0.5614583333333307
2022-08-02,23.575,2022-07-30,23.95104166666667,0.0,-0.37604166666666927,0.37604166666666927
2022-08-03,26.425,2022-07-31,27.021875,0.0,-0.5968750000000007,0.5968750000000007
2022-08-04,25.325,2022-08-01,25.560416666666665,0.0,-0.23541666666666572,0.23541666666666572
2022-08-05,20.675,2022-08-02,20.401041666666668,0.0,0.27395833333333286,0.27395833333333286
2022-08-06,18.725,2022-08-03,19.19375,0.0,-0.46875,0.46875
2022-08-07,19.825,2022-08-04,20.275,0.0,-0.4499999999999993,0.4499999999999993
2022-08-08,21.4,2022-08-05,21.63125,0.0,-0.23125000000000284,0.23125000000000284
2022-08-09,22.675,2022-08-06,22.963541666666664,0.0,-0.2885416666666636,0.2885416666666636
2022-08-10,24.55,2022-08-07,24.655208333333334,0.0,-0.10520833333333357,0.10520833333333357
2022-08-11,25.875,2022-08-08,26.271874999999998,0.0,-0.39687499999999787,0.39687499999999787
2022-08-12,26.325,2022-08-09,26.994791666666668,0.0,-0.6697916666666686,0.6697916666666686
2022-08-13,26.35,2022-08-10,26.934375,0.0,-0.5843749999999979,0.5843749999999979
2022-08-14,25.85,2022-08-11,26.866666666666667,0.0,-1.0166666666666657,1.0166666666666657
2022-08-15,23.8,2022-08-12,23.116666666666667,0.0,0.6833333333333336,0.6833333333333336
2022-08-16,23.7,2022-08-13,23.677083333333332,0.0,0.02291666666666714,0.02291666666666714
2022-08-17,22.35,2022-08-14,21.538541666666667,0.0,0.8114583333333343,0.8114583333333343
2022-08-18,21.975,2022-08-15,20.926041666666666,0.0,1.048958333333335,1.048958333333335
2022-08-19,21.425,2022-08-16,21.634375,0.0,-0.20937499999999787,0.20937499999999787
2022-08-20,20.9,2022-08-17,20.770833333333336,0.0,0.12916666666666288,0.12916666666666288
2022-08-21,21.075,2022-08-18,21.09166666666667,0.0,-0.016666666666669272,0.016666666666669272
2022-08-22,22.15,2022-08-19,21.539583333333333,0.0,0.6104166666666657,0.6104166666666657
2022-08-23,23.65,2022-08-20,23.846874999999997,0.0,-0.19687499999999858,0.19687499999999858
2022-08-24,25.525,2022-08-21,25.83125,0.0,-0.30625000000000213,0.30625000000000213
2022-08-25,25.775,2022-08-22,25.721874999999997,0.0,0.05312500000000142,0.05312500000000142
2022-08-26,21.224999999999998,2022-08-23,21.990625,0.0,-0.7656250000000036,0.7656250000000036
2022-08-27,19.8,2022-08-24,20.37291666666667,0.0,-0.5729166666666679,0.5729166666666679
2022-08-28,19.875,2022-08-25,19.702083333333334,0.0,0.17291666666666572,0.17291666666666572
2022-08-29,20.025,2022-08-26,20.140625,0.0,-0.11562500000000142,0.11562500000000142
2022-08-30,21.125,2022-08-27,20.251041666666666,0.0,0.8739583333333343,0.8739583333333343
2022-08-31,20.9,2022-08-28,21.042708333333334,0.0,-0.142708333333335,0.142708333333335
2022-09-01,21.525,2022-08-29,21.46875,0.0,0.05624999999999858,0.05624999999999858
2022-09-02,20.775,2022-08-30,21.05625,0.0,-0.28125,0.28125
2022-09-03,20.975,2022-08-31,20.609375,0.0,0.3656250000000014,0.3656250000000014
2022-09-04,22.325,2022-09-01,21.8125,0.0,0.5124999999999993,0.5124999999999993
2022-09-05,23.95,2022-09-02,22.113541666666666,0.0,1.8364583333333329,1.8364583333333329
2022-09-06,23.0,2022-09-03,21.715625,0.0,1.2843750000000007,1.2843750000000007
2022-09-07,20.450000000000003,2022-09-04,21.210416666666667,0.0,-0.7604166666666643,0.7604166666666643
2022-09-08,18.075,2022-09-05,18.394791666666666,0.0,-0.31979166666666714,0.31979166666666714
2022-09-09,16.7,2022-09-06,17.255208333333336,1.3000000000000007,-0.5552083333333364,0.5552083333333364
2022-09-10,16.55,2022-09-07,16.603125,1.4499999999999993,-0.05312499999999787,0.05312499999999787
2022-09-11,18.25,2022-09-08,18.064583333333335,0.0,0.185416666666665,0.185416666666665
2022-09-12,20.175,2022-09-09,20.477083333333333,0.0,-0.30208333333333215,0.30208333333333215
2022-09-13,20.65,2022-09-10,19.667708333333334,0.0,0.982291666666665,0.982291666666665
2022-09-14,18.35,2022-09-11,17.147916666666667,0.0,1.2020833333333343,1.2020833333333343
2022-09-15,16.925,2022-09-12,17.011458333333334,1.0749999999999993,-0.08645833333333286,0.08645833333333286
2022-09-16,14.15,2022-09-13,14.255208333333332,3.8499999999999996,-0.1052083333333318,0.1052083333333318
2022-09-17,13.15,2022-09-14,13.167708333333334,4.85,-0.017708333333333215,0.017708333333333215
2022-09-18,12.925,2022-09-15,12.975,5.074999999999999,-0.049999999999998934,0.049999999999998934
2022-09-19,13.65,2022-09-16,13.471875,4.35,0.17812499999999964,0.17812499999999964
2022-09-20,13.2,2022-09-17,13.607291666666667,4.800000000000001,-0.4072916666666675,0.4072916666666675
2022-09-21,13.9,2022-09-18,14.159374999999999,4.1,-0.2593749999999986,0.2593749999999986
2022-09-22,14.65,2022-09-19,14.4625,3.3499999999999996,0.1875,0.1875
2022-09-23,15.375,2022-09-20,15.402083333333334,2.625,-0.02708333333333357,0.02708333333333357
2022-09-24,14.6,2022-09-21,13.969791666666666,3.4000000000000004,0.6302083333333339,0.6302083333333339
2022-09-25,13.675,2022-09-22,14.569791666666667,4.324999999999999,-0.8947916666666664,0.8947916666666664
2022-09-26,12.2,2022-09-23,12.490625,5.800000000000001,-0.29062500000000036,0.29062500000000036
2022-09-27,11.05,2022-09-24,10.85,6.949999999999999,0.20000000000000107,0.20000000000000107
2022-09-28,11.375,2022-09-25,11.429166666666667,6.625,-0.05416666666666714,0.05416666666666714
2022-09-29,11.7,2022-09-26,11.2125,6.300000000000001,0.48749999999999893,0.48749999999999893
2022-09-30,13.05,2022-09-27,13.084375,4.949999999999999,-0.034374999999998934,0.034374999999998934
2022-10-01,14.35,2022-09-28,12.936458333333333,3.6500000000000004,1.4135416666666671,1.4135416666666671
2022-10-02,13.975,2022-09-29,14.347916666666666,4.025,-0.3729166666666668,0.3729166666666668
2022-10-03,13.575,2022-09-30,15.560416666666667,4.425000000000001,-1.9854166666666675,1.9854166666666675
2022-10-04,14.425,2022-10-01,15.325,3.5749999999999993,-0.8999999999999986,0.8999999999999986
2022-10-05,16.2,2022-10-02,16.602083333333333,1.8000000000000007,-0.40208333333333357,0.40208333333333357
2022-10-06,14.700000000000001,2022-10-03,14.453125,3.299999999999999,0.24687500000000107,0.24687500000000107
2022-10-07,14.3,2022-10-04,14.097916666666666,3.6999999999999993,0.20208333333333428,0.20208333333333428
2022-10-08,13.575,2022-10-05,13.3375,4.425000000000001,0.23749999999999893,0.23749999999999893
2022-10-09,12.85,2022-10-06,12.852083333333333,5.15,-0.002083333333333215,0.002083333333333215
2022-10-10,13.775,2022-10-07,13.536458333333334,4.225,0.23854166666666643,0.23854166666666643
2022-10-11,12.45,2022-10-08,12.44375,5.550000000000001,0.006249999999999645,0.006249999999999645
2022-10-12,12.55,2022-10-09,11.9,5.449999999999999,0.6500000000000004,0.6500000000000004
2022-10-13,13.1,2022-10-10,12.545833333333334,4.9,0.5541666666666654,0.5541666666666654
2022-10-14,13.6,2022-10-11,14.167708333333334,4.4,-0.5677083333333339,0.5677083333333339
2022-10-15,15.275,2022-10-12,14.943750000000001,2.7249999999999996,0.33124999999999893,0.33124999999999893
2022-10-16,16.1,2022-10-13,14.713541666666668,1.8999999999999986,1.3864583333333336,1.3864583333333336
2022-10-17,16.925,2022-10-14,16.717708333333334,1.0749999999999993,0.20729166666666643,0.20729166666666643
2022-10-18,15.75,2022-10-15,14.961458333333333,2.25,0.7885416666666671,0.7885416666666671
2022-10-19,14.15,2022-10-16,14.387500000000001,3.8499999999999996,-0.2375000000000007,0.2375000000000007
2022-10-20,14.85,2022-10-17,15.501041666666666,3.1500000000000004,-0.6510416666666661,0.6510416666666661
2022-10-21,16.099999999999998,2022-10-18,16.026041666666664,1.9000000000000021,0.07395833333333357,0.07395833333333357
2022-10-22,16.075,2022-10-19,16.032291666666666,1.9250000000000007,0.04270833333333357,0.04270833333333357
2022-10-23,16.85,2022-10-20,16.609375,1.1499999999999986,0.24062500000000142,0.24062500000000142
2022-10-24,16.225,2022-10-21,16.477083333333333,1.7749999999999986,-0.25208333333333144,0.25208333333333144
2022-10-25,14.85,2022-10-22,14.971875,3.1500000000000004,-0.12187500000000107,0.12187500000000107
2022-10-26,16.8,2022-10-23,16.477083333333333,1.1999999999999993,0.32291666666666785,0.32291666666666785
2022-10-27,17.7,2022-10-24,17.7625,0.3000000000000007,-0.0625,0.0625
2022-10-28,18.725,2022-10-25,18.383333333333333,0.0,0.34166666666666856,0.34166666666666856
2022-10-29,18.65,2022-10-26,18.240625,0.0,0.40937499999999716,0.40937499999999716
2022-10-30,17.25,2022-10-27,17.173958333333335,0.75,0.07604166666666501,0.07604166666666501
2022-10-31,15.975,2022-10-28,15.514583333333334,2.0250000000000004,0.46041666666666536,0.46041666666666536
2022-11-01,14.925,2022-10-29,15.008333333333333,3.0749999999999993,-0.08333333333333215,0.08333333333333215
2022-11-02,13.299999999999999,2022-10-30,12.548958333333333,4.700000000000001,0.7510416666666657,0.7510416666666657
2022-11-03,12.875,2022-10-31,12.383333333333335,5.125,0.49166666666666536,0.49166666666666536
2022-11-04,10.3,2022-11-01,10.496875,7.699999999999999,-0.19687499999999858,0.19687499999999858
2022-11-05,10.1,2022-11-02,10.533333333333333,7.9,-0.43333333333333357,0.43333333333333357
2022-11-06,10.275,2022-11-03,10.497916666666665,7.725,-0.22291666666666465,0.22291666666666465
2022-11-07,12.825,2022-11-04,12.204166666666666,5.175000000000001,0.6208333333333336,0.6208333333333336
2022-11-08,13.6,2022-11-05,13.260416666666668,4.4,0.3395833333333318,0.3395833333333318
2022-11-09,12.875,2022-11-06,12.592708333333334,5.125,0.2822916666666657,0.2822916666666657
2022-11-10,11.825,2022-11-07,11.911458333333334,6.175000000000001,-0.08645833333333464,0.08645833333333464
2022-11-11,10.9,2022-11-08,11.401041666666666,7.1,-0.5010416666666657,0.5010416666666657
2022-11-12,11.075,2022-11-09,11.277083333333334,6.925000000000001,-0.20208333333333428,0.20208333333333428
2022-11-13,11.225,2022-11-10,11.404166666666667,6.775,-0.17916666666666714,0.17916666666666714
2022-11-14,9.5,2022-11-11,10.546875,8.5,-1.046875,1.046875
2022-11-15,11.175,2022-11-12,11.2875,6.824999999999999,-0.11249999999999893,0.11249999999999893
2022-11-16,11.075,2022-11-13,10.701041666666667,6.925000000000001,0.3739583333333325,0.3739583333333325
2022-11-17,11.05,2022-11-14,11.548958333333335,6.949999999999999,-0.4989583333333343,0.4989583333333343
2022-11-18,9.375,2022-11-15,9.525,8.625,-0.15000000000000036,0.15000000000000036
2022-11-19,5.225,2022-11-16,6.276041666666667,12.775,-1.0510416666666673,1.0510416666666673
2022-11-20,5.4,2022-11-17,5.926041666666666,12.6,-0.5260416666666661,0.5260416666666661
2022-11-21,6.75,2022-11-18,7.2,11.25,-0.4500000000000002,0.4500000000000002
2022-11-22,7.449999999999999,2022-11-19,7.184375,10.55,0.2656249999999991,0.2656249999999991
2022-11-23,8.6,2022-11-20,7.7718750000000005,9.4,0.8281249999999991,0.8281249999999991
2022-11-24,9.475,2022-11-21,8.804166666666667,8.525,0.6708333333333325,0.6708333333333325
2022-11-25,8.95,2022-11-22,8.33125,9.05,0.6187499999999986,0.6187499999999986
2022-11-26,7.7,2022-11-23,7.578125,10.3,0.12187500000000018,0.12187500000000018
2022-11-27,7.25,2022-11-24,8.072916666666666,10.75,-0.8229166666666661,0.8229166666666661
2022-11-28,8.275,2022-11-25,8.287500000000001,9.725,-0.012500000000001066,0.012500000000001066
2022-11-29,7.45,2022-11-26,7.3375,10.55,0.11249999999999982,0.11249999999999982
2022-11-30,6.85,2022-11-27,6.793749999999999,11.15,0.056250000000000355,0.056250000000000355
2022-12-01,5.55,2022-11-28,5.583333333333334,12.45,-0.0333333333333341,0.0333333333333341
2022-12-02,3.5,2022-11-29,3.2177083333333334,14.5,0.2822916666666666,0.2822916666666666
2022-12-03,2.4749999999999996,2022-11-30,2.013541666666667,15.525,0.46145833333333286,0.46145833333333286
2022-12-04,2.0,2022-12-01,2.2875,16.0,-0.2875000000000001,0.2875000000000001
2022-12-05,3.625,2022-12-02,3.9166666666666665,14.375,-0.2916666666666665,0.2916666666666665
2022-12-06,4.725,2022-12-03,4.415625,13.275,0.3093749999999993,0.3093749999999993
2022-12-07,4.875,2022-12-04,4.242708333333333,13.125,0.6322916666666671,0.6322916666666671
2022-12-08,3.775,2022-12-05,3.059375,14.225,0.7156249999999997,0.7156249999999997
2022-12-09,1.6,2022-12-06,1.246875,16.4,0.35312500000000013,0.35312500000000013
2022-12-10,0.95,2022-12-07,0.7437499999999999,17.05,0.20625000000000004,0.20625000000000004
2022-12-11,0.3,2022-12-08,0.48750000000000004,17.7,-0.18750000000000006,0.18750000000000006
2022-12-12,-0.19999999999999998,2022-12-09,-0.04791666666666666,18.2,-0.15208333333333332,0.15208333333333332
2022-12-13,-0.85,2022-12-10,-0.7427083333333333,18.85,-0.10729166666666667,0.10729166666666667
2022-12-14,-0.975,2022-12-11,0.5239583333333334,18.975,-1.4989583333333334,1.4989583333333334
2022-12-15,-0.6749999999999999,2022-12-12,0.10729166666666662,18.675,-0.7822916666666666,0.7822916666666666
2022-12-16,-0.4,2022-12-13,-0.86875,18.4,0.46875,0.46875
2022-12-17,-1.6,2022-12-14,-1.4697916666666666,19.6,-0.13020833333333348,0.13020833333333348
2022-12-18,-0.9249999999999999,2022-12-15,-0.9906250000000001,18.925,0.06562500000000016,0.06562500000000016
2022-12-19,5.8999999999999995,2022-12-16,5.141666666666667,12.100000000000001,0.7583333333333329,0.7583333333333329
2022-12-20,7.925,2022-12-17,8.255208333333334,10.075,-0.3302083333333341,0.3302083333333341
2022-12-21,8.725,2022-12-18,7.359375,9.275,1.3656249999999996,1.3656249999999996
2022-12-22,9.975,2022-12-19,8.897916666666667,8.025,1.0770833333333325,1.0770833333333325
2022-12-23,10.575,2022-12-20,12.279166666666667,7.425000000000001,-1.7041666666666675,1.7041666666666675
2022-12-24,9.975,2022-12-21,9.815624999999999,8.025,0.1593750000000007,0.1593750000000007
2022-12-25,9.8,2022-12-22,9.45,8.2,0.3500000000000014,0.3500000000000014
2022-12-26,9.15,2022-12-23,7.3125,8.85,1.8375000000000004,1.8375000000000004
2022-12-27,6.3,2022-12-24,4.828125,11.7,1.4718749999999998,1.4718749999999998
2022-12-28,9.1,2022-12-25,7.397916666666667,8.9,1.7020833333333325,1.7020833333333325
2022-12-29,10.2,2022-12-26,9.675,7.800000000000001,0.5249999999999986,0.5249999999999986
2022-12-30,9.325,2022-12-27,9.016666666666666,8.675,0.30833333333333357,0.30833333333333357
2022-12-31,14.675,2022-12-28,14.277083333333334,3.3249999999999993,0.39791666666666714,0.39791666666666714
2023-01-01,13.05,2022-12-29,11.976041666666667,4.949999999999999,1.0739583333333336,1.0739583333333336
2023-01-02,10.375,2022-12-30,9.005208333333334,7.625,1.369791666666666,1.369791666666666
2023-01-03,7.75,2022-12-31,7.379166666666666,10.25,0.37083333333333357,0.37083333333333357
2023-01-04,11.0,2023-01-01,10.094791666666667,7.0,0.9052083333333325,0.9052083333333325
2023-01-05,11.2,2023-01-02,11.186458333333333,6.800000000000001,0.013541666666666785,0.013541666666666785
2023-01-06,10.85,2023-01-03,10.217708333333334,7.15,0.6322916666666654,0.6322916666666654
2023-01-07,9.725,2023-01-04,9.463541666666668,8.275,0.2614583333333318,0.2614583333333318
2023-01-08,9.0,2023-01-05,8.828125,9.0,0.171875,0.171875
2023-01-09,7.525,2023-01-06,6.783333333333333,10.475,0.7416666666666671,0.7416666666666671
2023-01-10,7.075,2023-01-07,6.716666666666667,10.925,0.3583333333333334,0.3583333333333334
2023-01-11,9.875,2023-01-08,9.107291666666667,8.125,0.7677083333333332,0.7677083333333332
2023-01-12,10.375,2023-01-09,8.888541666666667,7.625,1.4864583333333332,1.4864583333333332
2023-01-13,9.175,2023-01-10,8.910416666666666,8.825,0.2645833333333343,0.2645833333333343
2023-01-14,9.2,2023-01-11,7.836458333333333,8.8,1.3635416666666664,1.3635416666666664
2023-01-15,7.1,2023-01-12,6.341666666666667,10.9,0.7583333333333329,0.7583333333333329
2023-01-16,5.1,2023-01-13,4.494791666666666,12.9,0.6052083333333336,0.6052083333333336
2023-01-17,2.925,2023-01-14,2.9447916666666667,15.075,-0.019791666666666874,0.019791666666666874
2023-01-18,2.575,2023-01-15,2.189583333333333,15.425,0.38541666666666696,0.38541666666666696
2023-01-19,2.375,2023-01-16,2.1489583333333337,15.625,0.22604166666666625,0.22604166666666625
2023-01-20,2.025,2023-01-17,2.107291666666667,15.975,-0.08229166666666687,0.08229166666666687
2023-01-21,0.95,2023-01-18,1.2458333333333333,17.05,-0.2958333333333334,0.2958333333333334
2023-01-22,1.175,2023-01-19,1.4802083333333333,16.825,-0.3052083333333333,0.3052083333333333
2023-01-23,1.9,2023-01-20,1.3,16.1,0.5999999999999999,0.5999999999999999
2023-01-24,1.75,2023-01-21,1.4854166666666666,16.25,0.2645833333333334,0.2645833333333334
2023-01-25,1.3,2023-01-22,1.6645833333333333,16.7,-0.36458333333333326,0.36458333333333326
2023-01-26,2.6,2023-01-23,3.7583333333333333,15.4,-1.1583333333333332,1.1583333333333332
2023-01-27,3.425,2023-01-24,2.253125,14.575,1.171875,1.171875
2023-01-28,2.7,2023-01-25,1.6177083333333333,15.3,1.0822916666666669,1.0822916666666669
2023-01-29,2.55,2023-01-26,3.325,15.45,-0.7750000000000004,0.7750000000000004
2023-01-30,5.575,2023-01-27,5.736458333333333,12.425,-0.16145833333333304,0.16145833333333304
2023-01-31,5.5,2023-01-28,5.310416666666667,12.5,0.18958333333333321,0.18958333333333321
2023-02-01,6.824999999999999,2023-01-29,6.101041666666667,11.175,0.7239583333333321,0.7239583333333321
2023-02-02,7.925,2023-01-30,7.298958333333333,10.075,0.6260416666666666,0.6260416666666666
2023-02-03,8.55,2023-01-31,8.46875,9.45,0.08125000000000071,0.08125000000000071
2023-02-04,7.975,2023-02-01,8.3875,10.025,-0.41249999999999964,0.41249999999999964
2023-02-05,6.35,2023-02-02,6.204166666666667,11.65,0.14583333333333304,0.14583333333333304
2023-02-06,4.275,2023-02-03,3.747916666666667,13.725,0.5270833333333336,0.5270833333333336
2023-02-07,2.6,2023-02-04,2.15625,15.4,0.4437500000000001,0.4437500000000001
2023-02-08,2.725,2023-02-05,2.5395833333333333,15.275,0.18541666666666679,0.18541666666666679
2023-02-09,2.675,2023-02-06,2.2395833333333335,15.325,0.43541666666666634,0.43541666666666634
2023-02-10,4.975,2023-02-07,4.469791666666667,13.025,0.505208333333333,0.505208333333333
2023-02-11,6.075,2023-02-08,5.798958333333333,11.925,0.27604166666666696,0.27604166666666696
2023-02-12,6.825,2023-02-09,7.094791666666667,11.175,-0.26979166666666643,0.26979166666666643
2023-02-13,7.225,2023-02-10,7.088541666666666,10.775,0.13645833333333357,0.13645833333333357
2023-02-14,7.1,2023-02-11,7.363541666666666,10.9,-0.2635416666666668,0.2635416666666668
2023-02-15,7.15,2023-02-12,7.366666666666667,10.85,-0.21666666666666679,0.21666666666666679
2023-02-16,8.3,2023-02-13,8.326041666666665,9.7,-0.026041666666664298,0.026041666666664298
2023-02-17,10.975,2023-02-14,10.854166666666666,7.025,0.12083333333333357,0.12083333333333357
2023-02-18,10.65,2023-02-15,9.520833333333334,7.35,1.1291666666666664,1.1291666666666664
2023-02-19,9.525,2023-02-16,9.3625,8.475,0.16249999999999964,0.16249999999999964
2023-02-20,8.975,2023-02-17,9.358333333333334,9.025,-0.38333333333333464,0.38333333333333464
2023-02-21,9.1,2023-02-18,9.604166666666666,8.9,-0.5041666666666664,0.5041666666666664
2023-02-22,9.125,2023-02-19,9.122916666666667,8.875,0.002083333333333215,0.002083333333333215
2023-02-23,8.325,2023-02-20,7.8375,9.675,0.48749999999999893,0.48749999999999893
2023-02-24,6.65,2023-02-21,5.604166666666667,11.35,1.0458333333333334,1.0458333333333334
2023-02-25,5.05,2023-02-22,4.591666666666667,12.95,0.45833333333333304,0.45833333333333304
2023-02-26,2.65,2023-02-23,2.1239583333333334,15.35,0.5260416666666665,0.5260416666666665
2023-02-27,2.55,2023-02-24,2.113541666666667,15.45,0.43645833333333295,0.43645833333333295
2023-02-28,2.325,2023-02-25,2.720833333333333,15.675,-0.39583333333333304,0.39583333333333304
2023-03-01,2.9,2023-02-26,3.0854166666666667,15.1,-0.18541666666666679,0.18541666666666679
2023-03-02,4.3,2023-02-27,4.334375,13.7,-0.03437499999999982,0.03437499999999982
2023-03-03,4.275,2023-02-28,5.102083333333333,13.725,-0.8270833333333325,0.8270833333333325
2023-03-04,4.675,2023-03-01,4.973958333333333,13.325,-0.2989583333333332,0.2989583333333332
2023-03-05,5.05,2023-03-02,4.98125,12.95,0.06874999999999964,0.06874999999999964
2023-03-06,4.6,2023-03-03,4.672916666666667,13.4,-0.07291666666666696,0.07291666666666696
2023-03-07,4.525,2023-03-04,4.285416666666666,13.475,0.23958333333333393,0.23958333333333393
2023-03-08,4.3500000000000005,2023-03-05,2.0583333333333336,13.649999999999999,2.291666666666667,2.291666666666667
2023-03-09,7.275,2023-03-06,4.644791666666666,10.725,2.630208333333334,2.630208333333334
2023-03-10,5.95,2023-03-07,7.319791666666667,12.05,-1.369791666666667,1.369791666666667
2023-03-11,3.3,2023-03-08,4.081250000000001,14.7,-0.7812500000000009,0.7812500000000009
2023-03-12,7.8,2023-03-09,7.075,10.2,0.7249999999999996,0.7249999999999996
2023-03-13,12.9,2023-03-10,11.902083333333334,5.1,0.9979166666666668,0.9979166666666668
2023-03-14,7.800000000000001,2023-03-11,7.063541666666667,10.2,0.7364583333333341,0.7364583333333341
2023-03-15,5.85,2023-03-12,4.979166666666667,12.15,0.8708333333333327,0.8708333333333327
2023-03-16,9.0,2023-03-13,8.870833333333334,9.0,0.12916666666666643,0.12916666666666643
2023-03-17,11.6,2023-03-14,10.782291666666666,6.4,0.8177083333333339,0.8177083333333339
2023-03-18,12.225000000000001,2023-03-15,11.452083333333333,5.774999999999999,0.7729166666666689,0.7729166666666689
2023-03-19,10.35,2023-03-16,10.973958333333332,7.65,-0.6239583333333325,0.6239583333333325
2023-03-20,9.25,2023-03-17,10.210416666666667,8.75,-0.9604166666666671,0.9604166666666671
2023-03-21,10.8,2023-03-18,10.275,7.199999999999999,0.5250000000000004,0.5250000000000004
2023-03-22,11.1,2023-03-19,9.99375,6.9,1.1062499999999993,1.1062499999999993
2023-03-23,13.075,2023-03-20,11.857291666666667,4.925000000000001,1.2177083333333325,1.2177083333333325
2023-03-24,11.925,2023-03-21,11.707291666666666,6.074999999999999,0.21770833333333428,0.21770833333333428
2023-03-25,10.25,2023-03-22,10.026041666666666,7.75,0.22395833333333393,0.22395833333333393
2023-03-26,7.925000000000001,2023-03-23,7.026041666666667,10.075,0.8989583333333337,0.8989583333333337
2023-03-27,6.075,2023-03-24,5.4312499999999995,11.925,0.6437500000000007,0.6437500000000007
2023-03-28,6.35,2023-03-25,6.4468749999999995,11.65,-0.09687499999999982,0.09687499999999982
2023-03-29,11.65,2023-03-26,10.39375,6.35,1.2562499999999996,1.2562499999999996
2023-03-30,13.2,2023-03-27,12.419791666666667,4.800000000000001,0.7802083333333325,0.7802083333333325
2023-03-31,10.975000000000001,2023-03-28,10.21875,7.024999999999999,0.7562500000000014,0.7562500000000014
2023-04-01,9.675,2023-03-29,8.948958333333334,8.325,0.7260416666666671,0.7260416666666671
2023-04-02,6.75,2023-03-30,6.136458333333334,11.25,0.6135416666666664,0.6135416666666664
2023-04-03,6.125,2023-03-31,5.582291666666666,11.875,0.5427083333333336,0.5427083333333336
2023-04-04,5.65,2023-04-01,5.663541666666667,12.35,-0.013541666666666785,0.013541666666666785
2023-04-05,7.5,2023-04-02,6.820833333333333,10.5,0.6791666666666671,0.6791666666666671
2023-04-06,8.2,2023-04-03,7.319791666666667,9.8,0.8802083333333321,0.8802083333333321
2023-04-07,8.475,2023-04-04,8.10625,9.525,0.36875000000000036,0.36875000000000036
2023-04-08,8.875,2023-04-05,9.760416666666668,9.125,-0.8854166666666679,0.8854166666666679
2023-04-09,11.1,2023-04-06,11.183333333333334,6.9,-0.08333333333333393,0.08333333333333393
2023-04-10,11.775,2023-04-07,11.388541666666667,6.225,0.38645833333333357,0.38645833333333357
2023-04-11,10.225,2023-04-08,10.305208333333335,7.775,-0.08020833333333499,0.08020833333333499
2023-04-12,9.325,2023-04-09,8.876041666666666,8.675,0.44895833333333357,0.44895833333333357
2023-04-13,8.85,2023-04-10,8.30625,9.15,0.5437499999999993,0.5437499999999993
2023-04-14,8.95,2023-04-11,9.179166666666667,9.05,-0.22916666666666785,0.22916666666666785
2023-04-15,9.45,2023-04-12,9.864583333333334,8.55,-0.41458333333333464,0.41458333333333464
2023-04-16,9.375,2023-04-13,9.103125,8.625,0.27187499999999964,0.27187499999999964
2023-04-17,10.125,2023-04-14,9.642708333333333,7.875,0.4822916666666668,0.4822916666666668
2023-04-18,10.025,2023-04-15,9.4375,7.975,0.5875000000000004,0.5875000000000004
2023-04-19,11.3,2023-04-16,9.220833333333333,6.699999999999999,2.0791666666666675,2.0791666666666675
2023-04-20,8.2,2023-04-17,6.019791666666666,9.8,2.180208333333333,2.180208333333333
2023-04-21,10.5,2023-04-18,9.913541666666667,7.5,0.5864583333333329,0.5864583333333329
2023-04-22,11.25,2023-04-19,12.626041666666666,6.75,-1.3760416666666657,1.3760416666666657
2023-04-23,11.6,2023-04-20,11.566666666666666,6.4,0.033333333333333215,0.033333333333333215
2023-04-24,9.6,2023-04-21,8.659375,8.4,0.9406249999999989,0.9406249999999989
2023-04-25,7.7,2023-04-22,7.139583333333333,10.3,0.5604166666666668,0.5604166666666668
2023-04-26,8.375,2023-04-23,7.923958333333333,9.625,0.4510416666666668,0.4510416666666668
2023-04-27,10.55,2023-04-24,10.764583333333333,7.449999999999999,-0.2145833333333318,0.2145833333333318
2023-04-28,12.8,2023-04-25,13.039583333333333,5.199999999999999,-0.23958333333333215,0.23958333333333215
2023-04-29,11.925,2023-04-26,13.123958333333333,6.074999999999999,-1.1989583333333318,1.1989583333333318
2023-04-30,13.075000000000001,2023-04-27,13.117708333333333,4.924999999999999,-0.042708333333331794,0.042708333333331794
2023-05-01,13.15,2023-04-28,13.1875,4.85,-0.037499999999999645,0.037499999999999645
2023-05-02,11.450000000000001,2023-04-29,10.6375,6.549999999999999,0.8125000000000018,0.8125000000000018
2023-05-03,11.5,2023-04-30,10.448958333333334,6.5,1.0510416666666664,1.0510416666666664
2023-05-04,15.5,2023-05-01,14.58125,2.5,0.9187499999999993,0.9187499999999993
2023-05-05,15.475,2023-05-02,15.729166666666668,2.5250000000000004,-0.2541666666666682,0.2541666666666682
2023-05-06,15.3,2023-05-03,16.51770833333333,2.6999999999999993,-1.2177083333333307,1.2177083333333307
2023-05-07,15.85,2023-05-04,15.098958333333332,2.1500000000000004,0.7510416666666675,0.7510416666666675
2023-05-08,15.35,2023-05-05,14.678125000000001,2.6500000000000004,0.6718749999999982,0.6718749999999982
2023-05-09,13.6,2023-05-06,13.351041666666667,4.4,0.2489583333333325,0.2489583333333325
2023-05-10,12.4,2023-05-07,11.972916666666666,5.6,0.4270833333333339,0.4270833333333339
2023-05-11,12.6,2023-05-08,12.520833333333332,5.4,0.0791666666666675,0.0791666666666675
2023-05-12,13.075,2023-05-09,12.596874999999999,4.925000000000001,0.47812500000000036,0.47812500000000036
2023-05-13,14.875,2023-05-10,13.760416666666666,3.125,1.114583333333334,1.114583333333334
2023-05-14,13.95,2023-05-11,14.9,4.050000000000001,-0.9500000000000011,0.9500000000000011
2023-05-15,12.325,2023-05-12,13.732291666666667,5.675000000000001,-1.4072916666666675,1.4072916666666675
2023-05-16,11.0,2023-05-13,10.179166666666667,7.0,0.8208333333333329,0.8208333333333329
2023-05-17,11.275,2023-05-14,11.127083333333333,6.725,0.14791666666666714,0.14791666666666714
2023-05-18,11.425,2023-05-15,11.530208333333333,6.574999999999999,-0.1052083333333318,0.1052083333333318
2023-05-19,13.625,2023-05-16,13.589583333333334,4.375,0.03541666666666643,0.03541666666666643
2023-05-20,15.375,2023-05-17,14.30625,2.625,1.0687499999999996,1.0687499999999996
2023-05-21,17.25,2023-05-18,15.619791666666666,0.75,1.630208333333334,1.630208333333334
2023-05-22,17.675,2023-05-19,17.391666666666666,0.3249999999999993,0.283333333333335,0.283333333333335
2023-05-23,14.25,2023-05-20,13.952083333333334,3.75,0.2979166666666657,0.2979166666666657
2023-05-24,12.575,2023-05-21,13.03125,5.425000000000001,-0.4562500000000007,0.4562500000000007
2023-05-25,14.175,2023-05-22,13.994791666666666,3.8249999999999993,0.18020833333333464,0.18020833333333464
2023-05-26,14.55,2023-05-23,14.007291666666665,3.4499999999999993,0.5427083333333353,0.5427083333333353
2023-05-27,16.05,2023-05-24,15.026041666666666,1.9499999999999993,1.0239583333333346,1.0239583333333346
2023-05-28,17.8,2023-05-25,16.448958333333334,0.1999999999999993,1.3510416666666671,1.3510416666666671
2023-05-29,15.95,2023-05-26,15.196874999999999,2.0500000000000007,0.7531250000000007,0.7531250000000007
2023-05-30,15.15,2023-05-27,15.142708333333333,2.8499999999999996,0.00729166666666714,0.00729166666666714
2023-05-31,17.625,2023-05-28,17.161458333333332,0.375,0.46354166666666785,0.46354166666666785
2023-06-01,17.1,2023-05-29,16.519791666666666,0.8999999999999986,0.580208333333335,0.580208333333335
2023-06-02,14.725,2023-05-30,15.107291666666665,3.2750000000000004,-0.38229166666666536,0.38229166666666536
2023-06-03,17.0,2023-05-31,17.323958333333334,1.0,-0.32395833333333357,0.32395833333333357
2023-06-04,17.5,2023-06-01,17.302083333333332,0.5,0.19791666666666785,0.19791666666666785
2023-06-05,17.825,2023-06-02,17.424999999999997,0.1750000000000007,0.40000000000000213,0.40000000000000213
2023-06-06,18.225,2023-06-03,17.985416666666666,0.0,0.2395833333333357,0.2395833333333357
2023-06-07,18.625,2023-06-04,17.755208333333336,0.0,0.8697916666666643,0.8697916666666643
2023-06-08,19.5,2023-06-05,18.818749999999998,0.0,0.6812500000000021,0.6812500000000021
2023-06-09,22.275,2023-06-06,21.239583333333332,0.0,1.0354166666666664,1.0354166666666664
2023-06-10,23.2,2023-06-07,22.444791666666667,0.0,0.7552083333333321,0.7552083333333321
2023-06-11,23.425,2023-06-08,22.455208333333335,0.0,0.9697916666666657,0.9697916666666657
2023-06-12,23.45,2023-06-09,22.157291666666666,0.0,1.2927083333333336,1.2927083333333336
2023-06-13,22.55,2023-06-10,20.60625,0.0,1.9437500000000014,1.9437500000000014
2023-06-14,21.4,2023-06-11,18.941666666666666,0.0,2.458333333333332,2.458333333333332
2023-06-15,21.45,2023-06-12,19.81458333333333,0.0,1.6354166666666679,1.6354166666666679
2023-06-16,21.775,2023-06-13,20.558333333333334,0.0,1.216666666666665,1.216666666666665
2023-06-17,22.625,2023-06-14,21.471875,0.0,1.1531249999999993,1.1531249999999993
2023-06-18,22.125,2023-06-15,23.1125,0.0,-0.9875000000000007,0.9875000000000007
2023-06-19,21.974999999999998,2023-06-16,21.145833333333332,0.0,0.8291666666666657,0.8291666666666657
2023-06-20,22.275,2023-06-17,21.590625,0.0,0.6843749999999993,0.6843749999999993
2023-06-21,22.15,2023-06-18,21.79375,0.0,0.3562499999999993,0.3562499999999993
2023-06-22,19.975,2023-06-19,19.390625,0.0,0.5843750000000014,0.5843750000000014
2023-06-23,20.55,2023-06-20,18.728125,0.0,1.8218750000000021,1.8218750000000021
2023-06-24,22.325,2023-06-21,21.682291666666668,0.0,0.6427083333333314,0.6427083333333314
2023-06-25,25.275000000000002,2023-06-22,24.528125000000003,0.0,0.7468749999999993,0.7468749999999993
2023-06-26,20.85,2023-06-23,20.346875,0.0,0.5031250000000007,0.5031250000000007
2023-06-27,19.4,2023-06-24,19.620833333333334,0.0,-0.220833333333335,0.220833333333335
2023-06-28,20.1,2023-06-25,20.34166666666667,0.0,-0.24166666666666714,0.24166666666666714
2023-06-29,20.275,2023-06-26,21.246875,0.0,-0.9718750000000007,0.9718750000000007
2023-06-30,18.7,2023-06-27,18.110416666666666,0.0,0.5895833333333336,0.5895833333333336
2023-07-01,17.675,2023-06-28,17.586458333333333,0.3249999999999993,0.08854166666666785,0.08854166666666785
2023-07-02,18.2,2023-06-29,18.540625,0.0,-0.3406249999999993,0.3406249999999993
2023-07-03,18.35,2023-06-30,17.835416666666667,0.0,0.5145833333333343,0.5145833333333343
2023-07-04,18.45,2023-07-01,18.505208333333336,0.0,-0.05520833333333641,0.05520833333333641
2023-07-05,16.75,2023-07-02,18.626041666666666,1.25,-1.8760416666666657,1.8760416666666657
2023-07-06,18.85,2023-07-03,19.305208333333333,0.0,-0.45520833333333144,0.45520833333333144
2023-07-07,23.1,2023-07-04,23.692708333333332,0.0,-0.5927083333333307,0.5927083333333307
2023-07-08,26.325,2023-07-05,25.723958333333336,0.0,0.6010416666666636,0.6010416666666636
2023-07-09,24.525,2023-07-06,22.630208333333336,0.0,1.8947916666666629,1.8947916666666629
2023-07-10,22.675,2023-07-07,22.226041666666667,0.0,0.44895833333333357,0.44895833333333357
2023-07-11,24.299999999999997,2023-07-08,24.596874999999997,0.0,-0.296875,0.296875
2023-07-12,20.525,2023-07-09,20.676041666666666,0.0,-0.15104166666666785,0.15104166666666785
2023-07-13,19.525,2023-07-10,20.339583333333334,0.0,-0.814583333333335,0.814583333333335
2023-07-14,21.85,2023-07-11,22.1875,0.0,-0.3374999999999986,0.3374999999999986
2023-07-15,22.3,2023-07-12,22.410416666666666,0.0,-0.11041666666666572,0.11041666666666572
2023-07-16,20.075,2023-07-13,20.213541666666664,0.0,-0.138541666666665,0.138541666666665
2023-07-17,19.65,2023-07-14,20.347916666666666,0.0,-0.6979166666666679,0.6979166666666679
2023-07-18,20.900000000000002,2023-07-15,21.804166666666667,0.0,-0.904166666666665,0.904166666666665
2023-07-19,20.075,2023-07-16,20.647916666666667,0.0,-0.5729166666666679,0.5729166666666679
2023-07-20,19.175,2023-07-17,19.363541666666666,0.0,-0.18854166666666572,0.18854166666666572
2023-07-21,18.15,2023-07-18,18.777083333333334,0.0,-0.627083333333335,0.627083333333335
2023-07-22,18.625,2023-07-19,19.234375,0.0,-0.609375,0.609375
2023-07-23,19.0,2023-07-20,18.198958333333334,0.0,0.8010416666666664,0.8010416666666664
2023-07-24,18.75,2023-07-21,18.746875000000003,0.0,0.003124999999997158,0.003124999999997158
2023-07-25,15.825,2023-07-22,16.263541666666665,2.1750000000000007,-0.4385416666666657,0.4385416666666657
2023-07-26,16.925,2023-07-23,17.647916666666667,1.0749999999999993,-0.7229166666666664,0.7229166666666664
2023-07-27,17.425,2023-07-24,17.45625,0.5749999999999993,-0.03125,0.03125
2023-07-28,19.799999999999997,2023-07-25,19.355208333333334,0.0,0.4447916666666636,0.4447916666666636
2023-07-29,19.75,2023-07-26,19.40833333333333,0.0,0.34166666666666856,0.34166666666666856
2023-07-30,18.625,2023-07-27,18.730208333333334,0.0,-0.10520833333333357,0.10520833333333357
2023-07-31,17.925,2023-07-28,18.821875,0.07499999999999929,-0.8968749999999979,0.8968749999999979
2023-08-01,17.85,2023-07-29,17.854166666666664,0.14999999999999858,-0.004166666666662877,0.004166666666662877
2023-08-02,17.975,2023-07-30,16.751041666666666,0.02499999999999858,1.2239583333333357,1.2239583333333357
2023-08-03,16.675,2023-07-31,16.420833333333334,1.3249999999999993,0.25416666666666643,0.25416666666666643
2023-08-04,17.075,2023-08-01,16.891666666666666,0.9250000000000007,0.18333333333333357,0.18333333333333357
2023-08-05,15.875,2023-08-02,15.572916666666666,2.125,0.3020833333333339,0.3020833333333339
2023-08-06,14.775,2023-08-03,14.578125,3.2249999999999996,0.19687500000000036,0.19687500000000036
2023-08-07,15.925,2023-08-04,16.480208333333334,2.0749999999999993,-0.5552083333333329,0.5552083333333329
2023-08-08,16.95,2023-08-05,16.944791666666667,1.0500000000000007,0.005208333333332149,0.005208333333332149
2023-08-09,17.875,2023-08-06,18.958333333333336,0.125,-1.0833333333333357,1.0833333333333357
2023-08-10,20.3,2023-08-07,20.765625,0.0,-0.4656249999999993,0.4656249999999993
2023-08-11,22.4,2023-08-08,22.301041666666666,0.0,0.09895833333333215,0.09895833333333215
2023-08-12,21.25,2023-08-09,21.711458333333333,0.0,-0.46145833333333286,0.46145833333333286
2023-08-13,20.4,2023-08-10,20.484375,0.0,-0.08437500000000142,0.08437500000000142
2023-08-14,22.2,2023-08-11,22.319791666666667,0.0,-0.11979166666666785,0.11979166666666785
2023-08-15,21.45,2023-08-12,21.553125,0.0,-0.10312500000000213,0.10312500000000213
2023-08-16,21.4,2023-08-13,21.739583333333332,0.0,-0.33958333333333357,0.33958333333333357
2023-08-17,21.025,2023-08-14,22.20625,0.0,-1.1812500000000021,1.1812500000000021
2023-08-18,23.5,2023-08-15,23.375,0.0,0.125,0.125
2023-08-19,24.675,2023-08-16,24.054166666666667,0.0,0.6208333333333336,0.6208333333333336
2023-08-20,23.775,2023-08-17,23.751041666666666,0.0,0.02395833333333286,0.02395833333333286
2023-08-21,23.25,2023-08-18,24.286458333333332,0.0,-1.0364583333333321,1.0364583333333321
2023-08-22,23.025,2023-08-19,23.265625,0.0,-0.24062500000000142,0.24062500000000142
2023-08-23,23.15,2023-08-20,22.697916666666668,0.0,0.45208333333333073,0.45208333333333073
2023-08-24,22.375,2023-08-21,22.154166666666665,0.0,0.220833333333335,0.220833333333335
2023-08-25,20.45,2023-08-22,20.84583333333333,0.0,-0.39583333333333215,0.39583333333333215
2023-08-26,17.725,2023-08-23,18.534375,0.2749999999999986,-0.8093749999999993,0.8093749999999993
2023-08-27,17.25,2023-08-24,17.228125,0.75,0.02187500000000142,0.02187500000000142
2023-08-28,16.725,2023-08-25,16.630208333333332,1.2749999999999986,0.09479166666666927,0.09479166666666927
2023-08-29,16.95,2023-08-26,16.93958333333333,1.0500000000000007,0.010416666666667851,0.010416666666667851
2023-08-30,15.975000000000001,2023-08-27,16.88125,2.0249999999999986,-0.90625,0.90625
2023-08-31,15.625,2023-08-28,16.902083333333334,2.375,-1.2770833333333336,1.2770833333333336
2023-09-01,17.1,2023-08-29,16.796875,0.8999999999999986,0.3031250000000014,0.3031250000000014
2023-09-02,20.075,2023-08-30,19.980208333333334,0.0,0.09479166666666572,0.09479166666666572
2023-09-03,20.625,2023-08-31,20.586458333333333,0.0,0.03854166666666714,0.03854166666666714
2023-09-04,21.25,2023-09-01,21.227083333333333,0.0,0.02291666666666714,0.02291666666666714
2023-09-05,23.975,2023-09-02,23.552083333333336,0.0,0.4229166666666657,0.4229166666666657
2023-09-06,24.875,2023-09-03,24.194791666666667,0.0,0.6802083333333329,0.6802083333333329
2023-09-07,24.5,2023-09-04,24.214583333333334,0.0,0.28541666666666643,0.28541666666666643
2023-09-08,25.425,2023-09-05,24.84375,0.0,0.5812500000000007,0.5812500000000007
2023-09-09,25.575,2023-09-06,25.565625,0.0,0.009374999999998579,0.009374999999998579
2023-09-10,26.425,2023-09-07,25.536458333333332,0.0,0.8885416666666686,0.8885416666666686
2023-09-11,24.175,2023-09-08,24.71875,0.0,-0.5437499999999993,0.5437499999999993
2023-09-12,21.15,2023-09-09,20.816666666666666,0.0,0.33333333333333215,0.33333333333333215
2023-09-13,18.475,2023-09-10,18.15,0.0,0.32500000000000284,0.32500000000000284
2023-09-14,18.525,2023-09-11,18.546875,0.0,-0.02187500000000142,0.02187500000000142
2023-09-15,19.4,2023-09-12,20.757291666666667,0.0,-1.3572916666666686,1.3572916666666686
2023-09-16,20.825000000000003,2023-09-13,21.660416666666666,0.0,-0.8354166666666636,0.8354166666666636
2023-09-17,21.125,2023-09-14,21.473958333333336,0.0,-0.3489583333333357,0.3489583333333357
2023-09-18,20.2,2023-09-15,20.877083333333335,0.0,-0.6770833333333357,0.6770833333333357
2023-09-19,18.0,2023-09-16,18.390625,0.0,-0.390625,0.390625
2023-09-20,20.175,2023-09-17,19.822916666666664,0.0,0.3520833333333364,0.3520833333333364
2023-09-21,17.224999999999998,2023-09-18,17.229166666666664,0.7750000000000021,-0.00416666666666643,0.00416666666666643
2023-09-22,14.25,2023-09-19,15.036458333333334,3.75,-0.7864583333333339,0.7864583333333339
2023-09-23,14.375,2023-09-20,13.911458333333332,3.625,0.46354166666666785,0.46354166666666785
2023-09-24,15.725,2023-09-21,15.278125,2.2750000000000004,0.44687500000000036,0.44687500000000036
2023-09-25,17.275,2023-09-22,17.344791666666666,0.7250000000000014,-0.06979166666666714,0.06979166666666714
2023-09-26,18.75,2023-09-23,18.786458333333332,0.0,-0.03645833333333215,0.03645833333333215
2023-09-27,19.925,2023-09-24,20.2375,0.0,-0.3125,0.3125
2023-09-28,19.5,2023-09-25,19.126041666666666,0.0,0.3739583333333343,0.3739583333333343
2023-09-29,18.8,2023-09-26,19.215625,0.0,-0.4156249999999986,0.4156249999999986
2023-09-30,17.1,2023-09-27,17.020833333333332,0.8999999999999986,0.07916666666666927,0.07916666666666927
2023-10-01,19.275,2023-09-28,18.869791666666664,0.0,0.4052083333333343,0.4052083333333343
2023-10-02,20.875,2023-09-29,20.79895833333333,0.0,0.07604166666666856,0.07604166666666856
2023-10-03,18.0,2023-09-30,17.65,0.0,0.3500000000000014,0.3500000000000014
2023-10-04,15.475,2023-10-01,15.047916666666667,2.5250000000000004,0.42708333333333215,0.42708333333333215
2023-10-05,15.625,2023-10-02,15.442708333333334,2.375,0.18229166666666607,0.18229166666666607
2023-10-06,16.35,2023-10-03,16.876041666666666,1.6499999999999986,-0.5260416666666643,0.5260416666666643
2023-10-07,18.125,2023-10-04,18.39375,0.0,-0.2687500000000007,0.2687500000000007
2023-10-08,18.675,2023-10-05,15.615625000000001,0.0,3.0593749999999993,3.0593749999999993
2023-10-09,19.0,2023-10-06,16.601041666666667,0.0,2.398958333333333,2.398958333333333
2023-10-10,19.55,2023-10-07,18.731250000000003,0.0,0.8187499999999979,0.8187499999999979
2023-10-11,19.875,2023-10-08,19.21875,0.0,0.65625,0.65625
2023-10-12,17.3,2023-10-09,16.666666666666668,0.6999999999999993,0.6333333333333329,0.6333333333333329
2023-10-13,20.175,2023-10-10,19.859375,0.0,0.3156250000000007,0.3156250000000007
2023-10-14,13.75,2023-10-11,13.720833333333333,4.25,0.029166666666666785,0.029166666666666785
2023-10-15,10.2,2023-10-12,10.046875,7.800000000000001,0.1531249999999993,0.1531249999999993
2023-10-16,9.775,2023-10-13,9.453125,8.225,0.32187500000000036,0.32187500000000036
2023-10-17,10.25,2023-10-14,10.398958333333333,7.75,-0.14895833333333286,0.14895833333333286
2023-10-18,12.15,2023-10-15,12.742708333333333,5.85,-0.5927083333333325,0.5927083333333325
2023-10-19,15.5,2023-10-16,14.670833333333333,2.5,0.8291666666666675,0.8291666666666675
2023-10-20,13.925,2023-10-17,11.426041666666666,4.074999999999999,2.4989583333333343,2.4989583333333343
2023-10-21,13.9,2023-10-18,12.098958333333332,4.1,1.8010416666666682,1.8010416666666682
2023-10-22,13.1,2023-10-19,12.679166666666667,4.9,0.4208333333333325,0.4208333333333325
2023-10-23,11.825,2023-10-20,12.804166666666667,6.175000000000001,-0.9791666666666679,0.9791666666666679
2023-10-24,12.275,2023-10-21,13.354166666666666,5.725,-1.0791666666666657,1.0791666666666657
2023-10-25,11.35,2023-10-22,11.723958333333334,6.65,-0.3739583333333343,0.3739583333333343
2023-10-26,11.425,2023-10-23,11.417708333333334,6.574999999999999,0.00729166666666714,0.00729166666666714
2023-10-27,11.225,2023-10-24,11.480208333333334,6.775,-0.2552083333333339,0.2552083333333339
2023-10-28,12.225,2023-10-25,11.917708333333334,5.775,0.3072916666666661,0.3072916666666661
2023-10-29,13.25,2023-10-26,13.068750000000001,4.75,0.18124999999999858,0.18124999999999858
2023-10-30,11.95,2023-10-27,12.215625,6.050000000000001,-0.265625,0.265625
2023-10-31,11.65,2023-10-28,11.984375,6.35,-0.33437499999999964,0.33437499999999964
2023-11-01,12.375,2023-10-29,12.198958333333334,5.625,0.17604166666666643,0.17604166666666643
2023-11-02,11.325,2023-10-30,10.716666666666667,6.675000000000001,0.6083333333333325,0.6083333333333325
2023-11-03,9.625,2023-10-31,8.747916666666667,8.375,0.8770833333333332,0.8770833333333332
2023-11-04,9.9,2023-11-01,10.227083333333333,8.1,-0.3270833333333325,0.3270833333333325
2023-11-05,11.2,2023-11-02,10.980208333333334,6.800000000000001,0.21979166666666572,0.21979166666666572
2023-11-06,10.475,2023-11-03,10.611458333333333,7.525,-0.13645833333333357,0.13645833333333357
2023-11-07,9.675,2023-11-04,9.364583333333332,8.325,0.31041666666666856,0.31041666666666856
2023-11-08,9.675,2023-11-05,9.419791666666667,8.325,0.2552083333333339,0.2552083333333339
2023-11-09,9.9,2023-11-06,8.879166666666666,8.1,1.020833333333334,1.020833333333334
2023-11-10,8.775,2023-11-07,7.927083333333333,9.225,0.8479166666666673,0.8479166666666673
2023-11-11,8.45,2023-11-08,8.151041666666668,9.55,0.29895833333333144,0.29895833333333144
2023-11-12,7.875,2023-11-09,7.634375,10.125,0.24062499999999964,0.24062499999999964
2023-11-13,11.675,2023-11-10,10.607291666666667,6.324999999999999,1.067708333333334,1.067708333333334
2023-11-14,11.825,2023-11-11,11.717708333333334,6.175000000000001,0.10729166666666501,0.10729166666666501
2023-11-15,10.9,2023-11-12,10.432291666666666,7.1,0.4677083333333343,0.4677083333333343
2023-11-16,8.225000000000001,2023-11-13,8.980208333333334,9.774999999999999,-0.7552083333333321,0.7552083333333321
2023-11-17,7.775,2023-11-14,7.685416666666667,10.225,0.08958333333333357,0.08958333333333357
2023-11-18,8.8,2023-11-15,8.096874999999999,9.2,0.7031250000000018,0.7031250000000018
2023-11-19,12.6,2023-11-16,11.848958333333334,5.4,0.7510416666666657,0.7510416666666657
2023-11-20,10.625,2023-11-17,10.308333333333334,7.375,0.31666666666666643,0.31666666666666643
2023-11-21,9.45,2023-11-18,8.286458333333332,8.55,1.1635416666666671,1.1635416666666671
2023-11-22,6.25,2023-11-19,6.298958333333333,11.75,-0.048958333333333215,0.048958333333333215
2023-11-23,9.675,2023-11-20,9.854166666666668,8.325,-0.17916666666666714,0.17916666666666714
2023-11-24,7.925,2023-11-21,6.957291666666666,10.075,0.9677083333333334,0.9677083333333334
2023-11-25,5.875,2023-11-22,6.144791666666667,12.125,-0.2697916666666673,0.2697916666666673
2023-11-26,5.625,2023-11-23,5.877083333333333,12.375,-0.2520833333333332,0.2520833333333332
2023-11-27,4.85,2023-11-24,4.851041666666667,13.15,-0.0010416666666674956,0.0010416666666674956
2023-11-28,3.5,2023-11-25,3.0145833333333334,14.5,0.4854166666666666,0.4854166666666666
2023-11-29,3.9,2023-11-26,2.9020833333333336,14.1,0.9979166666666663,0.9979166666666663
2023-11-30,3.575,2023-11-27,1.1895833333333332,14.425,2.385416666666667,2.385416666666667
2023-12-01,0.925,2023-11-28,0.3104166666666667,17.075,0.6145833333333334,0.6145833333333334
2023-12-02,0.17499999999999996,2023-11-29,0.3125,17.825,-0.13750000000000004,0.13750000000000004
2023-12-03,0.9,2023-11-30,0.7770833333333333,17.1,0.12291666666666667,0.12291666666666667
2023-12-04,2.8,2023-12-01,2.828125,15.2,-0.028125000000000178,0.028125000000000178
2023-12-05,4.625,2023-12-02,5.001041666666667,13.375,-0.3760416666666666,0.3760416666666666
2023-12-06,4.75,2023-12-03,4.859375,13.25,-0.109375,0.109375
2023-12-07,3.45,2023-12-04,3.673958333333333,14.55,-0.22395833333333304,0.22395833333333304
2023-12-08,5.65,2023-12-05,5.535416666666666,12.35,0.11458333333333393,0.11458333333333393
2023-12-09,8.225,2023-12-06,7.53125,9.775,0.6937499999999996,0.6937499999999996
2023-12-10,9.95,2023-12-07,8.967708333333333,8.05,0.9822916666666668,0.9822916666666668
2023-12-11,10.275,2023-12-08,10.055208333333333,7.725,0.2197916666666675,0.2197916666666675
2023-12-12,9.225,2023-12-09,9.304166666666667,8.775,-0.0791666666666675,0.0791666666666675
2023-12-13,8.5,2023-12-10,7.8687499999999995,9.5,0.6312500000000005,0.6312500000000005
2023-12-14,7.025,2023-12-11,6.766666666666667,10.975,0.25833333333333375,0.25833333333333375
2023-12-15,7.25,2023-12-12,6.771875,10.75,0.47812500000000036,0.47812500000000036
2023-12-16,7.375,2023-12-13,6.516666666666667,10.625,0.8583333333333334,0.8583333333333334
2023-12-17,6.575,2023-12-14,6.507291666666666,11.425,0.06770833333333393,0.06770833333333393
2023-12-18,5.925,2023-12-15,6.513541666666667,12.075,-0.588541666666667,0.588541666666667
2023-12-19,6.85,2023-12-16,7.2645833333333325,11.15,-0.41458333333333286,0.41458333333333286
2023-12-20,7.675,2023-12-17,7.191666666666666,10.325,0.4833333333333334,0.4833333333333334
2023-12-21,10.1,2023-12-18,9.628125,7.9,0.47187499999999893,0.47187499999999893
2023-12-22,9.325,2023-12-19,9.171875,8.675,0.1531249999999993,0.1531249999999993
2023-12-23,9.9,2023-12-20,9.648958333333333,8.1,0.2510416666666675,0.2510416666666675
2023-12-24,10.775,2023-12-21,10.184375,7.225,0.5906250000000011,0.5906250000000011
2023-12-25,10.975,2023-12-22,10.383333333333333,7.025,0.5916666666666668,0.5916666666666668
2023-12-26,9.35,2023-12-23,9.236458333333333,8.65,0.11354166666666643,0.11354166666666643
2023-12-27,8.525,2023-12-24,9.161458333333334,9.475,-0.6364583333333336,0.6364583333333336
2023-12-28,10.275,2023-12-25,10.003125,7.725,0.27187499999999964,0.27187499999999964
2023-12-29,9.775,2023-12-26,9.634375,8.225,0.140625,0.140625
2023-12-30,9.225,2023-12-27,,8.775,,
2023-12-31,9.025,2023-12-28,,8.975,,
2024-01-01,8.125,2023-12-29,,9.875,,
2024-01-02,10.7,2023-12-30,,7.300000000000001,,
2024-01-03,10.5,2023-12-31,,7.5,,
2024-01-04,8.549999999999999,2024-01-01,,9.450000000000001,,
2024-01-05,7.575,2024-01-02,,10.425,,
2024-01-06,5.375,2024-01-03,,12.625,,
2024-01-07,1.85,2024-01-04,,16.15,,
2024-01-08,-1.125,2024-01-05,,19.125,,
2024-01-09,-1.725,2024-01-06,,19.725,,
2024-01-10,-1.35,2024-01-07,,19.35,,
2024-01-11,2.7755575615628914e-17,2024-01-08,,18.0,,
2024-01-12,1.575,2024-01-09,,16.425,,
2024-01-13,1.85,2024-01-10,,16.15,,
2024-01-14,1.75,2024-01-11,,16.25,,
2024-01-15,1.9249999999999998,2024-01-12,,16.075,,
2024-01-16,0.9,2024-01-13,,17.1,,
2024-01-17,0.07499999999999998,2024-01-14,,17.925,,
2024-01-18,-0.775,2024-01-15,,18.775,,
2024-01-19,-1.25,2024-01-16,,19.25,,
2024-01-20,-1.125,2024-01-17,,19.125,,
2024-01-21,1.975,2024-01-18,3.6333333333333333,16.025,-1.6583333333333332,1.6583333333333332
2024-01-22,8.65,2024-01-19,7.891666666666667,9.35,0.7583333333333337,0.7583333333333337
2024-01-23,8.15,2024-01-20,7.942708333333334,9.85,0.20729166666666643,0.20729166666666643
2024-01-24,11.15,2024-01-21,10.803125,6.85,0.3468750000000007,0.3468750000000007
2024-01-25,8.55,2024-01-22,8.611458333333333,9.45,-0.061458333333332504,0.061458333333332504
2024-01-26,8.850000000000001,2024-01-23,8.198958333333334,9.149999999999999,0.6510416666666679,0.6510416666666679
2024-01-27,5.1,2024-01-24,4.722916666666666,12.9,0.3770833333333332,0.3770833333333332
2024-01-28,5.925,2024-01-25,5.154166666666667,12.075,0.770833333333333,0.770833333333333
2024-01-29,7.525,2024-01-26,7.401041666666666,10.475,0.12395833333333428,0.12395833333333428
2024-01-30,8.5,2024-01-27,8.145833333333332,9.5,0.35416666666666785,0.35416666666666785
2024-01-31,7.175,2024-01-28,7.617708333333333,10.825,-0.44270833333333304,0.44270833333333304
2024-02-01,7.525,2024-01-29,7.170833333333333,10.475,0.35416666666666696,0.35416666666666696
2024-02-02,7.75,2024-01-30,7.634375,10.25,0.11562499999999964,0.11562499999999964
2024-02-03,9.649999999999999,2024-01-31,9.564583333333333,8.350000000000001,0.08541666666666536,0.08541666666666536
2024-02-04,10.55,2024-02-01,10.396875,7.449999999999999,0.15312500000000107,0.15312500000000107
2024-02-05,9.55,2024-02-02,10.452083333333333,8.45,-0.9020833333333318,0.9020833333333318
2024-02-06,10.1,2024-02-03,10.205208333333333,7.9,-0.10520833333333357,0.10520833333333357
2024-02-07,7.675,2024-02-04,8.394791666666666,10.325,-0.7197916666666666,0.7197916666666666
2024-02-08,7.425,2024-02-05,7.508333333333333,10.575,-0.08333333333333304,0.08333333333333304
2024-02-09,11.0,2024-02-06,9.710416666666667,7.0,1.2895833333333329,1.2895833333333329
2024-02-10,10.1,2024-02-07,9.686458333333334,7.9,0.41354166666666536,0.41354166666666536
2024-02-11,8.775,2024-02-08,8.454166666666666,9.225,0.32083333333333464,0.32083333333333464
2024-02-12,7.35,2024-02-09,7.191666666666667,10.65,0.15833333333333233,0.15833333333333233
2024-02-13,7.325,2024-02-10,7.861458333333333,10.675,-0.536458333333333,0.536458333333333
2024-02-14,10.425,2024-02-11,10.267708333333333,7.574999999999999,0.1572916666666675,0.1572916666666675
2024-02-15,12.375,2024-02-12,11.66875,5.625,0.7062500000000007,0.7062500000000007
2024-02-16,11.65,2024-02-13,11.251041666666666,6.35,0.39895833333333464,0.39895833333333464
2024-02-17,10.55,2024-02-14,10.139583333333334,7.449999999999999,0.41041666666666643,0.41041666666666643
2024-02-18,9.7,2024-02-15,9.471875,8.3,0.22812499999999858,0.22812499999999858
2024-02-19,9.35,2024-02-16,9.100000000000001,8.65,0.24999999999999822,0.24999999999999822
2024-02-20,8.8,2024-02-17,8.895833333333334,9.2,-0.09583333333333321,0.09583333333333321
2024-02-21,9.05,2024-02-18,9.288541666666667,8.95,-0.23854166666666643,0.23854166666666643
2024-02-22,10.3,2024-02-19,9.607291666666667,7.699999999999999,0.6927083333333339,0.6927083333333339
2024-02-23,6.575,2024-02-20,5.940625,11.425,0.6343750000000004,0.6343750000000004
2024-02-24,5.675,2024-02-21,5.305208333333333,12.325,0.36979166666666696,0.36979166666666696
2024-02-25,6.575,2024-02-22,6.365625,11.425,0.20937500000000053,0.20937500000000053
2024-02-26,6.175,2024-02-23,7.48125,11.825,-1.3062500000000004,1.3062500000000004
2024-02-27,6.3,2024-02-24,6.734375,11.7,-0.4343750000000002,0.4343750000000002
2024-02-28,6.85,2024-02-25,7.116666666666667,11.15,-0.2666666666666675,0.2666666666666675
2024-02-29,7.925,2024-02-26,8.877083333333333,10.075,-0.9520833333333334,0.9520833333333334
2024-03-01,7.8,2024-02-27,7.136458333333334,10.2,0.6635416666666663,0.6635416666666663
2024-03-02,8.175,2024-02-28,6.860416666666666,9.825,1.314583333333335,1.314583333333335
2024-03-03,9.125,2024-02-29,7.753125000000001,8.875,1.3718749999999993,1.3718749999999993
2024-03-04,8.0,2024-03-01,7.265625,10.0,0.734375,0.734375
2024-03-05,7.25,2024-03-02,7.580208333333333,10.75,-0.3302083333333332,0.3302083333333332
2024-03-06,8.149999999999999,2024-03-03,7.685416666666667,9.850000000000001,0.4645833333333318,0.4645833333333318
2024-03-07,7.225,2024-03-04,7.758333333333334,10.775,-0.5333333333333341,0.5333333333333341
2024-03-08,7.15,2024-03-05,7.30625,10.85,-0.15625,0.15625
2024-03-09,9.0,2024-03-06,8.663541666666667,9.0,0.33645833333333286,0.33645833333333286
2024-03-10,9.65,2024-03-07,8.860416666666666,8.35,0.7895833333333346,0.7895833333333346
2024-03-11,8.475,2024-03-08,7.751041666666666,9.525,0.7239583333333339,0.7239583333333339
2024-03-12,8.825,2024-03-09,8.403125,9.175,0.421875,0.421875
2024-03-13,10.600000000000001,2024-03-10,10.165625,7.399999999999999,0.43437500000000107,0.43437500000000107
2024-03-14,12.575,2024-03-11,12.173958333333333,5.425000000000001,0.4010416666666661,0.4010416666666661
2024-03-15,12.675,2024-03-12,12.057291666666666,5.324999999999999,0.6177083333333346,0.6177083333333346
2024-03-16,10.4,2024-03-13,9.770833333333334,7.6,0.6291666666666664,0.6291666666666664
2024-03-17,10.675,2024-03-14,10.066666666666666,7.324999999999999,0.6083333333333343,0.6083333333333343
2024-03-18,11.8,2024-03-15,11.428125000000001,6.199999999999999,0.3718749999999993,0.3718749999999993
2024-03-19,12.75,2024-03-16,12.489583333333332,5.25,0.26041666666666785,0.26041666666666785
2024-03-20,13.675,2024-03-17,13.247916666666667,4.324999999999999,0.4270833333333339,0.4270833333333339
2024-03-21,12.35,2024-03-18,11.66875,5.65,0.6812500000000004,0.6812500000000004
2024-03-22,11.75,2024-03-19,13.111458333333333,6.25,-1.3614583333333332,1.3614583333333332
2024-03-23,7.85,2024-03-20,7.591666666666667,10.15,0.25833333333333286,0.25833333333333286
2024-03-24,7.15,2024-03-21,6.8125,10.85,0.33750000000000036,0.33750000000000036
2024-03-25,8.375,2024-03-22,7.808333333333334,9.625,0.5666666666666664,0.5666666666666664
2024-03-26,9.525,2024-03-23,8.485416666666667,8.475,1.0395833333333329,1.0395833333333329
2024-03-27,9.425,2024-03-24,9.272916666666667,8.575,0.15208333333333357,0.15208333333333357
2024-03-28,9.125,2024-03-25,8.3625,8.875,0.7624999999999993,0.7624999999999993
2024-03-29,10.3,2024-03-26,9.359375,7.699999999999999,0.9406250000000007,0.9406250000000007
2024-03-30,9.7,2024-03-27,10.275,8.3,-0.5750000000000011,0.5750000000000011
2024-03-31,11.025,2024-03-28,10.761458333333334,6.975,0.2635416666666668,0.2635416666666668
2024-04-01,10.125,2024-03-29,9.839583333333334,7.875,0.28541666666666643,0.28541666666666643
2024-04-02,10.2,2024-03-30,10.142708333333335,7.800000000000001,0.0572916666666643,0.0572916666666643
2024-04-03,11.025,2024-03-31,10.251041666666667,6.975,0.7739583333333329,0.7739583333333329
2024-04-04,12.5,2024-04-01,11.311458333333333,5.5,1.1885416666666675,1.1885416666666675
2024-04-05,14.95,2024-04-02,14.370833333333334,3.0500000000000007,0.5791666666666657,0.5791666666666657
2024-04-06,18.7,2024-04-03,17.81041666666667,0.0,0.8895833333333307,0.8895833333333307
2024-04-07,16.95,2024-04-04,15.331249999999999,1.0500000000000007,1.6187500000000004,1.6187500000000004
2024-04-08,16.65,2024-04-05,14.705208333333333,1.3500000000000014,1.9447916666666654,1.9447916666666654
2024-04-09,11.45,2024-04-06,9.80625,6.550000000000001,1.643749999999999,1.643749999999999
2024-04-10,11.3,2024-04-07,10.411458333333334,6.699999999999999,0.8885416666666668,0.8885416666666668
2024-04-11,13.2,2024-04-08,12.987499999999999,4.800000000000001,0.21250000000000036,0.21250000000000036
2024-04-12,16.15,2024-04-09,15.982291666666667,1.8500000000000014,0.1677083333333318,0.1677083333333318
2024-04-13,17.9,2024-04-10,17.386458333333334,0.10000000000000142,0.513541666666665,0.513541666666665
2024-04-14,14.350000000000001,2024-04-11,13.061458333333334,3.6499999999999986,1.2885416666666671,1.2885416666666671
2024-04-15,10.15,2024-04-12,9.872916666666667,7.85,0.27708333333333357,0.27708333333333357
2024-04-16,8.25,2024-04-13,7.634375,9.75,0.6156249999999996,0.6156249999999996
2024-04-17,7.4,2024-04-14,6.701041666666667,10.6,0.6989583333333336,0.6989583333333336
2024-04-18,8.025,2024-04-15,8.316666666666666,9.975,-0.2916666666666661,0.2916666666666661
2024-04-19,8.125,2024-04-16,8.017708333333333,9.875,0.10729166666666679,0.10729166666666679
2024-04-20,7.4,2024-04-17,7.521875,10.6,-0.12187499999999929,0.12187499999999929
2024-04-21,6.85,2024-04-18,7.276041666666667,11.15,-0.4260416666666673,0.4260416666666673
2024-04-22,6.375,2024-04-19,6.903124999999999,11.625,-0.5281249999999993,0.5281249999999993
2024-04-23,6.525,2024-04-20,6.965624999999999,11.475,-0.44062499999999893,0.44062499999999893
2024-04-24,6.975,2024-04-21,6.722916666666666,11.025,0.2520833333333332,0.2520833333333332
2024-04-25,7.65,2024-04-22,7.375,10.35,0.27500000000000036,0.27500000000000036
2024-04-26,8.925,2024-04-23,9.907291666666666,9.075,-0.982291666666665,0.982291666666665
2024-04-27,12.05,2024-04-24,12.7,5.949999999999999,-0.6499999999999986,0.6499999999999986
2024-04-28,12.875,2024-04-25,13.176041666666666,5.125,-0.30104166666666643,0.30104166666666643
2024-04-29,13.825,2024-04-26,13.626041666666667,4.175000000000001,0.1989583333333318,0.1989583333333318
2024-04-30,16.525,2024-04-27,15.109375,1.4750000000000014,1.4156249999999986,1.4156249999999986
2024-05-01,18.25,2024-04-28,16.914583333333333,0.0,1.3354166666666671,1.3354166666666671
2024-05-02,15.7,2024-04-29,13.75,2.3000000000000007,1.9499999999999993,1.9499999999999993
2024-05-03,11.725,2024-04-30,12.320833333333333,6.275,-0.5958333333333332,0.5958333333333332
2024-05-04,11.95,2024-05-01,11.903125,6.050000000000001,0.046875,0.046875
2024-05-05,13.25,2024-05-02,12.542708333333334,4.75,0.7072916666666664,0.7072916666666664
2024-05-06,13.675,2024-05-03,12.660416666666666,4.324999999999999,1.0145833333333343,1.0145833333333343
2024-05-07,13.4,2024-05-04,12.914583333333333,4.6,0.4854166666666675,0.4854166666666675
2024-05-08,12.5,2024-05-05,13.305208333333333,5.5,-0.8052083333333329,0.8052083333333329
2024-05-09,14.600000000000001,2024-05-06,14.765625,3.3999999999999986,-0.16562499999999858,0.16562499999999858
2024-05-10,16.45,2024-05-07,16.395833333333336,1.5500000000000007,0.05416666666666359,0.05416666666666359
2024-05-11,17.975,2024-05-08,17.626041666666666,0.02499999999999858,0.3489583333333357,0.3489583333333357
2024-05-12,19.375,2024-05-09,18.969791666666666,0.0,0.4052083333333343,0.4052083333333343
2024-05-13,18.4,2024-05-10,16.808333333333334,0.0,1.591666666666665,1.591666666666665
2024-05-14,18.125,2024-05-11,16.584374999999998,0.0,1.5406250000000021,1.5406250000000021
2024-05-15,16.475,2024-05-12,14.757291666666665,1.5249999999999986,1.717708333333336,1.717708333333336
2024-05-16,15.725,2024-05-13,14.333333333333332,2.2750000000000004,1.3916666666666675,1.3916666666666675
2024-05-17,14.825,2024-05-14,13.976041666666667,3.1750000000000007,0.8489583333333321,0.8489583333333321
2024-05-18,15.7,2024-05-15,15.042708333333334,2.3000000000000007,0.6572916666666657,0.6572916666666657
2024-05-19,15.65,2024-05-16,15.094791666666667,2.3499999999999996,0.5552083333333329,0.5552083333333329
2024-05-20,16.299999999999997,2024-05-17,15.760416666666668,1.7000000000000028,0.5395833333333293,0.5395833333333293
2024-05-21,16.075,2024-05-18,16.791666666666664,1.9250000000000007,-0.716666666666665,0.716666666666665
2024-05-22,15.6,2024-05-19,15.111458333333333,2.4000000000000004,0.48854166666666643,0.48854166666666643
2024-05-23,15.375,2024-05-20,15.080208333333333,2.625,0.2947916666666668,0.2947916666666668
2024-05-24,14.3,2024-05-21,14.410416666666666,3.6999999999999993,-0.11041666666666572,0.11041666666666572
2024-05-25,15.375,2024-05-22,15.674999999999999,2.625,-0.29999999999999893,0.29999999999999893
2024-05-26,16.45,2024-05-23,16.973958333333336,1.5500000000000007,-0.5239583333333364,0.5239583333333364
2024-05-27,15.075,2024-05-24,15.01875,2.9250000000000007,0.05624999999999858,0.05624999999999858
2024-05-28,13.8,2024-05-25,14.39375,4.199999999999999,-0.59375,0.59375
2024-05-29,14.725,2024-05-26,13.688541666666666,3.2750000000000004,1.036458333333334,1.036458333333334
2024-05-30,14.25,2024-05-27,13.9125,3.75,0.33750000000000036,0.33750000000000036
2024-05-31,14.4,2024-05-28,13.988541666666666,3.5999999999999996,0.4114583333333339,0.4114583333333339
2024-06-01,14.5,2024-05-29,13.928125,3.5,0.5718750000000004,0.5718750000000004
2024-06-02,15.25,2024-05-30,15.18125,2.75,0.06874999999999964,0.06874999999999964
2024-06-03,15.025,2024-05-31,15.339583333333334,2.9749999999999996,-0.3145833333333332,0.3145833333333332
2024-06-04,17.1,2024-06-01,16.811458333333334,0.8999999999999986,0.28854166666666714,0.28854166666666714
2024-06-05,14.975,2024-06-02,14.980208333333334,3.0250000000000004,-0.0052083333333339255,0.0052083333333339255
2024-06-06,14.8,2024-06-03,14.966666666666669,3.1999999999999993,-0.16666666666666785,0.16666666666666785
2024-06-07,15.75,2024-06-04,15.657291666666666,2.25,0.09270833333333428,0.09270833333333428
2024-06-08,15.975,2024-06-05,15.513541666666667,2.0250000000000004,0.46145833333333286,0.46145833333333286
2024-06-09,15.375,2024-06-06,15.088541666666666,2.625,0.2864583333333339,0.2864583333333339
2024-06-10,12.8,2024-06-07,13.697916666666666,5.199999999999999,-0.8979166666666654,0.8979166666666654
2024-06-11,12.575,2024-06-08,13.130208333333334,5.425000000000001,-0.5552083333333346,0.5552083333333346
2024-06-12,12.8,2024-06-09,12.920833333333333,5.199999999999999,-0.1208333333333318,0.1208333333333318
2024-06-13,14.85,2024-06-10,14.814583333333331,3.1500000000000004,0.035416666666668206,0.035416666666668206
2024-06-14,14.85,2024-06-11,15.548958333333333,3.1500000000000004,-0.6989583333333336,0.6989583333333336
2024-06-15,14.75,2024-06-12,15.229166666666666,3.25,-0.4791666666666661,0.4791666666666661
2024-06-16,14.9,2024-06-13,15.337499999999999,3.0999999999999996,-0.4374999999999982,0.4374999999999982
2024-06-17,16.7,2024-06-14,16.655208333333334,1.3000000000000007,0.04479166666666501,0.04479166666666501
2024-06-18,17.8,2024-06-15,18.128125,0.1999999999999993,-0.328125,0.328125
2024-06-19,16.6,2024-06-16,17.201041666666665,1.3999999999999986,-0.6010416666666636,0.6010416666666636
2024-06-20,17.0,2024-06-17,17.751041666666666,1.0,-0.7510416666666657,0.7510416666666657
2024-06-21,16.575,2024-06-18,17.121875,1.4250000000000007,-0.546875,0.546875
2024-06-22,16.15,2024-06-19,15.580208333333331,1.8500000000000014,0.5697916666666671,0.5697916666666671
2024-06-23,18.55,2024-06-20,17.68541666666667,0.0,0.8645833333333321,0.8645833333333321
2024-06-24,20.725,2024-06-21,19.84166666666667,0.0,0.8833333333333329,0.8833333333333329
2024-06-25,22.575,2024-06-22,22.09166666666667,0.0,0.48333333333333073,0.48333333333333073
2024-06-26,24.375,2024-06-23,23.575,0.0,0.8000000000000007,0.8000000000000007
2024-06-27,23.55,2024-06-24,23.570833333333333,0.0,-0.02083333333333215,0.02083333333333215
2024-06-28,19.35,2024-06-25,19.27916666666667,0.0,0.07083333333333286,0.07083333333333286
2024-06-29,20.1,2024-06-26,19.336458333333333,0.0,0.7635416666666686,0.7635416666666686
2024-06-30,18.0,2024-06-27,16.90833333333333,0.0,1.0916666666666686,1.0916666666666686
2024-07-01,16.4,2024-06-28,16.6125,1.6000000000000014,-0.21250000000000213,0.21250000000000213
2024-07-02,15.125,2024-06-29,15.880208333333332,2.875,-0.7552083333333321,0.7552083333333321
2024-07-03,14.399999999999999,2024-06-30,13.709375,3.6000000000000014,0.6906249999999989,0.6906249999999989
2024-07-04,16.575000000000003,2024-07-01,15.746875,1.4249999999999972,0.8281250000000036,0.8281250000000036
2024-07-05,17.075,2024-07-02,17.089583333333334,0.9250000000000007,-0.01458333333333428,0.01458333333333428
2024-07-06,17.35,2024-07-03,17.852083333333333,0.6499999999999986,-0.5020833333333314,0.5020833333333314
2024-07-07,15.925,2024-07-04,16.451041666666665,2.0749999999999993,-0.5260416666666643,0.5260416666666643
2024-07-08,18.4,2024-07-05,18.657291666666666,0.0,-0.25729166666666714,0.25729166666666714
2024-07-09,22.0,2024-07-06,22.1125,0.0,-0.11250000000000071,0.11250000000000071
2024-07-10,20.625,2024-07-07,20.558333333333334,0.0,0.06666666666666643,0.06666666666666643
2024-07-11,19.6,2024-07-08,20.213541666666668,0.0,-0.6135416666666664,0.6135416666666664
2024-07-12,16.225,2024-07-09,18.91875,1.7749999999999986,-2.693749999999998,2.693749999999998
2024-07-13,16.450000000000003,2024-07-10,16.255208333333332,1.5499999999999972,0.1947916666666707,0.1947916666666707
2024-07-14,18.225,2024-07-11,18.36145833333333,0.0,-0.13645833333333002,0.13645833333333002
2024-07-15,20.799999999999997,2024-07-12,19.738541666666666,0.0,1.0614583333333307,1.0614583333333307
2024-07-16,18.425,2024-07-13,19.266666666666666,0.0,-0.841666666666665,0.841666666666665
2024-07-17,19.7,2024-07-14,19.5875,0.0,0.11250000000000071,0.11250000000000071
2024-07-18,21.95,2024-07-15,21.53333333333333,0.0,0.41666666666666785,0.41666666666666785
2024-07-19,24.675,2024-07-16,23.984375,0.0,0.6906250000000007,0.6906250000000007
2024-07-20,25.075,2024-07-17,25.409374999999997,0.0,-0.33437499999999787,0.33437499999999787
2024-07-21,21.8,2024-07-18,20.65,0.0,1.1500000000000021,1.1500000000000021
2024-07-22,20.375,2024-07-19,20.195833333333333,0.0,0.17916666666666714,0.17916666666666714
2024-07-23,19.6,2024-07-20,19.832291666666666,0.0,-0.232291666666665,0.232291666666665
2024-07-24,19.4,2024-07-21,19.107291666666665,0.0,0.29270833333333357,0.29270833333333357
2024-07-25,20.575,2024-07-22,20.875,0.0,-0.3000000000000007,0.3000000000000007
2024-07-26,20.0,2024-07-23,20.69895833333333,0.0,-0.69895833333333,0.69895833333333
2024-07-27,18.725,2024-07-24,18.183333333333334,0.0,0.5416666666666679,0.5416666666666679
2024-07-28,19.6,2024-07-25,19.248958333333334,0.0,0.35104166666666714,0.35104166666666714
2024-07-29,21.925,2024-07-26,21.56875,0.0,0.3562499999999993,0.3562499999999993
2024-07-30,25.4,2024-07-27,23.970833333333335,0.0,1.4291666666666636,1.4291666666666636
2024-07-31,24.175,2024-07-28,23.246875,0.0,0.9281250000000014,0.9281250000000014
2024-08-01,22.15,2024-07-29,22.063541666666666,0.0,0.08645833333333286,0.08645833333333286
2024-08-02,22.125,2024-07-30,22.012500000000003,0.0,0.11249999999999716,0.11249999999999716
2024-08-03,20.799999999999997,2024-07-31,21.078125,0.0,-0.27812500000000284,0.27812500000000284
2024-08-04,19.225,2024-08-01,19.952083333333334,0.0,-0.7270833333333329,0.7270833333333329
2024-08-05,21.5,2024-08-02,21.663541666666667,0.0,-0.16354166666666714,0.16354166666666714
2024-08-06,23.4,2024-08-03,23.82604166666667,0.0,-0.42604166666667,0.42604166666667
2024-08-07,20.85,2024-08-04,21.039583333333333,0.0,-0.18958333333333144,0.18958333333333144
2024-08-08,21.5,2024-08-05,21.155208333333334,0.0,0.3447916666666657,0.3447916666666657
2024-08-09,21.75,2024-08-06,21.698958333333334,0.0,0.05104166666666643,0.05104166666666643
2024-08-10,22.1,2024-08-07,21.984375,0.0,0.11562500000000142,0.11562500000000142
2024-08-11,23.725,2024-08-08,23.557291666666668,0.0,0.16770833333333357,0.16770833333333357
2024-08-12,26.875,2024-08-09,26.366666666666667,0.0,0.5083333333333329,0.5083333333333329
2024-08-13,25.05,2024-08-10,24.73125,0.0,0.3187500000000014,0.3187500000000014
2024-08-14,22.45,2024-08-11,21.571875,0.0,0.8781250000000007,0.8781250000000007
2024-08-15,22.575,2024-08-12,23.204166666666666,0.0,-0.6291666666666664,0.6291666666666664
2024-08-16,21.7,2024-08-13,21.745833333333334,0.0,-0.04583333333333428,0.04583333333333428
2024-08-17,21.0,2024-08-14,21.692708333333332,0.0,-0.6927083333333321,0.6927083333333321
2024-08-18,19.1,2024-08-15,19.140625,0.0,-0.04062499999999858,0.04062499999999858
2024-08-19,19.575,2024-08-16,19.796875,0.0,-0.2218750000000007,0.2218750000000007
2024-08-20,19.475,2024-08-17,20.535416666666666,0.0,-1.060416666666665,1.060416666666665
2024-08-21,17.875,2024-08-18,17.33125,0.125,0.5437499999999993,0.5437499999999993
2024-08-22,19.625,2024-08-19,19.5,0.0,0.125,0.125
2024-08-23,20.799999999999997,2024-08-20,21.389583333333334,0.0,-0.5895833333333371,0.5895833333333371
2024-08-24,21.975,2024-08-21,20.623958333333334,0.0,1.3510416666666671,1.3510416666666671
2024-08-25,18.0,2024-08-22,18.081249999999997,0.0,-0.08124999999999716,0.08124999999999716
2024-08-26,18.8,2024-08-23,18.819791666666667,0.0,-0.01979166666666643,0.01979166666666643
2024-08-27,20.75,2024-08-24,21.090625000000003,0.0,-0.34062500000000284,0.34062500000000284
2024-08-28,23.925,2024-08-25,23.759375,0.0,0.16562500000000213,0.16562500000000213
2024-08-29,22.9,2024-08-26,24.011458333333334,0.0,-1.111458333333335,1.111458333333335
2024-08-30,19.75,2024-08-27,18.802083333333332,0.0,0.9479166666666679,0.9479166666666679
2024-08-31,21.05,2024-08-28,20.6625,0.0,0.3874999999999993,0.3874999999999993
2024-09-01,24.275,2024-08-29,23.697916666666664,0.0,0.5770833333333343,0.5770833333333343
2024-09-02,23.55,2024-08-30,23.663541666666667,0.0,-0.11354166666666643,0.11354166666666643
2024-09-03,21.175,2024-08-31,21.33125,0.0,-0.15625,0.15625
2024-09-04,19.725,2024-09-01,19.56458333333333,0.0,0.16041666666666998,0.16041666666666998
2024-09-05,20.55,2024-09-02,18.532291666666666,0.0,2.017708333333335,2.017708333333335
2024-09-06,20.125,2024-09-03,19.26354166666667,0.0,0.8614583333333314,0.8614583333333314
2024-09-07,21.15,2024-09-04,21.007291666666667,0.0,0.14270833333333144,0.14270833333333144
2024-09-08,19.025,2024-09-05,18.728125,0.0,0.296875,0.296875
2024-09-09,16.7,2024-09-06,17.15625,1.3000000000000007,-0.4562500000000007,0.4562500000000007
2024-09-10,15.799999999999999,2024-09-07,15.980208333333334,2.200000000000001,-0.18020833333333464,0.18020833333333464
2024-09-11,13.350000000000001,2024-09-08,13.08125,4.649999999999999,0.2687500000000007,0.2687500000000007
2024-09-12,11.9,2024-09-09,11.966666666666667,6.1,-0.06666666666666643,0.06666666666666643
2024-09-13,12.675,2024-09-10,12.584375,5.324999999999999,0.09062500000000107,0.09062500000000107
2024-09-14,13.725,2024-09-11,13.744791666666668,4.275,-0.019791666666668206,0.019791666666668206
2024-09-15,14.875,2024-09-12,14.602083333333333,3.125,0.27291666666666714,0.27291666666666714
2024-09-16,15.9,2024-09-13,15.95,2.0999999999999996,-0.049999999999998934,0.049999999999998934
2024-09-17,17.125,2024-09-14,16.690625,0.875,0.4343749999999993,0.4343749999999993
2024-09-18,18.825000000000003,2024-09-15,19.241666666666667,0.0,-0.4166666666666643,0.4166666666666643
2024-09-19,19.35,2024-09-16,19.839583333333334,0.0,-0.48958333333333215,0.48958333333333215
2024-09-20,18.825,2024-09-17,18.823958333333334,0.0,0.0010416666666657193,0.0010416666666657193
2024-09-21,19.45,2024-09-18,18.778125,0.0,0.671875,0.671875
2024-09-22,18.975,2024-09-19,18.065625,0.0,0.9093750000000007,0.9093750000000007
2024-09-23,16.7,2024-09-20,16.425,1.3000000000000007,0.2749999999999986,0.2749999999999986
2024-09-24,14.95,2024-09-21,14.721875,3.0500000000000007,0.22812499999999858,0.22812499999999858
2024-09-25,15.025,2024-09-22,14.830208333333333,2.9749999999999996,0.19479166666666714,0.19479166666666714
2024-09-26,15.975000000000001,2024-09-23,15.591666666666669,2.0249999999999986,0.38333333333333286,0.38333333333333286
2024-09-27,13.525,2024-09-24,13.78125,4.475,-0.25624999999999964,0.25624999999999964
2024-09-28,11.925,2024-09-25,11.844791666666666,6.074999999999999,0.08020833333333499,0.08020833333333499
2024-09-29,11.4,2024-09-26,11.835416666666667,6.6,-0.4354166666666668,0.4354166666666668
2024-09-30,13.05,2024-09-27,12.826041666666667,4.949999999999999,0.22395833333333393,0.22395833333333393
2024-10-01,14.0,2024-09-28,13.829166666666666,4.0,0.17083333333333428,0.17083333333333428
2024-10-02,13.0,2024-09-29,13.372916666666667,5.0,-0.3729166666666668,0.3729166666666668
2024-10-03,11.95,2024-09-30,11.973958333333334,6.050000000000001,-0.023958333333334636,0.023958333333334636
2024-10-04,11.8,2024-10-01,12.336458333333333,6.199999999999999,-0.5364583333333321,0.5364583333333321
2024-10-05,12.0,2024-10-02,11.698958333333334,6.0,0.30104166666666643,0.30104166666666643
2024-10-06,12.525,2024-10-03,12.071874999999999,5.475,0.4531250000000018,0.4531250000000018
2024-10-07,15.45,2024-10-04,14.44375,2.5500000000000007,1.0062499999999996,1.0062499999999996
2024-10-08,15.525,2024-10-05,15.116666666666665,2.4749999999999996,0.408333333333335,0.408333333333335
2024-10-09,13.95,2024-10-06,13.816666666666666,4.050000000000001,0.13333333333333286,0.13333333333333286
2024-10-10,12.875,2024-10-07,12.137500000000001,5.125,0.7374999999999989,0.7374999999999989
2024-10-11,10.625,2024-10-08,10.34375,7.375,0.28125,0.28125
2024-10-12,10.925,2024-10-09,10.992708333333333,7.074999999999999,-0.06770833333333215,0.06770833333333215
2024-10-13,11.575,2024-10-10,11.713541666666666,6.425000000000001,-0.13854166666666679,0.13854166666666679
2024-10-14,10.9,2024-10-11,11.39375,7.1,-0.49375000000000036,0.49375000000000036
2024-10-15,12.475,2024-10-12,11.565625,5.525,0.9093749999999989,0.9093749999999989
2024-10-16,16.7,2024-10-13,15.938541666666666,1.3000000000000007,0.7614583333333336,0.7614583333333336
2024-10-17,16.6,2024-10-14,16.66979166666667,1.3999999999999986,-0.06979166666666714,0.06979166666666714
2024-10-18,15.2,2024-10-15,15.990625,2.8000000000000007,-0.7906250000000004,0.7906250000000004
2024-10-19,14.6,2024-10-16,13.975,3.4000000000000004,0.625,0.625
2024-10-20,15.3,2024-10-17,14.473958333333334,2.6999999999999993,0.8260416666666668,0.8260416666666668
2024-10-21,15.575,2024-10-18,15.647916666666667,2.4250000000000007,-0.07291666666666785,0.07291666666666785
2024-10-22,13.575,2024-10-19,13.141666666666667,4.425000000000001,0.4333333333333318,0.4333333333333318
2024-10-23,12.8,2024-10-20,12.440625,5.199999999999999,0.359375,0.359375
2024-10-24,12.425,2024-10-21,13.554166666666667,5.574999999999999,-1.1291666666666664,1.1291666666666664
2024-10-25,14.675,2024-10-22,14.25625,3.3249999999999993,0.41875000000000107,0.41875000000000107
2024-10-26,15.1,2024-10-23,14.904166666666667,2.9000000000000004,0.19583333333333286,0.19583333333333286
2024-10-27,14.275,2024-10-24,14.184375000000001,3.7249999999999996,0.09062499999999929,0.09062499999999929
2024-10-28,13.9,2024-10-25,14.155208333333333,4.1,-0.25520833333333215,0.25520833333333215
2024-10-29,13.700000000000001,2024-10-26,14.134375,4.299999999999999,-0.4343749999999993,0.4343749999999993
2024-10-30,13.125,2024-10-27,13.960416666666667,4.875,-0.8354166666666671,0.8354166666666671
2024-10-31,12.275,2024-10-28,13.119791666666666,5.725,-0.8447916666666657,0.8447916666666657
2024-11-01,11.65,2024-10-29,12.943750000000001,6.35,-1.293750000000001,1.293750000000001
2024-11-02,11.025,2024-10-30,11.292708333333334,6.975,-0.2677083333333332,0.2677083333333332
2024-11-03,9.35,2024-10-31,9.172916666666667,8.65,0.17708333333333215,0.17708333333333215
2024-11-04,9.6,2024-11-01,10.135416666666666,8.4,-0.5354166666666664,0.5354166666666664
2024-11-05,9.45,2024-11-02,10.7625,8.55,-1.3125,1.3125
2024-11-06,9.225,2024-11-03,11.6,8.775,-2.375,2.375
2024-11-07,8.125,2024-11-04,10.411458333333334,9.875,-2.286458333333334,2.286458333333334
2024-11-08,6.675,2024-11-05,10.21875,11.325,-3.54375,3.54375
2024-11-09,8.65,2024-11-06,10.519791666666666,9.35,-1.869791666666666,1.869791666666666
2024-11-10,9.4,2024-11-07,10.616666666666667,8.6,-1.2166666666666668,1.2166666666666668
2024-11-11,9.3,2024-11-08,10.284375,8.7,-0.984375,0.984375
2024-11-12,8.7,2024-11-09,9.004166666666666,9.3,-0.30416666666666714,0.30416666666666714
2024-11-13,8.35,2024-11-10,8.711458333333333,9.65,-0.3614583333333332,0.3614583333333332
2024-11-14,9.5,2024-11-11,9.357291666666665,8.5,0.142708333333335,0.142708333333335
2024-11-15,9.35,2024-11-12,9.388541666666667,8.65,-0.03854166666666714,0.03854166666666714
2024-11-16,8.125,2024-11-13,8.014583333333333,9.875,0.1104166666666675,0.1104166666666675
2024-11-17,8.025,2024-11-14,7.342708333333333,9.975,0.682291666666667,0.682291666666667
2024-11-18,7.7,2024-11-15,6.292708333333334,10.3,1.4072916666666666,1.4072916666666666
2024-11-19,7.975,2024-11-16,7.035416666666666,10.025,0.9395833333333332,0.9395833333333332
2024-11-20,4.575,2024-11-17,4.213541666666666,13.425,0.3614583333333341,0.3614583333333341
2024-11-21,2.475,2024-11-18,2.752083333333333,15.525,-0.2770833333333331,0.2770833333333331
2024-11-22,3.175,2024-11-19,3.253125,14.825,-0.078125,0.078125
2024-11-23,4.975,2024-11-20,4.033333333333333,13.025,0.9416666666666664,0.9416666666666664
2024-11-24,13.475,2024-11-21,10.765625,4.525,2.7093749999999996,2.7093749999999996
2024-11-25,12.65,2024-11-22,11.410416666666666,5.35,1.239583333333334,1.239583333333334
2024-11-26,9.075,2024-11-23,8.4625,8.925,0.6124999999999989,0.6124999999999989
2024-11-27,9.125,2024-11-24,8.571875,8.875,0.5531249999999996,0.5531249999999996
2024-11-28,7.45,2024-11-25,6.89375,10.55,0.5562500000000004,0.5562500000000004
2024-11-29,5.4,2024-11-26,5.266666666666667,12.6,0.13333333333333375,0.13333333333333375
2024-11-30,5.05,2024-11-27,4.897916666666667,12.95,0.15208333333333268,0.15208333333333268
2024-12-01,6.05,2024-11-28,5.714583333333334,11.95,0.33541666666666625,0.33541666666666625
2024-12-02,8.275,2024-11-29,8.540624999999999,9.725,-0.2656249999999982,0.2656249999999982
2024-12-03,6.85,2024-11-30,6.0,11.15,0.8499999999999996,0.8499999999999996
2024-12-04,5.3,2024-12-01,4.446875,12.7,0.8531249999999995,0.8531249999999995
2024-12-05,6.1,2024-12-02,5.68125,11.9,0.4187499999999993,0.4187499999999993
2024-12-06,8.4,2024-12-03,8.760416666666668,9.6,-0.3604166666666675,0.3604166666666675
2024-12-07,8.025,2024-12-04,8.180208333333333,9.975,-0.1552083333333325,0.1552083333333325
2024-12-08,6.95,2024-12-05,6.252083333333333,11.05,0.697916666666667,0.697916666666667
2024-12-09,5.525,2024-12-06,4.865625,12.475,0.6593750000000007,0.6593750000000007
2024-12-10,5.125,2024-12-07,4.8843749999999995,12.875,0.24062500000000053,0.24062500000000053
2024-12-11,4.15,2024-12-08,4.0625,13.85,0.08750000000000036,0.08750000000000036
2024-12-12,3.6,2024-12-09,3.760416666666667,14.4,-0.16041666666666687,0.16041666666666687
2024-12-13,1.9749999999999999,2024-12-10,3.0,16.025,-1.0250000000000001,1.0250000000000001
2024-12-14,3.4,2024-12-11,4.345833333333333,14.6,-0.9458333333333333,0.9458333333333333
2024-12-15,6.55,2024-12-12,6.251041666666667,11.45,0.2989583333333332,0.2989583333333332
2024-12-16,9.375,2024-12-13,9.092708333333334,8.625,0.2822916666666657,0.2822916666666657
2024-12-17,7.6000000000000005,2024-12-14,7.90625,10.399999999999999,-0.30624999999999947,0.30624999999999947
2024-12-18,10.225,2024-12-15,10.34375,7.775,-0.11875000000000036,0.11875000000000036
2024-12-19,9.2,2024-12-16,8.378125,8.8,0.8218749999999986,0.8218749999999986
2024-12-20,5.925,2024-12-17,5.346875,12.075,0.578125,0.578125
2024-12-21,7.925,2024-12-18,7.35625,10.075,0.5687499999999996,0.5687499999999996
2024-12-22,6.65,2024-12-19,6.457291666666666,11.35,0.19270833333333393,0.19270833333333393
2024-12-23,6.0,2024-12-20,5.458333333333334,12.0,0.5416666666666661,0.5416666666666661
2024-12-24,5.95,2024-12-21,4.811458333333333,12.05,1.1385416666666668,1.1385416666666668
2024-12-25,8.2,2024-12-22,7.114583333333333,9.8,1.0854166666666663,1.0854166666666663
2024-12-26,7.225,2024-12-23,6.78125,10.775,0.44374999999999964,0.44374999999999964
2024-12-27,4.85,2024-12-24,6.719791666666667,13.15,-1.869791666666667,1.869791666666667
2024-12-28,3.175,2024-12-25,5.066666666666666,14.825,-1.8916666666666666,1.8916666666666666
2024-12-29,3.5999999999999996,2024-12-26,4.564583333333333,14.4,-0.9645833333333336,0.9645833333333336
2024-12-30,4.2,2024-12-27,5.475,13.8,-1.2749999999999995,1.2749999999999995
2024-12-31,3.475,2024-12-28,5.2906249999999995,14.525,-1.8156249999999994,1.8156249999999994
2025-01-01,6.75,2024-12-29,7.328125,11.25,-0.578125,0.578125
2025-01-02,4.45,2024-12-30,4.953125,13.55,-0.5031249999999998,0.5031249999999998
2025-01-03,2.575,2024-12-31,2.4604166666666667,15.425,0.11458333333333348,0.11458333333333348
2025-01-04,1.725,2025-01-01,1.8072916666666665,16.275,-0.08229166666666643,0.08229166666666643
2025-01-05,6.3,2025-01-02,8.213541666666666,11.7,-1.9135416666666663,1.9135416666666663
2025-01-06,9.35,2025-01-03,9.40625,8.65,-0.056250000000000355,0.056250000000000355
2025-01-07,5.025,2025-01-04,4.304166666666666,12.975,0.7208333333333341,0.7208333333333341
2025-01-08,4.2,2025-01-05,3.3895833333333334,13.8,0.8104166666666668,0.8104166666666668
2025-01-09,4.075,2025-01-06,3.515625,13.925,0.5593750000000002,0.5593750000000002
2025-01-10,2.0749999999999997,2025-01-07,1.8677083333333333,15.925,0.20729166666666643,0.20729166666666643
2025-01-11,1.05,2025-01-08,0.8937499999999999,16.95,0.1562500000000001,0.1562500000000001
2025-01-12,1.875,2025-01-09,2.0687499999999996,16.125,-0.19374999999999964,0.19374999999999964
2025-01-13,0.475,2025-01-10,0.775,17.525,-0.30000000000000004,0.30000000000000004
2025-01-14,1.425,2025-01-11,1.4260416666666664,16.575,-0.0010416666666663854,0.0010416666666663854
2025-01-15,3.85,2025-01-12,4.514583333333333,14.15,-0.6645833333333333,0.6645833333333333
2025-01-16,3.15,2025-01-13,3.9489583333333336,14.85,-0.7989583333333337,0.7989583333333337
2025-01-17,1.525,2025-01-14,2.738541666666667,16.475,-1.213541666666667,1.213541666666667
2025-01-18,0.85,2025-01-15,2.3760416666666666,17.15,-1.5260416666666665,1.5260416666666665
2025-01-19,0.75,2025-01-16,1.7760416666666665,17.25,-1.0260416666666665,1.0260416666666665
2025-01-20,0.925,2025-01-17,2.48125,17.075,-1.5562500000000001,1.5562500000000001
2025-01-21,1.825,2025-01-18,3.0635416666666666,16.175,-1.2385416666666667,1.2385416666666667
2025-01-22,3.45,2025-01-19,4.20625,14.55,-0.7562499999999996,0.7562499999999996
2025-01-23,5.65,2025-01-20,5.971875000000001,12.35,-0.32187500000000036,0.32187500000000036
2025-01-24,7.95,2025-01-21,7.739583333333334,10.05,0.21041666666666625,0.21041666666666625
2025-01-25,7.575,2025-01-22,5.831250000000001,10.425,1.7437499999999995,1.7437499999999995
2025-01-26,5.7,2025-01-23,4.844791666666667,12.3,0.8552083333333336,0.8552083333333336
2025-01-27,9.75,2025-01-24,7.885416666666666,8.25,1.864583333333334,1.864583333333334
2025-01-28,8.3,2025-01-25,6.982291666666667,9.7,1.317708333333334,1.317708333333334
2025-01-29,7.6,2025-01-26,6.561458333333333,10.4,1.0385416666666663,1.0385416666666663
2025-01-30,6.125,2025-01-27,6.129166666666666,11.875,-0.00416666666666643,0.00416666666666643
2025-01-31,3.975,2025-01-28,4.3375,14.025,-0.36250000000000027,0.36250000000000027
2025-02-01,3.075,2025-01-29,3.111458333333333,14.925,-0.03645833333333304,0.03645833333333304
2025-02-02,2.3000000000000003,2025-01-30,2.8645833333333335,15.7,-0.5645833333333332,0.5645833333333332
2025-02-03,2.65,2025-01-31,3.0791666666666666,15.35,-0.4291666666666667,0.4291666666666667
2025-02-04,3.1500000000000004,2025-02-01,4.002083333333333,14.85,-0.8520833333333329,0.8520833333333329
2025-02-05,4.55,2025-02-02,5.414583333333333,13.45,-0.864583333333333,0.864583333333333
2025-02-06,3.8499999999999996,2025-02-03,4.275,14.15,-0.4250000000000007,0.4250000000000007
2025-02-07,3.85,2025-02-04,2.7104166666666667,14.15,1.1395833333333334,1.1395833333333334
2025-02-08,5.075,2025-02-05,4.005208333333334,12.925,1.0697916666666663,1.0697916666666663
2025-02-09,4.5,2025-02-06,4.229166666666666,13.5,0.2708333333333339,0.2708333333333339
2025-02-10,3.7,2025-02-07,3.7,14.3,0.0,0.0
2025-02-11,4.275,2025-02-08,4.058333333333334,13.725,0.21666666666666679,0.21666666666666679
2025-02-12,3.975,2025-02-09,4.219791666666667,14.025,-0.24479166666666652,0.24479166666666652
2025-02-13,2.75,2025-02-10,2.8708333333333336,15.25,-0.12083333333333357,0.12083333333333357
2025-02-14,1.4,2025-02-11,1.91875,16.6,-0.51875,0.51875
2025-02-15,1.35,2025-02-12,1.8854166666666665,16.65,-0.5354166666666664,0.5354166666666664
2025-02-16,1.375,2025-02-13,2.3375,16.625,-0.9624999999999999,0.9624999999999999
2025-02-17,0.75,2025-02-14,2.4770833333333333,17.25,-1.7270833333333333,1.7270833333333333
2025-02-18,1.1749999999999998,2025-02-15,2.7041666666666666,16.825,-1.5291666666666668,1.5291666666666668
2025-02-19,2.6750000000000003,2025-02-16,3.1010416666666667,15.325,-0.42604166666666643,0.42604166666666643
2025-02-20,6.7749999999999995,2025-02-17,7.059374999999999,11.225000000000001,-0.2843749999999998,0.2843749999999998
2025-02-21,11.85,2025-02-18,11.007291666666667,6.15,0.8427083333333325,0.8427083333333325
2025-02-22,10.3,2025-02-19,9.613541666666666,7.699999999999999,0.6864583333333343,0.6864583333333343
2025-02-23,9.85,2025-02-20,9.4125,8.15,0.4375,0.4375
2025-02-24,10.325,2025-02-21,9.684375,7.675000000000001,0.640625,0.640625
2025-02-25,8.475,2025-02-22,8.352083333333333,9.525,0.12291666666666679,0.12291666666666679
2025-02-26,7.325,2025-02-23,7.295833333333333,10.675,0.029166666666666785,0.029166666666666785
2025-02-27,6.15,2025-02-24,5.515625,11.85,0.6343750000000004,0.6343750000000004
2025-02-28,5.475,2025-02-25,5.751041666666667,12.525,-0.27604166666666696,0.27604166666666696
2025-03-01,4.7,2025-02-26,5.188541666666667,13.3,-0.48854166666666643,0.48854166666666643
2025-03-02,5.2,2025-02-27,5.65,12.8,-0.4500000000000002,0.4500000000000002
2025-03-03,6.125,2025-02-28,5.841666666666667,11.875,0.2833333333333332,0.2833333333333332
2025-03-04,7.325,2025-03-01,7.091666666666667,10.675,0.2333333333333334,0.2333333333333334
2025-03-05,9.25,2025-03-02,8.520833333333334,8.75,0.7291666666666661,0.7291666666666661
2025-03-06,10.825,2025-03-03,9.913541666666667,7.175000000000001,0.9114583333333321,0.9114583333333321
2025-03-07,11.875,2025-03-04,11.21875,6.125,0.65625,0.65625
2025-03-08,12.5,2025-03-05,11.526041666666666,5.5,0.9739583333333339,0.9739583333333339
2025-03-09,12.5,2025-03-06,11.811458333333334,5.5,0.6885416666666657,0.6885416666666657
2025-03-10,11.55,2025-03-07,10.783333333333333,6.449999999999999,0.7666666666666675,0.7666666666666675
2025-03-11,8.375,2025-03-08,8.192708333333334,9.625,0.18229166666666607,0.18229166666666607
2025-03-12,6.025,2025-03-09,6.092708333333334,11.975,-0.06770833333333393,0.06770833333333393
2025-03-13,5.025,2025-03-10,5.035416666666666,12.975,-0.010416666666666075,0.010416666666666075
2025-03-14,4.35,2025-03-11,4.59375,13.65,-0.24375000000000036,0.24375000000000036
2025-03-15,4.3,2025-03-12,4.765625,13.7,-0.4656250000000002,0.4656250000000002
2025-03-16,5.425,2025-03-13,5.382291666666666,12.575,0.04270833333333357,0.04270833333333357
2025-03-17,6.025,2025-03-14,5.970833333333333,11.975,0.05416666666666714,0.05416666666666714
2025-03-18,6.199999999999999,2025-03-15,6.220833333333333,11.8,-0.020833333333333925,0.020833333333333925
2025-03-19,9.6,2025-03-16,8.897916666666667,8.4,0.7020833333333325,0.7020833333333325
2025-03-20,12.325,2025-03-17,11.25,5.675000000000001,1.0749999999999993,1.0749999999999993
2025-03-21,14.475,2025-03-18,13.302083333333334,3.5250000000000004,1.1729166666666657,1.1729166666666657
2025-03-22,14.075,2025-03-19,12.831249999999999,3.9250000000000007,1.2437500000000004,1.2437500000000004
2025-03-23,12.05,2025-03-20,10.629166666666666,5.949999999999999,1.4208333333333343,1.4208333333333343
2025-03-24,11.575,2025-03-21,11.044791666666667,6.425000000000001,0.5302083333333325,0.5302083333333325
2025-03-25,10.325,2025-03-22,10.5375,7.675000000000001,-0.21250000000000036,0.21250000000000036
2025-03-26,9.975,2025-03-23,10.280208333333334,8.025,-0.30520833333333464,0.30520833333333464
2025-03-27,10.3,2025-03-24,11.233333333333333,7.699999999999999,-0.9333333333333318,0.9333333333333318
2025-03-28,10.3,2025-03-25,11.040625,7.699999999999999,-0.7406249999999996,0.7406249999999996
2025-03-29,9.775,2025-03-26,8.553125,8.225,1.2218750000000007,1.2218750000000007
2025-03-30,10.25,2025-03-27,8.186458333333334,7.75,2.0635416666666657,2.0635416666666657
2025-03-31,9.6,2025-03-28,9.173958333333335,8.4,0.42604166666666465,0.42604166666666465
2025-04-01,9.575,2025-03-29,9.682291666666666,8.425,-0.10729166666666679,0.10729166666666679
2025-04-02,12.0,2025-03-30,11.06875,6.0,0.9312500000000004,0.9312500000000004
2025-04-03,14.725,2025-03-31,13.735416666666667,3.2750000000000004,0.9895833333333321,0.9895833333333321
2025-04-04,15.899999999999999,2025-04-01,14.798958333333333,2.1000000000000014,1.1010416666666654,1.1010416666666654
2025-04-05,14.1,2025-04-02,13.153125000000001,3.9000000000000004,0.9468749999999986,0.9468749999999986
2025-04-06,9.8,2025-04-03,9.2875,8.2,0.5125000000000011,0.5125000000000011
2025-04-07,9.375,2025-04-04,8.8625,8.625,0.5124999999999993,0.5124999999999993
2025-04-08,11.025,2025-04-05,10.577083333333334,6.975,0.4479166666666661,0.4479166666666661
2025-04-09,11.2,2025-04-06,10.861458333333333,6.800000000000001,0.3385416666666661,0.3385416666666661
2025-04-10,10.075,2025-04-07,11.613541666666666,7.925000000000001,-1.5385416666666671,1.5385416666666671
2025-04-11,12.7,2025-04-08,13.245833333333334,5.300000000000001,-0.5458333333333343,0.5458333333333343
2025-04-12,15.799999999999999,2025-04-09,15.252083333333333,2.200000000000001,0.5479166666666657,0.5479166666666657
2025-04-13,14.175,2025-04-10,14.526041666666666,3.8249999999999993,-0.35104166666666536,0.35104166666666536
2025-04-14,14.325,2025-04-11,14.108333333333334,3.6750000000000007,0.216666666666665,0.216666666666665
2025-04-15,14.675,2025-04-12,13.352083333333333,3.3249999999999993,1.3229166666666679,1.3229166666666679
2025-04-16,11.875,2025-04-13,11.438541666666666,6.125,0.4364583333333343,0.4364583333333343
2025-04-17,11.0,2025-04-14,10.951041666666667,7.0,0.048958333333333215,0.048958333333333215
2025-04-18,10.8,2025-04-15,9.679166666666667,7.199999999999999,1.1208333333333336,1.1208333333333336
2025-04-19,11.975,2025-04-16,10.920833333333334,6.025,1.0541666666666654,1.0541666666666654
2025-04-20,12.2,2025-04-17,12.354166666666668,5.800000000000001,-0.15416666666666856,0.15416666666666856
2025-04-21,11.7,2025-04-18,12.464583333333334,6.300000000000001,-0.7645833333333343,0.7645833333333343
2025-04-22,12.9,2025-04-19,12.096875,5.1,0.8031249999999996,0.8031249999999996
2025-04-23,12.05,2025-04-20,11.863541666666666,5.949999999999999,0.18645833333333428,0.18645833333333428
2025-04-24,10.85,2025-04-21,11.230208333333334,7.15,-0.3802083333333339,0.3802083333333339
2025-04-25,11.8,2025-04-22,12.297916666666666,6.199999999999999,-0.497916666666665,0.497916666666665
2025-04-26,13.5,2025-04-23,13.086458333333335,4.5,0.41354166666666536,0.41354166666666536
2025-04-27,15.075,2025-04-24,14.142708333333331,2.9250000000000007,0.9322916666666679,0.9322916666666679
2025-04-28,16.225,2025-04-25,15.220833333333333,1.7749999999999986,1.0041666666666682,1.0041666666666682
2025-04-29,17.25,2025-04-26,16.54375,0.75,0.7062500000000007,0.7062500000000007
2025-04-30,19.0,2025-04-27,17.988541666666666,0.0,1.0114583333333336,1.0114583333333336
2025-05-01,21.2,2025-04-28,19.990624999999998,0.0,1.2093750000000014,1.2093750000000014
2025-05-02,20.875,2025-04-29,19.978125,0.0,0.8968750000000014,0.8968750000000014
2025-05-03,16.05,2025-04-30,16.184375,1.9499999999999993,-0.13437499999999858,0.13437499999999858
2025-05-04,11.1,2025-05-01,10.490625,6.9,0.609375,0.609375
2025-05-05,10.275,2025-05-02,10.333333333333334,7.725,-0.05833333333333357,0.05833333333333357
2025-05-06,10.875,2025-05-03,11.163541666666667,7.125,-0.28854166666666714,0.28854166666666714
2025-05-07,11.675,2025-05-04,11.464583333333334,6.324999999999999,0.21041666666666714,0.21041666666666714
2025-05-08,12.925,2025-05-05,12.8375,5.074999999999999,0.08750000000000036,0.08750000000000036
2025-05-09,13.775,2025-05-06,13.4875,4.225,0.28749999999999964,0.28749999999999964
2025-05-10,15.5,2025-05-07,15.014583333333334,2.5,0.4854166666666657,0.4854166666666657
2025-05-11,17.625,2025-05-08,16.971874999999997,0.375,0.6531250000000028,0.6531250000000028
2025-05-12,17.025,2025-05-09,15.275,0.9750000000000014,1.7499999999999982,1.7499999999999982
2025-05-13,16.75,2025-05-10,15.958333333333334,1.25,0.7916666666666661,0.7916666666666661
2025-05-14,16.7,2025-05-11,16.075,1.3000000000000007,0.625,0.625
2025-05-15,13.675,2025-05-12,14.032291666666666,4.324999999999999,-0.357291666666665,0.357291666666665
2025-05-16,13.375,2025-05-13,13.660416666666666,4.625,-0.28541666666666643,0.28541666666666643
2025-05-17,13.45,2025-05-14,14.159375,4.550000000000001,-0.7093750000000014,0.7093750000000014
2025-05-18,13.875,2025-05-15,14.735416666666666,4.125,-0.8604166666666657,0.8604166666666657
2025-05-19,15.65,2025-05-16,15.704166666666666,2.3499999999999996,-0.054166666666665364,0.054166666666665364
2025-05-20,16.7,2025-05-17,16.40625,1.3000000000000007,0.2937499999999993,0.2937499999999993
2025-05-21,14.225,2025-05-18,14.247916666666667,3.7750000000000004,-0.02291666666666714,0.02291666666666714
2025-05-22,12.325,2025-05-19,12.7,5.675000000000001,-0.375,0.375
2025-05-23,11.65,2025-05-20,12.013541666666667,6.35,-0.36354166666666643,0.36354166666666643
2025-05-24,13.125,2025-05-21,13.491666666666667,4.875,-0.36666666666666714,0.36666666666666714
2025-05-25,15.275,2025-05-22,14.9375,2.7249999999999996,0.33750000000000036,0.33750000000000036
2025-05-26,14.925,2025-05-23,14.808333333333334,3.0749999999999993,0.11666666666666714,0.11666666666666714
2025-05-27,15.0,2025-05-24,15.403125,3.0,-0.4031249999999993,0.4031249999999993
2025-05-28,15.149999999999999,2025-05-25,15.107291666666667,2.8500000000000014,0.042708333333331794,0.042708333333331794
2025-05-29,15.825,2025-05-26,14.996875,2.1750000000000007,0.828125,0.828125
2025-05-30,20.375,2025-05-27,20.132291666666667,0.0,0.24270833333333286,0.24270833333333286
2025-05-31,20.65,2025-05-28,20.09375,0.0,0.5562499999999986,0.5562499999999986
2025-06-01,18.15,2025-05-29,17.967708333333334,0.0,0.1822916666666643,0.1822916666666643
2025-06-02,16.625,2025-05-30,16.33020833333333,1.375,0.29479166666666856,0.29479166666666856
2025-06-03,18.200000000000003,2025-05-31,17.708333333333332,0.0,0.4916666666666707,0.4916666666666707
2025-06-04,15.975,2025-06-01,15.695833333333333,2.0250000000000004,0.2791666666666668,0.2791666666666668
2025-06-05,15.625,2025-06-02,14.177083333333334,2.375,1.447916666666666,1.447916666666666
2025-06-06,16.075,2025-06-03,15.80625,1.9250000000000007,0.26874999999999893,0.26874999999999893
2025-06-07,14.850000000000001,2025-06-04,15.863541666666666,3.1499999999999986,-1.013541666666665,1.013541666666665
2025-06-08,14.2,2025-06-05,13.869791666666668,3.8000000000000007,0.33020833333333144,0.33020833333333144
2025-06-09,15.649999999999999,2025-06-06,15.131250000000001,2.3500000000000014,0.5187499999999972,0.5187499999999972
2025-06-10,16.825000000000003,2025-06-07,17.498958333333334,1.1749999999999972,-0.6739583333333314,0.6739583333333314
2025-06-11,17.625,2025-06-08,19.061458333333334,0.375,-1.4364583333333343,1.4364583333333343
2025-06-12,21.775,2025-06-09,21.4375,0.0,0.3374999999999986,0.3374999999999986
2025-06-13,25.55,2025-06-10,25.172916666666666,0.0,0.377083333333335,0.377083333333335
2025-06-14,23.05,2025-06-11,23.521875,0.0,-0.4718750000000007,0.4718750000000007
2025-06-15,19.25,2025-06-12,19.477083333333333,0.0,-0.22708333333333286,0.22708333333333286
2025-06-16,19.35,2025-06-13,18.909375,0.0,0.4406250000000007,0.4406250000000007
2025-06-17,21.174999999999997,2025-06-14,20.702083333333334,0.0,0.4729166666666629,0.4729166666666629
2025-06-18,21.85,2025-06-15,21.726041666666667,0.0,0.12395833333333428,0.12395833333333428
2025-06-19,21.7,2025-06-16,20.688541666666666,0.0,1.0114583333333336,1.0114583333333336
2025-06-20,21.6,2025-06-17,20.896875,0.0,0.703125,0.703125
2025-06-21,24.95,2025-06-18,24.020833333333332,0.0,0.9291666666666671,0.9291666666666671
2025-06-22,24.525000000000002,2025-06-19,24.498958333333334,0.0,0.02604166666666785,0.02604166666666785
2025-06-23,20.2,2025-06-20,19.690625,0.0,0.5093749999999986,0.5093749999999986
2025-06-24,20.575,2025-06-21,20.283333333333335,0.0,0.2916666666666643,0.2916666666666643
2025-06-25,24.525,2025-06-22,24.110416666666666,0.0,0.41458333333333286,0.41458333333333286
2025-06-26,21.575,2025-06-23,20.13125,0.0,1.4437499999999979,1.4437499999999979
2025-06-27,20.025,2025-06-24,21.65625,0.0,-1.6312500000000014,1.6312500000000014
2025-06-28,23.925,2025-06-25,24.534375,0.0,-0.609375,0.609375
2025-06-29,24.575,2025-06-26,26.071875,0.0,-1.4968749999999993,1.4968749999999993
2025-06-30,26.125,2025-06-27,27.208333333333332,0.0,-1.0833333333333321,1.0833333333333321
2025-07-01,29.95,2025-06-28,27.790625,0.0,2.1593750000000007,2.1593750000000007
2025-07-02,26.7,2025-06-29,26.523958333333333,0.0,0.17604166666666643,0.17604166666666643
2025-07-03,20.075,2025-06-30,21.11145833333333,0.0,-1.0364583333333321,1.0364583333333321
2025-07-04,21.0,2025-07-01,21.14479166666667,0.0,-0.14479166666666998,0.14479166666666998
2025-07-05,21.15,2025-07-02,21.26875,0.0,-0.11875000000000213,0.11875000000000213
2025-07-06,17.325,2025-07-03,19.01770833333333,0.6750000000000007,-1.6927083333333321,1.6927083333333321
2025-07-07,15.8,2025-07-04,16.07604166666667,2.1999999999999993,-0.27604166666666785,0.27604166666666785
2025-07-08,16.1,2025-07-05,16.597916666666666,1.8999999999999986,-0.497916666666665,0.497916666666665
2025-07-09,18.625,2025-07-06,18.323958333333334,0.0,0.30104166666666643,0.30104166666666643
2025-07-10,20.925,2025-07-07,20.336458333333333,0.0,0.5885416666666679,0.5885416666666679
2025-07-11,21.175,2025-07-08,21.436458333333334,0.0,-0.26145833333333357,0.26145833333333357
2025-07-12,21.675,2025-07-09,22.165625,0.0,-0.49062499999999787,0.49062499999999787
2025-07-13,22.2,2025-07-10,22.248958333333334,0.0,-0.04895833333333499,0.04895833333333499
2025-07-14,21.3,2025-07-11,22.65625,0.0,-1.3562499999999993,1.3562499999999993
2025-07-15,20.175,2025-07-12,21.021875,0.0,-0.8468750000000007,0.8468750000000007
2025-07-16,18.299999999999997,2025-07-13,18.9875,0.0,-0.6875000000000036,0.6875000000000036
2025-07-17,20.35,2025-07-14,20.234375,0.0,0.11562500000000142,0.11562500000000142
2025-07-18,23.375,2025-07-15,23.461458333333333,0.0,-0.08645833333333286,0.08645833333333286
2025-07-19,23.875,2025-07-16,23.541666666666668,0.0,0.33333333333333215,0.33333333333333215
2025-07-20,20.675,2025-07-17,20.163541666666667,0.0,0.5114583333333336,0.5114583333333336
2025-07-21,18.975,2025-07-18,18.54375,0.0,0.43125000000000213,0.43125000000000213
2025-07-22,18.775,2025-07-19,19.157291666666666,0.0,-0.38229166666666714,0.38229166666666714
2025-07-23,19.2,2025-07-20,19.0125,0.0,0.1875,0.1875
2025-07-24,19.65,2025-07-21,18.385416666666664,0.0,1.2645833333333343,1.2645833333333343
2025-07-25,20.724999999999998,2025-07-22,20.019791666666666,0.0,0.7052083333333314,0.7052083333333314
2025-07-26,21.325,2025-07-23,21.230208333333334,0.0,0.09479166666666572,0.09479166666666572
2025-07-27,18.775,2025-07-24,19.126041666666666,0.0,-0.35104166666666714,0.35104166666666714
2025-07-28,18.125,2025-07-25,18.571875,0.0,-0.4468749999999986,0.4468749999999986
2025-07-29,18.625,2025-07-26,18.552083333333332,0.0,0.07291666666666785,0.07291666666666785
2025-07-30,18.625,2025-07-27,18.398958333333333,0.0,0.22604166666666714,0.22604166666666714
2025-07-31,19.025,2025-07-28,19.160416666666666,0.0,-0.13541666666666785,0.13541666666666785
2025-08-01,18.175,2025-07-29,18.119791666666664,0.0,0.05520833333333641,0.05520833333333641
2025-08-02,17.5,2025-07-30,17.177083333333332,0.5,0.32291666666666785,0.32291666666666785
2025-08-03,18.725,2025-07-31,18.619791666666668,0.0,0.10520833333333357,0.10520833333333357
2025-08-04,20.674999999999997,2025-08-01,21.279166666666665,0.0,-0.6041666666666679,0.6041666666666679
2025-08-05,18.9,2025-08-02,18.696875,0.0,0.203125,0.203125
2025-08-06,18.75,2025-08-03,18.81875,0.0,-0.06875000000000142,0.06875000000000142
2025-08-07,21.225,2025-08-04,21.757291666666664,0.0,-0.5322916666666622,0.5322916666666622
2025-08-08,21.95,2025-08-05,23.68958333333333,0.0,-1.7395833333333321,1.7395833333333321
2025-08-09,21.7,2025-08-06,23.179166666666667,0.0,-1.4791666666666679,1.4791666666666679
2025-08-10,21.225,2025-08-07,21.735416666666666,0.0,-0.5104166666666643,0.5104166666666643
2025-08-11,23.225,2025-08-08,22.992708333333333,0.0,0.23229166666666856,0.23229166666666856
2025-08-12,25.95,2025-08-09,26.198958333333334,0.0,-0.24895833333333428,0.24895833333333428
2025-08-13,27.3,2025-08-10,28.242708333333333,0.0,-0.9427083333333321,0.9427083333333321
2025-08-14,27.2,2025-08-11,28.665625,0.0,-1.4656249999999993,1.4656249999999993
2025-08-15,24.875,2025-08-12,26.32604166666667,0.0,-1.4510416666666686,1.4510416666666686
2025-08-16,21.1,2025-08-13,22.78125,0.0,-1.6812499999999986,1.6812499999999986
2025-08-17,19.325,2025-08-14,20.05625,0.0,-0.7312499999999993,0.7312499999999993
2025-08-18,21.4,2025-08-15,21.733333333333334,0.0,-0.3333333333333357,0.3333333333333357
2025-08-19,22.15,2025-08-16,23.11145833333333,0.0,-0.9614583333333329,0.9614583333333329
2025-08-20,20.05,2025-08-17,20.460416666666667,0.0,-0.41041666666666643,0.41041666666666643
2025-08-21,19.4,2025-08-18,18.730208333333334,0.0,0.669791666666665,0.669791666666665
2025-08-22,16.975,2025-08-19,17.011458333333334,1.0249999999999986,-0.03645833333333215,0.03645833333333215
2025-08-23,16.875,2025-08-20,17.55625,1.125,-0.6812499999999986,0.6812499999999986
2025-08-24,18.0,2025-08-21,18.120833333333334,0.0,-0.12083333333333357,0.12083333333333357
2025-08-25,19.475,2025-08-22,20.151041666666664,0.0,-0.6760416666666629,0.6760416666666629
2025-08-26,22.15,2025-08-23,22.870833333333334,0.0,-0.720833333333335,0.720833333333335
2025-08-27,21.975,2025-08-24,22.241666666666667,0.0,-0.2666666666666657,0.2666666666666657
2025-08-28,19.475,2025-08-25,19.811458333333334,0.0,-0.33645833333333286,0.33645833333333286
2025-08-29,17.85,2025-08-26,17.809375,0.14999999999999858,0.04062500000000213,0.04062500000000213
2025-08-30,18.65,2025-08-27,18.84583333333333,0.0,-0.19583333333333286,0.19583333333333286
2025-08-31,19.75,2025-08-28,19.188541666666666,0.0,0.5614583333333343,0.5614583333333343
2025-09-01,19.075,2025-08-29,18.672916666666666,0.0,0.40208333333333357,0.40208333333333357
2025-09-02,17.675,2025-08-30,18.308333333333334,0.3249999999999993,-0.6333333333333329,0.6333333333333329
2025-09-03,19.675,2025-08-31,19.06875,0.0,0.6062499999999993,0.6062499999999993
2025-09-04,18.9,2025-09-01,17.873958333333334,0.0,1.0260416666666643,1.0260416666666643
2025-09-05,17.8,2025-09-02,18.113541666666666,0.1999999999999993,-0.3135416666666657,0.3135416666666657
2025-09-06,19.075,2025-09-03,19.711458333333333,0.0,-0.6364583333333336,0.6364583333333336
2025-09-07,22.125,2025-09-04,22.011458333333334,0.0,0.11354166666666643,0.11354166666666643
2025-09-08,19.475,2025-09-05,20.022916666666667,0.0,-0.5479166666666657,0.5479166666666657
2025-09-09,16.700000000000003,2025-09-06,16.911458333333332,1.2999999999999972,-0.2114583333333293,0.2114583333333293
2025-09-10,16.925,2025-09-07,17.327083333333334,1.0749999999999993,-0.40208333333333357,0.40208333333333357
2025-09-11,16.75,2025-09-08,16.816666666666666,1.25,-0.06666666666666643,0.06666666666666643
2025-09-12,15.725,2025-09-09,15.532291666666666,2.2750000000000004,0.19270833333333393,0.19270833333333393
2025-09-13,15.149999999999999,2025-09-10,15.087499999999999,2.8500000000000014,0.0625,0.0625
2025-09-14,16.125,2025-09-11,15.709375000000001,1.875,0.4156249999999986,0.4156249999999986
2025-09-15,18.2,2025-09-12,18.166666666666664,0.0,0.03333333333333499,0.03333333333333499
2025-09-16,15.725000000000001,2025-09-13,15.814583333333331,2.2749999999999986,-0.08958333333333002,0.08958333333333002
2025-09-17,16.325,2025-09-14,16.663541666666667,1.6750000000000007,-0.33854166666666785,0.33854166666666785
2025-09-18,19.45,2025-09-15,20.09375,0.0,-0.6437500000000007,0.6437500000000007
2025-09-19,21.825,2025-09-16,22.255208333333336,0.0,-0.4302083333333364,0.4302083333333364
2025-09-20,21.15,2025-09-17,21.7375,0.0,-0.5875000000000021,0.5875000000000021
2025-09-21,15.5,2025-09-18,16.349999999999998,2.5,-0.8499999999999979,0.8499999999999979
2025-09-22,13.1,2025-09-19,12.888541666666667,4.9,0.21145833333333286,0.21145833333333286
2025-09-23,13.2,2025-09-20,12.911458333333334,4.800000000000001,0.28854166666666536,0.28854166666666536
2025-09-24,12.174999999999999,2025-09-21,13.104166666666666,5.825000000000001,-0.9291666666666671,0.9291666666666671
2025-09-25,11.0,2025-09-22,11.365625000000001,7.0,-0.3656250000000014,0.3656250000000014
2025-09-26,12.325,2025-09-23,12.661458333333332,5.675000000000001,-0.33645833333333286,0.33645833333333286
2025-09-27,13.675,2025-09-24,13.45625,4.324999999999999,0.21875,0.21875
2025-09-28,14.875,2025-09-25,14.372916666666667,3.125,0.5020833333333332,0.5020833333333332
2025-09-29,15.1,2025-09-26,16.063541666666666,2.9000000000000004,-0.9635416666666661,0.9635416666666661
2025-09-30,14.7,2025-09-27,15.207291666666666,3.3000000000000007,-0.5072916666666671,0.5072916666666671
2025-10-01,13.7,2025-09-28,12.989583333333334,4.300000000000001,0.7104166666666654,0.7104166666666654
2025-10-02,13.3,2025-09-29,12.60625,4.699999999999999,0.6937500000000014,0.6937500000000014
2025-10-03,12.75,2025-09-30,11.777083333333334,5.25,0.9729166666666664,0.9729166666666664
2025-10-04,13.75,2025-10-01,13.402083333333334,4.25,0.34791666666666643,0.34791666666666643
2025-10-05,12.8,2025-10-02,12.933333333333334,5.199999999999999,-0.13333333333333286,0.13333333333333286
2025-10-06,13.25,2025-10-03,13.691666666666666,4.75,-0.44166666666666643,0.44166666666666643
2025-10-07,14.9,2025-10-04,14.799999999999999,3.0999999999999996,0.10000000000000142,0.10000000000000142
2025-10-08,14.8,2025-10-05,15.11875,3.1999999999999993,-0.31874999999999964,0.31874999999999964
2025-10-09,14.45,2025-10-06,14.511458333333334,3.5500000000000007,-0.06145833333333428,0.06145833333333428
2025-10-10,14.35,2025-10-07,14.616666666666667,3.6500000000000004,-0.2666666666666675,0.2666666666666675
2025-10-11,14.125,2025-10-08,14.520833333333334,3.875,-0.3958333333333339,0.3958333333333339
2025-10-12,14.2,2025-10-09,14.454166666666666,3.8000000000000007,-0.25416666666666643,0.25416666666666643
2025-10-13,14.3,2025-10-10,15.04375,3.6999999999999993,-0.7437499999999986,0.7437499999999986
2025-10-14,13.600000000000001,2025-10-11,14.313541666666667,4.399999999999999,-0.7135416666666661,0.7135416666666661
2025-10-15,13.8,2025-10-12,13.31875,4.199999999999999,0.48125000000000107,0.48125000000000107
2025-10-16,13.125,2025-10-13,12.567708333333334,4.875,0.5572916666666661,0.5572916666666661
2025-10-17,12.825,2025-10-14,12.897916666666667,5.175000000000001,-0.07291666666666785,0.07291666666666785
2025-10-18,11.925,2025-10-15,11.577083333333334,6.074999999999999,0.34791666666666643,0.34791666666666643
2025-10-19,12.425,2025-10-16,11.895833333333332,5.574999999999999,0.5291666666666686,0.5291666666666686
2025-10-20,14.225,2025-10-17,13.929166666666667,3.7750000000000004,0.2958333333333325,0.2958333333333325
2025-10-21,14.149999999999999,2025-10-18,13.614583333333334,3.8500000000000014,0.5354166666666647,0.5354166666666647
2025-10-22,13.4,2025-10-19,13.326041666666667,4.6,0.07395833333333357,0.07395833333333357
2025-10-23,12.5,2025-10-20,11.702083333333334,5.5,0.7979166666666657,0.7979166666666657
2025-10-24,10.1,2025-10-21,9.771875000000001,7.9,0.3281249999999982,0.3281249999999982
2025-10-25,10.375,2025-10-22,9.873958333333334,7.625,0.5010416666666657,0.5010416666666657
2025-10-26,9.0,2025-10-23,8.421875,9.0,0.578125,0.578125
2025-10-27,10.425,2025-10-24,10.010416666666666,7.574999999999999,0.41458333333333464,0.41458333333333464
2025-10-28,12.024999999999999,2025-10-25,10.471875,5.975000000000001,1.5531249999999979,1.5531249999999979
2025-10-29,12.3,2025-10-26,11.478125,5.699999999999999,0.8218750000000004,0.8218750000000004
2025-10-30,11.15,2025-10-27,11.714583333333334,6.85,-0.5645833333333332,0.5645833333333332
2025-10-31,12.05,2025-10-28,13.358333333333333,5.949999999999999,-1.3083333333333318,1.3083333333333318
2025-11-01,12.7,2025-10-29,13.845833333333333,5.300000000000001,-1.145833333333334,1.145833333333334
2025-11-02,11.125,2025-10-30,11.20625,6.875,-0.08125000000000071,0.08125000000000071
2025-11-03,11.125,2025-10-31,10.597916666666666,6.875,0.5270833333333336,0.5270833333333336
2025-11-04,13.3,2025-11-01,12.664583333333333,4.699999999999999,0.6354166666666679,0.6354166666666679
2025-11-05,13.625,2025-11-02,13.436458333333333,4.375,0.1885416666666675,0.1885416666666675
2025-11-06,11.925,2025-11-03,12.151041666666668,6.074999999999999,-0.22604166666666714,0.22604166666666714
2025-11-07,11.375,2025-11-04,11.460416666666667,6.625,-0.08541666666666714,0.08541666666666714
2025-11-08,10.45,2025-11-05,11.201041666666667,7.550000000000001,-0.7510416666666675,0.7510416666666675
2025-11-09,10.25,2025-11-06,10.754166666666666,7.75,-0.5041666666666664,0.5041666666666664
2025-11-10,9.55,2025-11-07,10.172916666666666,8.45,-0.622916666666665,0.622916666666665
2025-11-11,10.75,2025-11-08,10.834375,7.25,-0.08437499999999964,0.08437499999999964
2025-11-12,12.274999999999999,2025-11-09,12.452083333333334,5.725000000000001,-0.1770833333333357,0.1770833333333357
2025-11-13,13.775,2025-11-10,13.621875,4.225,0.15312500000000107,0.15312500000000107
2025-11-14,13.7,2025-11-11,12.439583333333333,4.300000000000001,1.260416666666666,1.260416666666666
2025-11-15,11.775,2025-11-12,9.554166666666667,6.225,2.220833333333333,2.220833333333333
2025-11-16,9.600000000000001,2025-11-13,9.778125,8.399999999999999,-0.17812499999999787,0.17812499999999787
2025-11-17,7.0,2025-11-14,6.961458333333333,11.0,0.03854166666666714,0.03854166666666714
2025-11-18,5.425,2025-11-15,5.716666666666667,12.575,-0.29166666666666696,0.29166666666666696
2025-11-19,5.375,2025-11-16,4.378125000000001,12.625,0.9968749999999993,0.9968749999999993
2025-11-20,3.675,2025-11-17,3.7125,14.325,-0.03750000000000009,0.03750000000000009
2025-11-21,2.4,2025-11-18,3.298958333333333,15.6,-0.8989583333333333,0.8989583333333333
2025-11-22,1.775,2025-11-19,1.9947916666666667,16.225,-0.21979166666666683,0.21979166666666683
2025-11-23,2.375,2025-11-20,3.4354166666666663,15.625,-1.0604166666666663,1.0604166666666663
2025-11-24,5.65,2025-11-21,5.520833333333333,12.35,0.12916666666666732,0.12916666666666732
2025-11-25,5.675,2025-11-22,5.755208333333333,12.325,-0.08020833333333321,0.08020833333333321
2025-11-26,4.875,2025-11-23,4.95,13.125,-0.07500000000000018,0.07500000000000018
2025-11-27,5.3,2025-11-24,4.076041666666667,12.7,1.223958333333333,1.223958333333333
2025-11-28,8.125,2025-11-25,6.117708333333333,9.875,2.007291666666667,2.007291666666667
2025-11-29,8.75,2025-11-26,7.397916666666666,9.25,1.3520833333333337,1.3520833333333337
2025-11-30,7.199999999999999,2025-11-27,6.9937499999999995,10.8,0.20624999999999982,0.20624999999999982
2025-12-01,5.6499999999999995,2025-11-28,5.016666666666667,12.350000000000001,0.6333333333333329,0.6333333333333329
2025-12-02,6.775,2025-11-29,5.340624999999999,11.225,1.434375000000001,1.434375000000001
2025-12-03,6.0,2025-11-30,6.192708333333333,12.0,-0.19270833333333304,0.19270833333333304
2025-12-04,5.4750000000000005,2025-12-01,5.671875,12.524999999999999,-0.19687499999999947,0.19687499999999947
2025-12-05,4.85,2025-12-02,5.185416666666667,13.15,-0.33541666666666714,0.33541666666666714
2025-12-06,8.05,2025-12-03,7.968750000000001,9.95,0.08124999999999982,0.08124999999999982
2025-12-07,10.9,2025-12-04,10.423958333333333,7.1,0.47604166666666714,0.47604166666666714
2025-12-08,13.025,2025-12-05,12.35625,4.975,0.6687500000000011,0.6687500000000011
2025-12-09,11.9,2025-12-06,11.813541666666667,6.1,0.08645833333333286,0.08645833333333286
2025-12-10,11.25,2025-12-07,11.116666666666667,6.75,0.13333333333333286,0.13333333333333286
2025-12-11,8.525,2025-12-08,8.931249999999999,9.475,-0.4062499999999982,0.4062499999999982
2025-12-12,8.375,2025-12-09,8.171875,9.625,0.203125,0.203125
2025-12-13,7.65,2025-12-10,8.307291666666668,10.35,-0.6572916666666675,0.6572916666666675
2025-12-14,6.9,2025-12-11,7.091666666666667,11.1,-0.19166666666666643,0.19166666666666643
2025-12-15,7.0,2025-12-12,7.305208333333333,11.0,-0.30520833333333286,0.30520833333333286
2025-12-16,8.325,2025-12-13,8.664583333333333,9.675,-0.33958333333333357,0.33958333333333357
2025-12-17,7.575,2025-12-14,7.879166666666666,10.425,-0.30416666666666625,0.30416666666666625
2025-12-18,9.525,2025-12-15,9.493749999999999,8.475,0.031250000000001776,0.031250000000001776
2025-12-19,9.7,2025-12-16,8.727083333333333,8.3,0.9729166666666664,0.9729166666666664
2025-12-20,7.675,2025-12-17,7.341666666666667,10.325,0.33333333333333304,0.33333333333333304
2025-12-21,8.85,2025-12-18,8.363541666666666,9.15,0.4864583333333332,0.4864583333333332
2025-12-22,6.574999999999999,2025-12-19,6.758333333333333,11.425,-0.18333333333333357,0.18333333333333357
2025-12-23,4.6,2025-12-20,4.539583333333334,13.4,0.0604166666666659,0.0604166666666659
2025-12-24,1.875,2025-12-21,1.5875,16.125,0.2875000000000001,0.2875000000000001
2025-12-25,-0.10000000000000003,2025-12-22,0.5760416666666667,18.1,-0.6760416666666667,0.6760416666666667
2025-12-26,0.45,2025-12-23,0.8854166666666666,17.55,-0.4354166666666666,0.4354166666666666
2025-12-27,2.425,2025-12-24,2.9541666666666666,15.575,-0.5291666666666668,0.5291666666666668
2025-12-28,2.375,2025-12-25,2.3072916666666665,15.625,0.06770833333333348,0.06770833333333348
2025-12-29,2.7,2025-12-26,2.3052083333333333,15.3,0.3947916666666669,0.3947916666666669
2025-12-30,3.65,2025-12-27,2.7895833333333333,14.35,0.8604166666666666,0.8604166666666666
2025-12-31,2.675,2025-12-28,1.784375,15.325,0.8906249999999998,0.8906249999999998
